run,dataset,metric,setting_id,param,value,level,cell,n,agreement,high_share_default,high_share
synthetic_shortcut,synthetic,margin_drop,default,default,,cell,r0/c0,200,1.0,1.0,1.0
synthetic_shortcut,synthetic,margin_drop,default,default,,cell,r0/c1,200,1.0,0.025,0.025
synthetic_shortcut,synthetic,margin_drop,default,default,,cell,r0/c2,200,1.0,0.035,0.035
synthetic_shortcut,synthetic,margin_drop,default,default,,cell,r0/c3,200,1.0,0.0,0.0
synthetic_shortcut,synthetic,margin_drop,default,default,,cell,r1/c0,200,1.0,0.005,0.005
synthetic_shortcut,synthetic,margin_drop,default,default,,cell,r1/c1,200,1.0,0.0,0.0
synthetic_shortcut,synthetic,margin_drop,default,default,,cell,r1/c2,200,1.0,0.055,0.055
synthetic_shortcut,synthetic,margin_drop,default,default,,cell,r1/c3,200,1.0,0.0,0.0
synthetic_shortcut,synthetic,margin_drop,default,default,,cell,r2/c0,200,1.0,0.025,0.025
synthetic_shortcut,synthetic,margin_drop,default,default,,cell,r2/c1,200,1.0,0.0,0.0
synthetic_shortcut,synthetic,margin_drop,default,default,,cell,r2/c2,200,1.0,0.0,0.0
synthetic_shortcut,synthetic,margin_drop,default,default,,cell,r2/c3,200,1.0,0.0,0.0
synthetic_shortcut,synthetic,margin_drop,default,default,,cell,r3/c0,200,1.0,0.05,0.05
synthetic_shortcut,synthetic,margin_drop,default,default,,cell,r3/c1,200,1.0,0.0,0.0
synthetic_shortcut,synthetic,margin_drop,default,default,,cell,r3/c2,200,1.0,0.0,0.0
synthetic_shortcut,synthetic,margin_drop,default,default,,cell,r3/c3,200,1.0,0.105,0.105
synthetic_shortcut,synthetic,margin_drop,default,default,,cell_type,center,800,1.0,0.01375,0.01375
synthetic_shortcut,synthetic,margin_drop,default,default,,cell_type,corner,800,1.0,0.28875,0.28875
synthetic_shortcut,synthetic,margin_drop,default,default,,cell_type,edge,1600,1.0,0.01125,0.01125
synthetic_shortcut,synthetic,margin_drop,oat:z_threshold=1.0,z_threshold,1.0,cell,r0/c0,200,1.0,1.0,1.0
synthetic_shortcut,synthetic,margin_drop,oat:z_threshold=1.0,z_threshold,1.0,cell,r0/c1,200,0.99,0.025,0.035
synthetic_shortcut,synthetic,margin_drop,oat:z_threshold=1.0,z_threshold,1.0,cell,r0/c2,200,0.985,0.035,0.05
synthetic_shortcut,synthetic,margin_drop,oat:z_threshold=1.0,z_threshold,1.0,cell,r0/c3,200,1.0,0.0,0.0
synthetic_shortcut,synthetic,margin_drop,oat:z_threshold=1.0,z_threshold,1.0,cell,r1/c0,200,1.0,0.005,0.005
synthetic_shortcut,synthetic,margin_drop,oat:z_threshold=1.0,z_threshold,1.0,cell,r1/c1,200,1.0,0.0,0.0
synthetic_shortcut,synthetic,margin_drop,oat:z_threshold=1.0,z_threshold,1.0,cell,r1/c2,200,0.975,0.055,0.08
synthetic_shortcut,synthetic,margin_drop,oat:z_threshold=1.0,z_threshold,1.0,cell,r1/c3,200,1.0,0.0,0.0
synthetic_shortcut,synthetic,margin_drop,oat:z_threshold=1.0,z_threshold,1.0,cell,r2/c0,200,0.97,0.025,0.055
synthetic_shortcut,synthetic,margin_drop,oat:z_threshold=1.0,z_threshold,1.0,cell,r2/c1,200,1.0,0.0,0.0
synthetic_shortcut,synthetic,margin_drop,oat:z_threshold=1.0,z_threshold,1.0,cell,r2/c2,200,1.0,0.0,0.0
synthetic_shortcut,synthetic,margin_drop,oat:z_threshold=1.0,z_threshold,1.0,cell,r2/c3,200,1.0,0.0,0.0
synthetic_shortcut,synthetic,margin_drop,oat:z_threshold=1.0,z_threshold,1.0,cell,r3/c0,200,0.925,0.05,0.125
synthetic_shortcut,synthetic,margin_drop,oat:z_threshold=1.0,z_threshold,1.0,cell,r3/c1,200,1.0,0.0,0.0
synthetic_shortcut,synthetic,margin_drop,oat:z_threshold=1.0,z_threshold,1.0,cell,r3/c2,200,1.0,0.0,0.0
synthetic_shortcut,synthetic,margin_drop,oat:z_threshold=1.0,z_threshold,1.0,cell,r3/c3,200,0.865,0.105,0.24
synthetic_shortcut,synthetic,margin_drop,oat:z_threshold=1.0,z_threshold,1.0,cell_type,center,800,0.99375,0.01375,0.02
synthetic_shortcut,synthetic,margin_drop,oat:z_threshold=1.0,z_threshold,1.0,cell_type,corner,800,0.9475,0.28875,0.34125
synthetic_shortcut,synthetic,margin_drop,oat:z_threshold=1.0,z_threshold,1.0,cell_type,edge,1600,0.993125,0.01125,0.018125
synthetic_shortcut,synthetic,margin_drop,oat:z_threshold=1.5,z_threshold,1.5,cell,r0/c0,200,1.0,1.0,1.0
synthetic_shortcut,synthetic,margin_drop,oat:z_threshold=1.5,z_threshold,1.5,cell,r0/c1,200,1.0,0.025,0.025
synthetic_shortcut,synthetic,margin_drop,oat:z_threshold=1.5,z_threshold,1.5,cell,r0/c2,200,1.0,0.035,0.035
synthetic_shortcut,synthetic,margin_drop,oat:z_threshold=1.5,z_threshold,1.5,cell,r0/c3,200,1.0,0.0,0.0
synthetic_shortcut,synthetic,margin_drop,oat:z_threshold=1.5,z_threshold,1.5,cell,r1/c0,200,1.0,0.005,0.005
synthetic_shortcut,synthetic,margin_drop,oat:z_threshold=1.5,z_threshold,1.5,cell,r1/c1,200,1.0,0.0,0.0
synthetic_shortcut,synthetic,margin_drop,oat:z_threshold=1.5,z_threshold,1.5,cell,r1/c2,200,0.99,0.055,0.065
synthetic_shortcut,synthetic,margin_drop,oat:z_threshold=1.5,z_threshold,1.5,cell,r1/c3,200,1.0,0.0,0.0
synthetic_shortcut,synthetic,margin_drop,oat:z_threshold=1.5,z_threshold,1.5,cell,r2/c0,200,0.995,0.025,0.03
synthetic_shortcut,synthetic,margin_drop,oat:z_threshold=1.5,z_threshold,1.5,cell,r2/c1,200,1.0,0.0,0.0
synthetic_shortcut,synthetic,margin_drop,oat:z_threshold=1.5,z_threshold,1.5,cell,r2/c2,200,1.0,0.0,0.0
synthetic_shortcut,synthetic,margin_drop,oat:z_threshold=1.5,z_threshold,1.5,cell,r2/c3,200,1.0,0.0,0.0
synthetic_shortcut,synthetic,margin_drop,oat:z_threshold=1.5,z_threshold,1.5,cell,r3/c0,200,0.99,0.05,0.06
synthetic_shortcut,synthetic,margin_drop,oat:z_threshold=1.5,z_threshold,1.5,cell,r3/c1,200,1.0,0.0,0.0
synthetic_shortcut,synthetic,margin_drop,oat:z_threshold=1.5,z_threshold,1.5,cell,r3/c2,200,1.0,0.0,0.0
synthetic_shortcut,synthetic,margin_drop,oat:z_threshold=1.5,z_threshold,1.5,cell,r3/c3,200,0.97,0.105,0.135
synthetic_shortcut,synthetic,margin_drop,oat:z_threshold=1.5,z_threshold,1.5,cell_type,center,800,0.9975,0.01375,0.01625
synthetic_shortcut,synthetic,margin_drop,oat:z_threshold=1.5,z_threshold,1.5,cell_type,corner,800,0.99,0.28875,0.29875
synthetic_shortcut,synthetic,margin_drop,oat:z_threshold=1.5,z_threshold,1.5,cell_type,edge,1600,0.999375,0.01125,0.011875
synthetic_shortcut,synthetic,margin_drop,oat:z_threshold=2.0,z_threshold,2.0,cell,r0/c0,200,1.0,1.0,1.0
synthetic_shortcut,synthetic,margin_drop,oat:z_threshold=2.0,z_threshold,2.0,cell,r0/c1,200,1.0,0.025,0.025
synthetic_shortcut,synthetic,margin_drop,oat:z_threshold=2.0,z_threshold,2.0,cell,r0/c2,200,1.0,0.035,0.035
synthetic_shortcut,synthetic,margin_drop,oat:z_threshold=2.0,z_threshold,2.0,cell,r0/c3,200,1.0,0.0,0.0
synthetic_shortcut,synthetic,margin_drop,oat:z_threshold=2.0,z_threshold,2.0,cell,r1/c0,200,1.0,0.005,0.005
synthetic_shortcut,synthetic,margin_drop,oat:z_threshold=2.0,z_threshold,2.0,cell,r1/c1,200,1.0,0.0,0.0
synthetic_shortcut,synthetic,margin_drop,oat:z_threshold=2.0,z_threshold,2.0,cell,r1/c2,200,1.0,0.055,0.055
synthetic_shortcut,synthetic,margin_drop,oat:z_threshold=2.0,z_threshold,2.0,cell,r1/c3,200,1.0,0.0,0.0
synthetic_shortcut,synthetic,margin_drop,oat:z_threshold=2.0,z_threshold,2.0,cell,r2/c0,200,1.0,0.025,0.025
synthetic_shortcut,synthetic,margin_drop,oat:z_threshold=2.0,z_threshold,2.0,cell,r2/c1,200,1.0,0.0,0.0
synthetic_shortcut,synthetic,margin_drop,oat:z_threshold=2.0,z_threshold,2.0,cell,r2/c2,200,1.0,0.0,0.0
synthetic_shortcut,synthetic,margin_drop,oat:z_threshold=2.0,z_threshold,2.0,cell,r2/c3,200,1.0,0.0,0.0
synthetic_shortcut,synthetic,margin_drop,oat:z_threshold=2.0,z_threshold,2.0,cell,r3/c0,200,1.0,0.05,0.05
synthetic_shortcut,synthetic,margin_drop,oat:z_threshold=2.0,z_threshold,2.0,cell,r3/c1,200,1.0,0.0,0.0
synthetic_shortcut,synthetic,margin_drop,oat:z_threshold=2.0,z_threshold,2.0,cell,r3/c2,200,1.0,0.0,0.0
synthetic_shortcut,synthetic,margin_drop,oat:z_threshold=2.0,z_threshold,2.0,cell,r3/c3,200,1.0,0.105,0.105
synthetic_shortcut,synthetic,margin_drop,oat:z_threshold=2.0,z_threshold,2.0,cell_type,center,800,1.0,0.01375,0.01375
synthetic_shortcut,synthetic,margin_drop,oat:z_threshold=2.0,z_threshold,2.0,cell_type,corner,800,1.0,0.28875,0.28875
synthetic_shortcut,synthetic,margin_drop,oat:z_threshold=2.0,z_threshold,2.0,cell_type,edge,1600,1.0,0.01125,0.01125
synthetic_shortcut,synthetic,margin_drop,oat:z_threshold=2.5,z_threshold,2.5,cell,r0/c0,200,1.0,1.0,1.0
synthetic_shortcut,synthetic,margin_drop,oat:z_threshold=2.5,z_threshold,2.5,cell,r0/c1,200,1.0,0.025,0.025
synthetic_shortcut,synthetic,margin_drop,oat:z_threshold=2.5,z_threshold,2.5,cell,r0/c2,200,0.995,0.035,0.03
synthetic_shortcut,synthetic,margin_drop,oat:z_threshold=2.5,z_threshold,2.5,cell,r0/c3,200,1.0,0.0,0.0
synthetic_shortcut,synthetic,margin_drop,oat:z_threshold=2.5,z_threshold,2.5,cell,r1/c0,200,1.0,0.005,0.005
synthetic_shortcut,synthetic,margin_drop,oat:z_threshold=2.5,z_threshold,2.5,cell,r1/c1,200,1.0,0.0,0.0
synthetic_shortcut,synthetic,margin_drop,oat:z_threshold=2.5,z_threshold,2.5,cell,r1/c2,200,0.99,0.055,0.045
synthetic_shortcut,synthetic,margin_drop,oat:z_threshold=2.5,z_threshold,2.5,cell,r1/c3,200,1.0,0.0,0.0
synthetic_shortcut,synthetic,margin_drop,oat:z_threshold=2.5,z_threshold,2.5,cell,r2/c0,200,1.0,0.025,0.025
synthetic_shortcut,synthetic,margin_drop,oat:z_threshold=2.5,z_threshold,2.5,cell,r2/c1,200,1.0,0.0,0.0
synthetic_shortcut,synthetic,margin_drop,oat:z_threshold=2.5,z_threshold,2.5,cell,r2/c2,200,1.0,0.0,0.0
synthetic_shortcut,synthetic,margin_drop,oat:z_threshold=2.5,z_threshold,2.5,cell,r2/c3,200,1.0,0.0,0.0
synthetic_shortcut,synthetic,margin_drop,oat:z_threshold=2.5,z_threshold,2.5,cell,r3/c0,200,0.985,0.05,0.035
synthetic_shortcut,synthetic,margin_drop,oat:z_threshold=2.5,z_threshold,2.5,cell,r3/c1,200,1.0,0.0,0.0
synthetic_shortcut,synthetic,margin_drop,oat:z_threshold=2.5,z_threshold,2.5,cell,r3/c2,200,1.0,0.0,0.0
synthetic_shortcut,synthetic,margin_drop,oat:z_threshold=2.5,z_threshold,2.5,cell,r3/c3,200,0.995,0.105,0.1
synthetic_shortcut,synthetic,margin_drop,oat:z_threshold=2.5,z_threshold,2.5,cell_type,center,800,0.9975,0.01375,0.01125
synthetic_shortcut,synthetic,margin_drop,oat:z_threshold=2.5,z_threshold,2.5,cell_type,corner,800,0.995,0.28875,0.28375
synthetic_shortcut,synthetic,margin_drop,oat:z_threshold=2.5,z_threshold,2.5,cell_type,edge,1600,0.999375,0.01125,0.010625
synthetic_shortcut,synthetic,margin_drop,oat:z_threshold=3.0,z_threshold,3.0,cell,r0/c0,200,1.0,1.0,1.0
synthetic_shortcut,synthetic,margin_drop,oat:z_threshold=3.0,z_threshold,3.0,cell,r0/c1,200,1.0,0.025,0.025
synthetic_shortcut,synthetic,margin_drop,oat:z_threshold=3.0,z_threshold,3.0,cell,r0/c2,200,0.995,0.035,0.03
synthetic_shortcut,synthetic,margin_drop,oat:z_threshold=3.0,z_threshold,3.0,cell,r0/c3,200,1.0,0.0,0.0
synthetic_shortcut,synthetic,margin_drop,oat:z_threshold=3.0,z_threshold,3.0,cell,r1/c0,200,1.0,0.005,0.005
synthetic_shortcut,synthetic,margin_drop,oat:z_threshold=3.0,z_threshold,3.0,cell,r1/c1,200,1.0,0.0,0.0
synthetic_shortcut,synthetic,margin_drop,oat:z_threshold=3.0,z_threshold,3.0,cell,r1/c2,200,0.985,0.055,0.04
synthetic_shortcut,synthetic,margin_drop,oat:z_threshold=3.0,z_threshold,3.0,cell,r1/c3,200,1.0,0.0,0.0
synthetic_shortcut,synthetic,margin_drop,oat:z_threshold=3.0,z_threshold,3.0,cell,r2/c0,200,1.0,0.025,0.025
synthetic_shortcut,synthetic,margin_drop,oat:z_threshold=3.0,z_threshold,3.0,cell,r2/c1,200,1.0,0.0,0.0
synthetic_shortcut,synthetic,margin_drop,oat:z_threshold=3.0,z_threshold,3.0,cell,r2/c2,200,1.0,0.0,0.0
synthetic_shortcut,synthetic,margin_drop,oat:z_threshold=3.0,z_threshold,3.0,cell,r2/c3,200,1.0,0.0,0.0
synthetic_shortcut,synthetic,margin_drop,oat:z_threshold=3.0,z_threshold,3.0,cell,r3/c0,200,0.975,0.05,0.025
synthetic_shortcut,synthetic,margin_drop,oat:z_threshold=3.0,z_threshold,3.0,cell,r3/c1,200,1.0,0.0,0.0
synthetic_shortcut,synthetic,margin_drop,oat:z_threshold=3.0,z_threshold,3.0,cell,r3/c2,200,1.0,0.0,0.0
synthetic_shortcut,synthetic,margin_drop,oat:z_threshold=3.0,z_threshold,3.0,cell,r3/c3,200,0.995,0.105,0.1
synthetic_shortcut,synthetic,margin_drop,oat:z_threshold=3.0,z_threshold,3.0,cell_type,center,800,0.99625,0.01375,0.01
synthetic_shortcut,synthetic,margin_drop,oat:z_threshold=3.0,z_threshold,3.0,cell_type,corner,800,0.9925,0.28875,0.28125
synthetic_shortcut,synthetic,margin_drop,oat:z_threshold=3.0,z_threshold,3.0,cell_type,edge,1600,0.999375,0.01125,0.010625
synthetic_shortcut,synthetic,margin_drop,oat:z_threshold=4.0,z_threshold,4.0,cell,r0/c0,200,1.0,1.0,1.0
synthetic_shortcut,synthetic,margin_drop,oat:z_threshold=4.0,z_threshold,4.0,cell,r0/c1,200,1.0,0.025,0.025
synthetic_shortcut,synthetic,margin_drop,oat:z_threshold=4.0,z_threshold,4.0,cell,r0/c2,200,0.99,0.035,0.025
synthetic_shortcut,synthetic,margin_drop,oat:z_threshold=4.0,z_threshold,4.0,cell,r0/c3,200,1.0,0.0,0.0
synthetic_shortcut,synthetic,margin_drop,oat:z_threshold=4.0,z_threshold,4.0,cell,r1/c0,200,1.0,0.005,0.005
synthetic_shortcut,synthetic,margin_drop,oat:z_threshold=4.0,z_threshold,4.0,cell,r1/c1,200,1.0,0.0,0.0
synthetic_shortcut,synthetic,margin_drop,oat:z_threshold=4.0,z_threshold,4.0,cell,r1/c2,200,0.985,0.055,0.04
synthetic_shortcut,synthetic,margin_drop,oat:z_threshold=4.0,z_threshold,4.0,cell,r1/c3,200,1.0,0.0,0.0
synthetic_shortcut,synthetic,margin_drop,oat:z_threshold=4.0,z_threshold,4.0,cell,r2/c0,200,1.0,0.025,0.025
synthetic_shortcut,synthetic,margin_drop,oat:z_threshold=4.0,z_threshold,4.0,cell,r2/c1,200,1.0,0.0,0.0
synthetic_shortcut,synthetic,margin_drop,oat:z_threshold=4.0,z_threshold,4.0,cell,r2/c2,200,1.0,0.0,0.0
synthetic_shortcut,synthetic,margin_drop,oat:z_threshold=4.0,z_threshold,4.0,cell,r2/c3,200,1.0,0.0,0.0
synthetic_shortcut,synthetic,margin_drop,oat:z_threshold=4.0,z_threshold,4.0,cell,r3/c0,200,0.97,0.05,0.02
synthetic_shortcut,synthetic,margin_drop,oat:z_threshold=4.0,z_threshold,4.0,cell,r3/c1,200,1.0,0.0,0.0
synthetic_shortcut,synthetic,margin_drop,oat:z_threshold=4.0,z_threshold,4.0,cell,r3/c2,200,1.0,0.0,0.0
synthetic_shortcut,synthetic,margin_drop,oat:z_threshold=4.0,z_threshold,4.0,cell,r3/c3,200,0.965,0.105,0.07
synthetic_shortcut,synthetic,margin_drop,oat:z_threshold=4.0,z_threshold,4.0,cell_type,center,800,0.99625,0.01375,0.01
synthetic_shortcut,synthetic,margin_drop,oat:z_threshold=4.0,z_threshold,4.0,cell_type,corner,800,0.98375,0.28875,0.2725
synthetic_shortcut,synthetic,margin_drop,oat:z_threshold=4.0,z_threshold,4.0,cell_type,edge,1600,0.99875,0.01125,0.01
synthetic_shortcut,synthetic,margin_drop,oat:sign_alpha=0.0,sign_alpha,0.0,cell,r0/c0,200,1.0,1.0,1.0
synthetic_shortcut,synthetic,margin_drop,oat:sign_alpha=0.0,sign_alpha,0.0,cell,r0/c1,200,1.0,0.025,0.025
synthetic_shortcut,synthetic,margin_drop,oat:sign_alpha=0.0,sign_alpha,0.0,cell,r0/c2,200,1.0,0.035,0.035
synthetic_shortcut,synthetic,margin_drop,oat:sign_alpha=0.0,sign_alpha,0.0,cell,r0/c3,200,1.0,0.0,0.0
synthetic_shortcut,synthetic,margin_drop,oat:sign_alpha=0.0,sign_alpha,0.0,cell,r1/c0,200,1.0,0.005,0.005
synthetic_shortcut,synthetic,margin_drop,oat:sign_alpha=0.0,sign_alpha,0.0,cell,r1/c1,200,1.0,0.0,0.0
synthetic_shortcut,synthetic,margin_drop,oat:sign_alpha=0.0,sign_alpha,0.0,cell,r1/c2,200,1.0,0.055,0.055
synthetic_shortcut,synthetic,margin_drop,oat:sign_alpha=0.0,sign_alpha,0.0,cell,r1/c3,200,1.0,0.0,0.0
synthetic_shortcut,synthetic,margin_drop,oat:sign_alpha=0.0,sign_alpha,0.0,cell,r2/c0,200,1.0,0.025,0.025
synthetic_shortcut,synthetic,margin_drop,oat:sign_alpha=0.0,sign_alpha,0.0,cell,r2/c1,200,1.0,0.0,0.0
synthetic_shortcut,synthetic,margin_drop,oat:sign_alpha=0.0,sign_alpha,0.0,cell,r2/c2,200,1.0,0.0,0.0
synthetic_shortcut,synthetic,margin_drop,oat:sign_alpha=0.0,sign_alpha,0.0,cell,r2/c3,200,1.0,0.0,0.0
synthetic_shortcut,synthetic,margin_drop,oat:sign_alpha=0.0,sign_alpha,0.0,cell,r3/c0,200,1.0,0.05,0.05
synthetic_shortcut,synthetic,margin_drop,oat:sign_alpha=0.0,sign_alpha,0.0,cell,r3/c1,200,1.0,0.0,0.0
synthetic_shortcut,synthetic,margin_drop,oat:sign_alpha=0.0,sign_alpha,0.0,cell,r3/c2,200,1.0,0.0,0.0
synthetic_shortcut,synthetic,margin_drop,oat:sign_alpha=0.0,sign_alpha,0.0,cell,r3/c3,200,1.0,0.105,0.105
synthetic_shortcut,synthetic,margin_drop,oat:sign_alpha=0.0,sign_alpha,0.0,cell_type,center,800,1.0,0.01375,0.01375
synthetic_shortcut,synthetic,margin_drop,oat:sign_alpha=0.0,sign_alpha,0.0,cell_type,corner,800,1.0,0.28875,0.28875
synthetic_shortcut,synthetic,margin_drop,oat:sign_alpha=0.0,sign_alpha,0.0,cell_type,edge,1600,1.0,0.01125,0.01125
synthetic_shortcut,synthetic,margin_drop,oat:sign_alpha=0.01,sign_alpha,0.01,cell,r0/c0,200,1.0,1.0,1.0
synthetic_shortcut,synthetic,margin_drop,oat:sign_alpha=0.01,sign_alpha,0.01,cell,r0/c1,200,1.0,0.025,0.025
synthetic_shortcut,synthetic,margin_drop,oat:sign_alpha=0.01,sign_alpha,0.01,cell,r0/c2,200,0.97,0.035,0.035
synthetic_shortcut,synthetic,margin_drop,oat:sign_alpha=0.01,sign_alpha,0.01,cell,r0/c3,200,0.815,0.0,0.0
synthetic_shortcut,synthetic,margin_drop,oat:sign_alpha=0.01,sign_alpha,0.01,cell,r1/c0,200,1.0,0.005,0.005
synthetic_shortcut,synthetic,margin_drop,oat:sign_alpha=0.01,sign_alpha,0.01,cell,r1/c1,200,0.995,0.0,0.0
synthetic_shortcut,synthetic,margin_drop,oat:sign_alpha=0.01,sign_alpha,0.01,cell,r1/c2,200,0.955,0.055,0.045
synthetic_shortcut,synthetic,margin_drop,oat:sign_alpha=0.01,sign_alpha,0.01,cell,r1/c3,200,0.855,0.0,0.0
synthetic_shortcut,synthetic,margin_drop,oat:sign_alpha=0.01,sign_alpha,0.01,cell,r2/c0,200,0.975,0.025,0.025
synthetic_shortcut,synthetic,margin_drop,oat:sign_alpha=0.01,sign_alpha,0.01,cell,r2/c1,200,0.97,0.0,0.0
synthetic_shortcut,synthetic,margin_drop,oat:sign_alpha=0.01,sign_alpha,0.01,cell,r2/c2,200,0.88,0.0,0.0
synthetic_shortcut,synthetic,margin_drop,oat:sign_alpha=0.01,sign_alpha,0.01,cell,r2/c3,200,0.925,0.0,0.0
synthetic_shortcut,synthetic,margin_drop,oat:sign_alpha=0.01,sign_alpha,0.01,cell,r3/c0,200,0.875,0.05,0.05
synthetic_shortcut,synthetic,margin_drop,oat:sign_alpha=0.01,sign_alpha,0.01,cell,r3/c1,200,0.855,0.0,0.0
synthetic_shortcut,synthetic,margin_drop,oat:sign_alpha=0.01,sign_alpha,0.01,cell,r3/c2,200,0.87,0.0,0.0
synthetic_shortcut,synthetic,margin_drop,oat:sign_alpha=0.01,sign_alpha,0.01,cell,r3/c3,200,0.9,0.105,0.07
synthetic_shortcut,synthetic,margin_drop,oat:sign_alpha=0.01,sign_alpha,0.01,cell_type,center,800,0.95,0.01375,0.01125
synthetic_shortcut,synthetic,margin_drop,oat:sign_alpha=0.01,sign_alpha,0.01,cell_type,corner,800,0.8975,0.28875,0.28
synthetic_shortcut,synthetic,margin_drop,oat:sign_alpha=0.01,sign_alpha,0.01,cell_type,edge,1600,0.93125,0.01125,0.01125
synthetic_shortcut,synthetic,margin_drop,oat:sign_alpha=0.05,sign_alpha,0.05,cell,r0/c0,200,1.0,1.0,1.0
synthetic_shortcut,synthetic,margin_drop,oat:sign_alpha=0.05,sign_alpha,0.05,cell,r0/c1,200,1.0,0.025,0.025
synthetic_shortcut,synthetic,margin_drop,oat:sign_alpha=0.05,sign_alpha,0.05,cell,r0/c2,200,0.945,0.035,0.03
synthetic_shortcut,synthetic,margin_drop,oat:sign_alpha=0.05,sign_alpha,0.05,cell,r0/c3,200,0.79,0.0,0.0
synthetic_shortcut,synthetic,margin_drop,oat:sign_alpha=0.05,sign_alpha,0.05,cell,r1/c0,200,1.0,0.005,0.005
synthetic_shortcut,synthetic,margin_drop,oat:sign_alpha=0.05,sign_alpha,0.05,cell,r1/c1,200,0.995,0.0,0.0
synthetic_shortcut,synthetic,margin_drop,oat:sign_alpha=0.05,sign_alpha,0.05,cell,r1/c2,200,0.905,0.055,0.04
synthetic_shortcut,synthetic,margin_drop,oat:sign_alpha=0.05,sign_alpha,0.05,cell,r1/c3,200,0.81,0.0,0.0
synthetic_shortcut,synthetic,margin_drop,oat:sign_alpha=0.05,sign_alpha,0.05,cell,r2/c0,200,0.905,0.025,0.015
synthetic_shortcut,synthetic,margin_drop,oat:sign_alpha=0.05,sign_alpha,0.05,cell,r2/c1,200,0.89,0.0,0.0
synthetic_shortcut,synthetic,margin_drop,oat:sign_alpha=0.05,sign_alpha,0.05,cell,r2/c2,200,0.83,0.0,0.0
synthetic_shortcut,synthetic,margin_drop,oat:sign_alpha=0.05,sign_alpha,0.05,cell,r2/c3,200,0.9,0.0,0.0
synthetic_shortcut,synthetic,margin_drop,oat:sign_alpha=0.05,sign_alpha,0.05,cell,r3/c0,200,0.845,0.05,0.035
synthetic_shortcut,synthetic,margin_drop,oat:sign_alpha=0.05,sign_alpha,0.05,cell,r3/c1,200,0.84,0.0,0.0
synthetic_shortcut,synthetic,margin_drop,oat:sign_alpha=0.05,sign_alpha,0.05,cell,r3/c2,200,0.85,0.0,0.0
synthetic_shortcut,synthetic,margin_drop,oat:sign_alpha=0.05,sign_alpha,0.05,cell,r3/c3,200,0.855,0.105,0.06
synthetic_shortcut,synthetic,margin_drop,oat:sign_alpha=0.05,sign_alpha,0.05,cell_type,center,800,0.905,0.01375,0.01
synthetic_shortcut,synthetic,margin_drop,oat:sign_alpha=0.05,sign_alpha,0.05,cell_type,corner,800,0.8725,0.28875,0.27375
synthetic_shortcut,synthetic,margin_drop,oat:sign_alpha=0.05,sign_alpha,0.05,cell_type,edge,1600,0.90625,0.01125,0.009375
synthetic_shortcut,synthetic,margin_drop,oat:sign_alpha=0.1,sign_alpha,0.1,cell,r0/c0,200,1.0,1.0,1.0
synthetic_shortcut,synthetic,margin_drop,oat:sign_alpha=0.1,sign_alpha,0.1,cell,r0/c1,200,1.0,0.025,0.025
synthetic_shortcut,synthetic,margin_drop,oat:sign_alpha=0.1,sign_alpha,0.1,cell,r0/c2,200,0.92,0.035,0.02
synthetic_shortcut,synthetic,margin_drop,oat:sign_alpha=0.1,sign_alpha,0.1,cell,r0/c3,200,0.775,0.0,0.0
synthetic_shortcut,synthetic,margin_drop,oat:sign_alpha=0.1,sign_alpha,0.1,cell,r1/c0,200,1.0,0.005,0.005
synthetic_shortcut,synthetic,margin_drop,oat:sign_alpha=0.1,sign_alpha,0.1,cell,r1/c1,200,0.995,0.0,0.0
synthetic_shortcut,synthetic,margin_drop,oat:sign_alpha=0.1,sign_alpha,0.1,cell,r1/c2,200,0.88,0.055,0.04
synthetic_shortcut,synthetic,margin_drop,oat:sign_alpha=0.1,sign_alpha,0.1,cell,r1/c3,200,0.79,0.0,0.0
synthetic_shortcut,synthetic,margin_drop,oat:sign_alpha=0.1,sign_alpha,0.1,cell,r2/c0,200,0.885,0.025,0.01
synthetic_shortcut,synthetic,margin_drop,oat:sign_alpha=0.1,sign_alpha,0.1,cell,r2/c1,200,0.845,0.0,0.0
synthetic_shortcut,synthetic,margin_drop,oat:sign_alpha=0.1,sign_alpha,0.1,cell,r2/c2,200,0.795,0.0,0.0
synthetic_shortcut,synthetic,margin_drop,oat:sign_alpha=0.1,sign_alpha,0.1,cell,r2/c3,200,0.88,0.0,0.0
synthetic_shortcut,synthetic,margin_drop,oat:sign_alpha=0.1,sign_alpha,0.1,cell,r3/c0,200,0.825,0.05,0.035
synthetic_shortcut,synthetic,margin_drop,oat:sign_alpha=0.1,sign_alpha,0.1,cell,r3/c1,200,0.83,0.0,0.0
synthetic_shortcut,synthetic,margin_drop,oat:sign_alpha=0.1,sign_alpha,0.1,cell,r3/c2,200,0.835,0.0,0.0
synthetic_shortcut,synthetic,margin_drop,oat:sign_alpha=0.1,sign_alpha,0.1,cell,r3/c3,200,0.83,0.105,0.055
synthetic_shortcut,synthetic,margin_drop,oat:sign_alpha=0.1,sign_alpha,0.1,cell_type,center,800,0.87875,0.01375,0.01
synthetic_shortcut,synthetic,margin_drop,oat:sign_alpha=0.1,sign_alpha,0.1,cell_type,corner,800,0.8575,0.28875,0.2725
synthetic_shortcut,synthetic,margin_drop,oat:sign_alpha=0.1,sign_alpha,0.1,cell_type,edge,1600,0.8925,0.01125,0.0075
synthetic_shortcut,synthetic,margin_drop,oat:sign_alpha=0.25,sign_alpha,0.25,cell,r0/c0,200,1.0,1.0,1.0
synthetic_shortcut,synthetic,margin_drop,oat:sign_alpha=0.25,sign_alpha,0.25,cell,r0/c1,200,1.0,0.025,0.025
synthetic_shortcut,synthetic,margin_drop,oat:sign_alpha=0.25,sign_alpha,0.25,cell,r0/c2,200,0.87,0.035,0.025
synthetic_shortcut,synthetic,margin_drop,oat:sign_alpha=0.25,sign_alpha,0.25,cell,r0/c3,200,0.765,0.0,0.0
synthetic_shortcut,synthetic,margin_drop,oat:sign_alpha=0.25,sign_alpha,0.25,cell,r1/c0,200,0.99,0.005,0.005
synthetic_shortcut,synthetic,margin_drop,oat:sign_alpha=0.25,sign_alpha,0.25,cell,r1/c1,200,0.99,0.0,0.0
synthetic_shortcut,synthetic,margin_drop,oat:sign_alpha=0.25,sign_alpha,0.25,cell,r1/c2,200,0.81,0.055,0.035
synthetic_shortcut,synthetic,margin_drop,oat:sign_alpha=0.25,sign_alpha,0.25,cell,r1/c3,200,0.77,0.0,0.0
synthetic_shortcut,synthetic,margin_drop,oat:sign_alpha=0.25,sign_alpha,0.25,cell,r2/c0,200,0.835,0.025,0.025
synthetic_shortcut,synthetic,margin_drop,oat:sign_alpha=0.25,sign_alpha,0.25,cell,r2/c1,200,0.775,0.0,0.0
synthetic_shortcut,synthetic,margin_drop,oat:sign_alpha=0.25,sign_alpha,0.25,cell,r2/c2,200,0.75,0.0,0.0
synthetic_shortcut,synthetic,margin_drop,oat:sign_alpha=0.25,sign_alpha,0.25,cell,r2/c3,200,0.845,0.0,0.0
synthetic_shortcut,synthetic,margin_drop,oat:sign_alpha=0.25,sign_alpha,0.25,cell,r3/c0,200,0.8,0.05,0.035
synthetic_shortcut,synthetic,margin_drop,oat:sign_alpha=0.25,sign_alpha,0.25,cell,r3/c1,200,0.79,0.0,0.0
synthetic_shortcut,synthetic,margin_drop,oat:sign_alpha=0.25,sign_alpha,0.25,cell,r3/c2,200,0.815,0.0,0.0
synthetic_shortcut,synthetic,margin_drop,oat:sign_alpha=0.25,sign_alpha,0.25,cell,r3/c3,200,0.805,0.105,0.055
synthetic_shortcut,synthetic,margin_drop,oat:sign_alpha=0.25,sign_alpha,0.25,cell_type,center,800,0.83125,0.01375,0.00875
synthetic_shortcut,synthetic,margin_drop,oat:sign_alpha=0.25,sign_alpha,0.25,cell_type,corner,800,0.8425,0.28875,0.2725
synthetic_shortcut,synthetic,margin_drop,oat:sign_alpha=0.25,sign_alpha,0.25,cell_type,edge,1600,0.864375,0.01125,0.01
synthetic_shortcut,synthetic,margin_drop,oat:min_multi_strategy=2,min_multi_strategy,2,cell,r0/c0,200,1.0,1.0,1.0
synthetic_shortcut,synthetic,margin_drop,oat:min_multi_strategy=2,min_multi_strategy,2,cell,r0/c1,200,1.0,0.025,0.025
synthetic_shortcut,synthetic,margin_drop,oat:min_multi_strategy=2,min_multi_strategy,2,cell,r0/c2,200,1.0,0.035,0.035
synthetic_shortcut,synthetic,margin_drop,oat:min_multi_strategy=2,min_multi_strategy,2,cell,r0/c3,200,1.0,0.0,0.0
synthetic_shortcut,synthetic,margin_drop,oat:min_multi_strategy=2,min_multi_strategy,2,cell,r1/c0,200,1.0,0.005,0.005
synthetic_shortcut,synthetic,margin_drop,oat:min_multi_strategy=2,min_multi_strategy,2,cell,r1/c1,200,1.0,0.0,0.0
synthetic_shortcut,synthetic,margin_drop,oat:min_multi_strategy=2,min_multi_strategy,2,cell,r1/c2,200,1.0,0.055,0.055
synthetic_shortcut,synthetic,margin_drop,oat:min_multi_strategy=2,min_multi_strategy,2,cell,r1/c3,200,1.0,0.0,0.0
synthetic_shortcut,synthetic,margin_drop,oat:min_multi_strategy=2,min_multi_strategy,2,cell,r2/c0,200,1.0,0.025,0.025
synthetic_shortcut,synthetic,margin_drop,oat:min_multi_strategy=2,min_multi_strategy,2,cell,r2/c1,200,1.0,0.0,0.0
synthetic_shortcut,synthetic,margin_drop,oat:min_multi_strategy=2,min_multi_strategy,2,cell,r2/c2,200,1.0,0.0,0.0
synthetic_shortcut,synthetic,margin_drop,oat:min_multi_strategy=2,min_multi_strategy,2,cell,r2/c3,200,1.0,0.0,0.0
synthetic_shortcut,synthetic,margin_drop,oat:min_multi_strategy=2,min_multi_strategy,2,cell,r3/c0,200,1.0,0.05,0.05
synthetic_shortcut,synthetic,margin_drop,oat:min_multi_strategy=2,min_multi_strategy,2,cell,r3/c1,200,1.0,0.0,0.0
synthetic_shortcut,synthetic,margin_drop,oat:min_multi_strategy=2,min_multi_strategy,2,cell,r3/c2,200,1.0,0.0,0.0
synthetic_shortcut,synthetic,margin_drop,oat:min_multi_strategy=2,min_multi_strategy,2,cell,r3/c3,200,1.0,0.105,0.105
synthetic_shortcut,synthetic,margin_drop,oat:min_multi_strategy=2,min_multi_strategy,2,cell_type,center,800,1.0,0.01375,0.01375
synthetic_shortcut,synthetic,margin_drop,oat:min_multi_strategy=2,min_multi_strategy,2,cell_type,corner,800,1.0,0.28875,0.28875
synthetic_shortcut,synthetic,margin_drop,oat:min_multi_strategy=2,min_multi_strategy,2,cell_type,edge,1600,1.0,0.01125,0.01125
synthetic_shortcut,synthetic,margin_drop,oat:min_multi_strategy=3,min_multi_strategy,3,cell,r0/c0,200,1.0,1.0,1.0
synthetic_shortcut,synthetic,margin_drop,oat:min_multi_strategy=3,min_multi_strategy,3,cell,r0/c1,200,1.0,0.025,0.025
synthetic_shortcut,synthetic,margin_drop,oat:min_multi_strategy=3,min_multi_strategy,3,cell,r0/c2,200,1.0,0.035,0.035
synthetic_shortcut,synthetic,margin_drop,oat:min_multi_strategy=3,min_multi_strategy,3,cell,r0/c3,200,1.0,0.0,0.0
synthetic_shortcut,synthetic,margin_drop,oat:min_multi_strategy=3,min_multi_strategy,3,cell,r1/c0,200,1.0,0.005,0.005
synthetic_shortcut,synthetic,margin_drop,oat:min_multi_strategy=3,min_multi_strategy,3,cell,r1/c1,200,1.0,0.0,0.0
synthetic_shortcut,synthetic,margin_drop,oat:min_multi_strategy=3,min_multi_strategy,3,cell,r1/c2,200,1.0,0.055,0.055
synthetic_shortcut,synthetic,margin_drop,oat:min_multi_strategy=3,min_multi_strategy,3,cell,r1/c3,200,1.0,0.0,0.0
synthetic_shortcut,synthetic,margin_drop,oat:min_multi_strategy=3,min_multi_strategy,3,cell,r2/c0,200,1.0,0.025,0.025
synthetic_shortcut,synthetic,margin_drop,oat:min_multi_strategy=3,min_multi_strategy,3,cell,r2/c1,200,1.0,0.0,0.0
synthetic_shortcut,synthetic,margin_drop,oat:min_multi_strategy=3,min_multi_strategy,3,cell,r2/c2,200,1.0,0.0,0.0
synthetic_shortcut,synthetic,margin_drop,oat:min_multi_strategy=3,min_multi_strategy,3,cell,r2/c3,200,1.0,0.0,0.0
synthetic_shortcut,synthetic,margin_drop,oat:min_multi_strategy=3,min_multi_strategy,3,cell,r3/c0,200,1.0,0.05,0.05
synthetic_shortcut,synthetic,margin_drop,oat:min_multi_strategy=3,min_multi_strategy,3,cell,r3/c1,200,1.0,0.0,0.0
synthetic_shortcut,synthetic,margin_drop,oat:min_multi_strategy=3,min_multi_strategy,3,cell,r3/c2,200,1.0,0.0,0.0
synthetic_shortcut,synthetic,margin_drop,oat:min_multi_strategy=3,min_multi_strategy,3,cell,r3/c3,200,1.0,0.105,0.105
synthetic_shortcut,synthetic,margin_drop,oat:min_multi_strategy=3,min_multi_strategy,3,cell_type,center,800,1.0,0.01375,0.01375
synthetic_shortcut,synthetic,margin_drop,oat:min_multi_strategy=3,min_multi_strategy,3,cell_type,corner,800,1.0,0.28875,0.28875
synthetic_shortcut,synthetic,margin_drop,oat:min_multi_strategy=3,min_multi_strategy,3,cell_type,edge,1600,1.0,0.01125,0.01125
synthetic_shortcut,synthetic,margin_drop,oat:min_multi_strategy=4,min_multi_strategy,4,cell,r0/c0,200,1.0,1.0,1.0
synthetic_shortcut,synthetic,margin_drop,oat:min_multi_strategy=4,min_multi_strategy,4,cell,r0/c1,200,1.0,0.025,0.025
synthetic_shortcut,synthetic,margin_drop,oat:min_multi_strategy=4,min_multi_strategy,4,cell,r0/c2,200,1.0,0.035,0.035
synthetic_shortcut,synthetic,margin_drop,oat:min_multi_strategy=4,min_multi_strategy,4,cell,r0/c3,200,1.0,0.0,0.0
synthetic_shortcut,synthetic,margin_drop,oat:min_multi_strategy=4,min_multi_strategy,4,cell,r1/c0,200,1.0,0.005,0.005
synthetic_shortcut,synthetic,margin_drop,oat:min_multi_strategy=4,min_multi_strategy,4,cell,r1/c1,200,1.0,0.0,0.0
synthetic_shortcut,synthetic,margin_drop,oat:min_multi_strategy=4,min_multi_strategy,4,cell,r1/c2,200,1.0,0.055,0.055
synthetic_shortcut,synthetic,margin_drop,oat:min_multi_strategy=4,min_multi_strategy,4,cell,r1/c3,200,1.0,0.0,0.0
synthetic_shortcut,synthetic,margin_drop,oat:min_multi_strategy=4,min_multi_strategy,4,cell,r2/c0,200,1.0,0.025,0.025
synthetic_shortcut,synthetic,margin_drop,oat:min_multi_strategy=4,min_multi_strategy,4,cell,r2/c1,200,1.0,0.0,0.0
synthetic_shortcut,synthetic,margin_drop,oat:min_multi_strategy=4,min_multi_strategy,4,cell,r2/c2,200,1.0,0.0,0.0
synthetic_shortcut,synthetic,margin_drop,oat:min_multi_strategy=4,min_multi_strategy,4,cell,r2/c3,200,1.0,0.0,0.0
synthetic_shortcut,synthetic,margin_drop,oat:min_multi_strategy=4,min_multi_strategy,4,cell,r3/c0,200,1.0,0.05,0.05
synthetic_shortcut,synthetic,margin_drop,oat:min_multi_strategy=4,min_multi_strategy,4,cell,r3/c1,200,1.0,0.0,0.0
synthetic_shortcut,synthetic,margin_drop,oat:min_multi_strategy=4,min_multi_strategy,4,cell,r3/c2,200,1.0,0.0,0.0
synthetic_shortcut,synthetic,margin_drop,oat:min_multi_strategy=4,min_multi_strategy,4,cell,r3/c3,200,1.0,0.105,0.105
synthetic_shortcut,synthetic,margin_drop,oat:min_multi_strategy=4,min_multi_strategy,4,cell_type,center,800,1.0,0.01375,0.01375
synthetic_shortcut,synthetic,margin_drop,oat:min_multi_strategy=4,min_multi_strategy,4,cell_type,corner,800,1.0,0.28875,0.28875
synthetic_shortcut,synthetic,margin_drop,oat:min_multi_strategy=4,min_multi_strategy,4,cell_type,edge,1600,1.0,0.01125,0.01125
synthetic_shortcut,synthetic,margin_drop,oat:min_multi_strategy=5,min_multi_strategy,5,cell,r0/c0,200,1.0,1.0,1.0
synthetic_shortcut,synthetic,margin_drop,oat:min_multi_strategy=5,min_multi_strategy,5,cell,r0/c1,200,1.0,0.025,0.025
synthetic_shortcut,synthetic,margin_drop,oat:min_multi_strategy=5,min_multi_strategy,5,cell,r0/c2,200,1.0,0.035,0.035
synthetic_shortcut,synthetic,margin_drop,oat:min_multi_strategy=5,min_multi_strategy,5,cell,r0/c3,200,1.0,0.0,0.0
synthetic_shortcut,synthetic,margin_drop,oat:min_multi_strategy=5,min_multi_strategy,5,cell,r1/c0,200,1.0,0.005,0.005
synthetic_shortcut,synthetic,margin_drop,oat:min_multi_strategy=5,min_multi_strategy,5,cell,r1/c1,200,1.0,0.0,0.0
synthetic_shortcut,synthetic,margin_drop,oat:min_multi_strategy=5,min_multi_strategy,5,cell,r1/c2,200,1.0,0.055,0.055
synthetic_shortcut,synthetic,margin_drop,oat:min_multi_strategy=5,min_multi_strategy,5,cell,r1/c3,200,1.0,0.0,0.0
synthetic_shortcut,synthetic,margin_drop,oat:min_multi_strategy=5,min_multi_strategy,5,cell,r2/c0,200,1.0,0.025,0.025
synthetic_shortcut,synthetic,margin_drop,oat:min_multi_strategy=5,min_multi_strategy,5,cell,r2/c1,200,1.0,0.0,0.0
synthetic_shortcut,synthetic,margin_drop,oat:min_multi_strategy=5,min_multi_strategy,5,cell,r2/c2,200,1.0,0.0,0.0
synthetic_shortcut,synthetic,margin_drop,oat:min_multi_strategy=5,min_multi_strategy,5,cell,r2/c3,200,1.0,0.0,0.0
synthetic_shortcut,synthetic,margin_drop,oat:min_multi_strategy=5,min_multi_strategy,5,cell,r3/c0,200,1.0,0.05,0.05
synthetic_shortcut,synthetic,margin_drop,oat:min_multi_strategy=5,min_multi_strategy,5,cell,r3/c1,200,1.0,0.0,0.0
synthetic_shortcut,synthetic,margin_drop,oat:min_multi_strategy=5,min_multi_strategy,5,cell,r3/c2,200,1.0,0.0,0.0
synthetic_shortcut,synthetic,margin_drop,oat:min_multi_strategy=5,min_multi_strategy,5,cell,r3/c3,200,1.0,0.105,0.105
synthetic_shortcut,synthetic,margin_drop,oat:min_multi_strategy=5,min_multi_strategy,5,cell_type,center,800,1.0,0.01375,0.01375
synthetic_shortcut,synthetic,margin_drop,oat:min_multi_strategy=5,min_multi_strategy,5,cell_type,corner,800,1.0,0.28875,0.28875
synthetic_shortcut,synthetic,margin_drop,oat:min_multi_strategy=5,min_multi_strategy,5,cell_type,edge,1600,1.0,0.01125,0.01125
synthetic_shortcut,synthetic,margin_drop,oat:ci_level=90,ci_level,90,cell,r0/c0,200,1.0,1.0,1.0
synthetic_shortcut,synthetic,margin_drop,oat:ci_level=90,ci_level,90,cell,r0/c1,200,1.0,0.025,0.025
synthetic_shortcut,synthetic,margin_drop,oat:ci_level=90,ci_level,90,cell,r0/c2,200,1.0,0.035,0.035
synthetic_shortcut,synthetic,margin_drop,oat:ci_level=90,ci_level,90,cell,r0/c3,200,0.92,0.0,0.08
synthetic_shortcut,synthetic,margin_drop,oat:ci_level=90,ci_level,90,cell,r1/c0,200,1.0,0.005,0.005
synthetic_shortcut,synthetic,margin_drop,oat:ci_level=90,ci_level,90,cell,r1/c1,200,1.0,0.0,0.0
synthetic_shortcut,synthetic,margin_drop,oat:ci_level=90,ci_level,90,cell,r1/c2,200,1.0,0.055,0.055
synthetic_shortcut,synthetic,margin_drop,oat:ci_level=90,ci_level,90,cell,r1/c3,200,1.0,0.0,0.0
synthetic_shortcut,synthetic,margin_drop,oat:ci_level=90,ci_level,90,cell,r2/c0,200,1.0,0.025,0.025
synthetic_shortcut,synthetic,margin_drop,oat:ci_level=90,ci_level,90,cell,r2/c1,200,0.96,0.0,0.04
synthetic_shortcut,synthetic,margin_drop,oat:ci_level=90,ci_level,90,cell,r2/c2,200,1.0,0.0,0.0
synthetic_shortcut,synthetic,margin_drop,oat:ci_level=90,ci_level,90,cell,r2/c3,200,1.0,0.0,0.0
synthetic_shortcut,synthetic,margin_drop,oat:ci_level=90,ci_level,90,cell,r3/c0,200,1.0,0.05,0.05
synthetic_shortcut,synthetic,margin_drop,oat:ci_level=90,ci_level,90,cell,r3/c1,200,1.0,0.0,0.0
synthetic_shortcut,synthetic,margin_drop,oat:ci_level=90,ci_level,90,cell,r3/c2,200,1.0,0.0,0.0
synthetic_shortcut,synthetic,margin_drop,oat:ci_level=90,ci_level,90,cell,r3/c3,200,1.0,0.105,0.105
synthetic_shortcut,synthetic,margin_drop,oat:ci_level=90,ci_level,90,cell_type,center,800,0.99,0.01375,0.02375
synthetic_shortcut,synthetic,margin_drop,oat:ci_level=90,ci_level,90,cell_type,corner,800,0.98,0.28875,0.30875
synthetic_shortcut,synthetic,margin_drop,oat:ci_level=90,ci_level,90,cell_type,edge,1600,1.0,0.01125,0.01125
synthetic_shortcut,synthetic,margin_drop,oat:ci_level=95,ci_level,95,cell,r0/c0,200,1.0,1.0,1.0
synthetic_shortcut,synthetic,margin_drop,oat:ci_level=95,ci_level,95,cell,r0/c1,200,1.0,0.025,0.025
synthetic_shortcut,synthetic,margin_drop,oat:ci_level=95,ci_level,95,cell,r0/c2,200,1.0,0.035,0.035
synthetic_shortcut,synthetic,margin_drop,oat:ci_level=95,ci_level,95,cell,r0/c3,200,1.0,0.0,0.0
synthetic_shortcut,synthetic,margin_drop,oat:ci_level=95,ci_level,95,cell,r1/c0,200,1.0,0.005,0.005
synthetic_shortcut,synthetic,margin_drop,oat:ci_level=95,ci_level,95,cell,r1/c1,200,1.0,0.0,0.0
synthetic_shortcut,synthetic,margin_drop,oat:ci_level=95,ci_level,95,cell,r1/c2,200,1.0,0.055,0.055
synthetic_shortcut,synthetic,margin_drop,oat:ci_level=95,ci_level,95,cell,r1/c3,200,1.0,0.0,0.0
synthetic_shortcut,synthetic,margin_drop,oat:ci_level=95,ci_level,95,cell,r2/c0,200,1.0,0.025,0.025
synthetic_shortcut,synthetic,margin_drop,oat:ci_level=95,ci_level,95,cell,r2/c1,200,1.0,0.0,0.0
synthetic_shortcut,synthetic,margin_drop,oat:ci_level=95,ci_level,95,cell,r2/c2,200,1.0,0.0,0.0
synthetic_shortcut,synthetic,margin_drop,oat:ci_level=95,ci_level,95,cell,r2/c3,200,1.0,0.0,0.0
synthetic_shortcut,synthetic,margin_drop,oat:ci_level=95,ci_level,95,cell,r3/c0,200,1.0,0.05,0.05
synthetic_shortcut,synthetic,margin_drop,oat:ci_level=95,ci_level,95,cell,r3/c1,200,1.0,0.0,0.0
synthetic_shortcut,synthetic,margin_drop,oat:ci_level=95,ci_level,95,cell,r3/c2,200,1.0,0.0,0.0
synthetic_shortcut,synthetic,margin_drop,oat:ci_level=95,ci_level,95,cell,r3/c3,200,1.0,0.105,0.105
synthetic_shortcut,synthetic,margin_drop,oat:ci_level=95,ci_level,95,cell_type,center,800,1.0,0.01375,0.01375
synthetic_shortcut,synthetic,margin_drop,oat:ci_level=95,ci_level,95,cell_type,corner,800,1.0,0.28875,0.28875
synthetic_shortcut,synthetic,margin_drop,oat:ci_level=95,ci_level,95,cell_type,edge,1600,1.0,0.01125,0.01125
synthetic_shortcut,synthetic,margin_drop,oat:ci_level=99,ci_level,99,cell,r0/c0,200,1.0,1.0,1.0
synthetic_shortcut,synthetic,margin_drop,oat:ci_level=99,ci_level,99,cell,r0/c1,200,1.0,0.025,0.025
synthetic_shortcut,synthetic,margin_drop,oat:ci_level=99,ci_level,99,cell,r0/c2,200,1.0,0.035,0.035
synthetic_shortcut,synthetic,margin_drop,oat:ci_level=99,ci_level,99,cell,r0/c3,200,1.0,0.0,0.0
synthetic_shortcut,synthetic,margin_drop,oat:ci_level=99,ci_level,99,cell,r1/c0,200,1.0,0.005,0.005
synthetic_shortcut,synthetic,margin_drop,oat:ci_level=99,ci_level,99,cell,r1/c1,200,1.0,0.0,0.0
synthetic_shortcut,synthetic,margin_drop,oat:ci_level=99,ci_level,99,cell,r1/c2,200,1.0,0.055,0.055
synthetic_shortcut,synthetic,margin_drop,oat:ci_level=99,ci_level,99,cell,r1/c3,200,1.0,0.0,0.0
synthetic_shortcut,synthetic,margin_drop,oat:ci_level=99,ci_level,99,cell,r2/c0,200,1.0,0.025,0.025
synthetic_shortcut,synthetic,margin_drop,oat:ci_level=99,ci_level,99,cell,r2/c1,200,1.0,0.0,0.0
synthetic_shortcut,synthetic,margin_drop,oat:ci_level=99,ci_level,99,cell,r2/c2,200,1.0,0.0,0.0
synthetic_shortcut,synthetic,margin_drop,oat:ci_level=99,ci_level,99,cell,r2/c3,200,1.0,0.0,0.0
synthetic_shortcut,synthetic,margin_drop,oat:ci_level=99,ci_level,99,cell,r3/c0,200,1.0,0.05,0.05
synthetic_shortcut,synthetic,margin_drop,oat:ci_level=99,ci_level,99,cell,r3/c1,200,1.0,0.0,0.0
synthetic_shortcut,synthetic,margin_drop,oat:ci_level=99,ci_level,99,cell,r3/c2,200,1.0,0.0,0.0
synthetic_shortcut,synthetic,margin_drop,oat:ci_level=99,ci_level,99,cell,r3/c3,200,0.895,0.105,0.0
synthetic_shortcut,synthetic,margin_drop,oat:ci_level=99,ci_level,99,cell_type,center,800,1.0,0.01375,0.01375
synthetic_shortcut,synthetic,margin_drop,oat:ci_level=99,ci_level,99,cell_type,corner,800,0.97375,0.28875,0.2625
synthetic_shortcut,synthetic,margin_drop,oat:ci_level=99,ci_level,99,cell_type,edge,1600,1.0,0.01125,0.01125
synthetic_shortcut,synthetic,margin_drop,oat:ci_level=999,ci_level,999,cell,r0/c0,200,1.0,1.0,1.0
synthetic_shortcut,synthetic,margin_drop,oat:ci_level=999,ci_level,999,cell,r0/c1,200,1.0,0.025,0.025
synthetic_shortcut,synthetic,margin_drop,oat:ci_level=999,ci_level,999,cell,r0/c2,200,1.0,0.035,0.035
synthetic_shortcut,synthetic,margin_drop,oat:ci_level=999,ci_level,999,cell,r0/c3,200,1.0,0.0,0.0
synthetic_shortcut,synthetic,margin_drop,oat:ci_level=999,ci_level,999,cell,r1/c0,200,1.0,0.005,0.005
synthetic_shortcut,synthetic,margin_drop,oat:ci_level=999,ci_level,999,cell,r1/c1,200,1.0,0.0,0.0
synthetic_shortcut,synthetic,margin_drop,oat:ci_level=999,ci_level,999,cell,r1/c2,200,1.0,0.055,0.055
synthetic_shortcut,synthetic,margin_drop,oat:ci_level=999,ci_level,999,cell,r1/c3,200,1.0,0.0,0.0
synthetic_shortcut,synthetic,margin_drop,oat:ci_level=999,ci_level,999,cell,r2/c0,200,1.0,0.025,0.025
synthetic_shortcut,synthetic,margin_drop,oat:ci_level=999,ci_level,999,cell,r2/c1,200,1.0,0.0,0.0
synthetic_shortcut,synthetic,margin_drop,oat:ci_level=999,ci_level,999,cell,r2/c2,200,1.0,0.0,0.0
synthetic_shortcut,synthetic,margin_drop,oat:ci_level=999,ci_level,999,cell,r2/c3,200,1.0,0.0,0.0
synthetic_shortcut,synthetic,margin_drop,oat:ci_level=999,ci_level,999,cell,r3/c0,200,1.0,0.05,0.05
synthetic_shortcut,synthetic,margin_drop,oat:ci_level=999,ci_level,999,cell,r3/c1,200,1.0,0.0,0.0
synthetic_shortcut,synthetic,margin_drop,oat:ci_level=999,ci_level,999,cell,r3/c2,200,1.0,0.0,0.0
synthetic_shortcut,synthetic,margin_drop,oat:ci_level=999,ci_level,999,cell,r3/c3,200,0.895,0.105,0.0
synthetic_shortcut,synthetic,margin_drop,oat:ci_level=999,ci_level,999,cell_type,center,800,1.0,0.01375,0.01375
synthetic_shortcut,synthetic,margin_drop,oat:ci_level=999,ci_level,999,cell_type,corner,800,0.97375,0.28875,0.2625
synthetic_shortcut,synthetic,margin_drop,oat:ci_level=999,ci_level,999,cell_type,edge,1600,1.0,0.01125,0.01125
synthetic_shortcut,synthetic,margin_drop,oat:ddof=0,ddof,0,cell,r0/c0,200,1.0,1.0,1.0
synthetic_shortcut,synthetic,margin_drop,oat:ddof=0,ddof,0,cell,r0/c1,200,1.0,0.025,0.025
synthetic_shortcut,synthetic,margin_drop,oat:ddof=0,ddof,0,cell,r0/c2,200,1.0,0.035,0.035
synthetic_shortcut,synthetic,margin_drop,oat:ddof=0,ddof,0,cell,r0/c3,200,1.0,0.0,0.0
synthetic_shortcut,synthetic,margin_drop,oat:ddof=0,ddof,0,cell,r1/c0,200,1.0,0.005,0.005
synthetic_shortcut,synthetic,margin_drop,oat:ddof=0,ddof,0,cell,r1/c1,200,1.0,0.0,0.0
synthetic_shortcut,synthetic,margin_drop,oat:ddof=0,ddof,0,cell,r1/c2,200,1.0,0.055,0.055
synthetic_shortcut,synthetic,margin_drop,oat:ddof=0,ddof,0,cell,r1/c3,200,1.0,0.0,0.0
synthetic_shortcut,synthetic,margin_drop,oat:ddof=0,ddof,0,cell,r2/c0,200,1.0,0.025,0.025
synthetic_shortcut,synthetic,margin_drop,oat:ddof=0,ddof,0,cell,r2/c1,200,1.0,0.0,0.0
synthetic_shortcut,synthetic,margin_drop,oat:ddof=0,ddof,0,cell,r2/c2,200,1.0,0.0,0.0
synthetic_shortcut,synthetic,margin_drop,oat:ddof=0,ddof,0,cell,r2/c3,200,1.0,0.0,0.0
synthetic_shortcut,synthetic,margin_drop,oat:ddof=0,ddof,0,cell,r3/c0,200,1.0,0.05,0.05
synthetic_shortcut,synthetic,margin_drop,oat:ddof=0,ddof,0,cell,r3/c1,200,1.0,0.0,0.0
synthetic_shortcut,synthetic,margin_drop,oat:ddof=0,ddof,0,cell,r3/c2,200,1.0,0.0,0.0
synthetic_shortcut,synthetic,margin_drop,oat:ddof=0,ddof,0,cell,r3/c3,200,1.0,0.105,0.105
synthetic_shortcut,synthetic,margin_drop,oat:ddof=0,ddof,0,cell_type,center,800,1.0,0.01375,0.01375
synthetic_shortcut,synthetic,margin_drop,oat:ddof=0,ddof,0,cell_type,corner,800,1.0,0.28875,0.28875
synthetic_shortcut,synthetic,margin_drop,oat:ddof=0,ddof,0,cell_type,edge,1600,1.0,0.01125,0.01125
synthetic_shortcut,synthetic,margin_drop,oat:ddof=1,ddof,1,cell,r0/c0,200,1.0,1.0,1.0
synthetic_shortcut,synthetic,margin_drop,oat:ddof=1,ddof,1,cell,r0/c1,200,1.0,0.025,0.025
synthetic_shortcut,synthetic,margin_drop,oat:ddof=1,ddof,1,cell,r0/c2,200,0.995,0.035,0.03
synthetic_shortcut,synthetic,margin_drop,oat:ddof=1,ddof,1,cell,r0/c3,200,1.0,0.0,0.0
synthetic_shortcut,synthetic,margin_drop,oat:ddof=1,ddof,1,cell,r1/c0,200,1.0,0.005,0.005
synthetic_shortcut,synthetic,margin_drop,oat:ddof=1,ddof,1,cell,r1/c1,200,1.0,0.0,0.0
synthetic_shortcut,synthetic,margin_drop,oat:ddof=1,ddof,1,cell,r1/c2,200,0.985,0.055,0.04
synthetic_shortcut,synthetic,margin_drop,oat:ddof=1,ddof,1,cell,r1/c3,200,1.0,0.0,0.0
synthetic_shortcut,synthetic,margin_drop,oat:ddof=1,ddof,1,cell,r2/c0,200,1.0,0.025,0.025
synthetic_shortcut,synthetic,margin_drop,oat:ddof=1,ddof,1,cell,r2/c1,200,1.0,0.0,0.0
synthetic_shortcut,synthetic,margin_drop,oat:ddof=1,ddof,1,cell,r2/c2,200,1.0,0.0,0.0
synthetic_shortcut,synthetic,margin_drop,oat:ddof=1,ddof,1,cell,r2/c3,200,1.0,0.0,0.0
synthetic_shortcut,synthetic,margin_drop,oat:ddof=1,ddof,1,cell,r3/c0,200,0.975,0.05,0.025
synthetic_shortcut,synthetic,margin_drop,oat:ddof=1,ddof,1,cell,r3/c1,200,1.0,0.0,0.0
synthetic_shortcut,synthetic,margin_drop,oat:ddof=1,ddof,1,cell,r3/c2,200,1.0,0.0,0.0
synthetic_shortcut,synthetic,margin_drop,oat:ddof=1,ddof,1,cell,r3/c3,200,0.995,0.105,0.1
synthetic_shortcut,synthetic,margin_drop,oat:ddof=1,ddof,1,cell_type,center,800,0.99625,0.01375,0.01
synthetic_shortcut,synthetic,margin_drop,oat:ddof=1,ddof,1,cell_type,corner,800,0.9925,0.28875,0.28125
synthetic_shortcut,synthetic,margin_drop,oat:ddof=1,ddof,1,cell_type,edge,1600,0.999375,0.01125,0.010625
synthetic_shortcut,synthetic,margin_drop,oat:std_floor_beta=0.0,std_floor_beta,0.0,cell,r0/c0,200,1.0,1.0,1.0
synthetic_shortcut,synthetic,margin_drop,oat:std_floor_beta=0.0,std_floor_beta,0.0,cell,r0/c1,200,1.0,0.025,0.025
synthetic_shortcut,synthetic,margin_drop,oat:std_floor_beta=0.0,std_floor_beta,0.0,cell,r0/c2,200,1.0,0.035,0.035
synthetic_shortcut,synthetic,margin_drop,oat:std_floor_beta=0.0,std_floor_beta,0.0,cell,r0/c3,200,1.0,0.0,0.0
synthetic_shortcut,synthetic,margin_drop,oat:std_floor_beta=0.0,std_floor_beta,0.0,cell,r1/c0,200,1.0,0.005,0.005
synthetic_shortcut,synthetic,margin_drop,oat:std_floor_beta=0.0,std_floor_beta,0.0,cell,r1/c1,200,1.0,0.0,0.0
synthetic_shortcut,synthetic,margin_drop,oat:std_floor_beta=0.0,std_floor_beta,0.0,cell,r1/c2,200,1.0,0.055,0.055
synthetic_shortcut,synthetic,margin_drop,oat:std_floor_beta=0.0,std_floor_beta,0.0,cell,r1/c3,200,1.0,0.0,0.0
synthetic_shortcut,synthetic,margin_drop,oat:std_floor_beta=0.0,std_floor_beta,0.0,cell,r2/c0,200,1.0,0.025,0.025
synthetic_shortcut,synthetic,margin_drop,oat:std_floor_beta=0.0,std_floor_beta,0.0,cell,r2/c1,200,1.0,0.0,0.0
synthetic_shortcut,synthetic,margin_drop,oat:std_floor_beta=0.0,std_floor_beta,0.0,cell,r2/c2,200,1.0,0.0,0.0
synthetic_shortcut,synthetic,margin_drop,oat:std_floor_beta=0.0,std_floor_beta,0.0,cell,r2/c3,200,1.0,0.0,0.0
synthetic_shortcut,synthetic,margin_drop,oat:std_floor_beta=0.0,std_floor_beta,0.0,cell,r3/c0,200,1.0,0.05,0.05
synthetic_shortcut,synthetic,margin_drop,oat:std_floor_beta=0.0,std_floor_beta,0.0,cell,r3/c1,200,1.0,0.0,0.0
synthetic_shortcut,synthetic,margin_drop,oat:std_floor_beta=0.0,std_floor_beta,0.0,cell,r3/c2,200,1.0,0.0,0.0
synthetic_shortcut,synthetic,margin_drop,oat:std_floor_beta=0.0,std_floor_beta,0.0,cell,r3/c3,200,1.0,0.105,0.105
synthetic_shortcut,synthetic,margin_drop,oat:std_floor_beta=0.0,std_floor_beta,0.0,cell_type,center,800,1.0,0.01375,0.01375
synthetic_shortcut,synthetic,margin_drop,oat:std_floor_beta=0.0,std_floor_beta,0.0,cell_type,corner,800,1.0,0.28875,0.28875
synthetic_shortcut,synthetic,margin_drop,oat:std_floor_beta=0.0,std_floor_beta,0.0,cell_type,edge,1600,1.0,0.01125,0.01125
synthetic_shortcut,synthetic,margin_drop,oat:std_floor_beta=0.1,std_floor_beta,0.1,cell,r0/c0,200,1.0,1.0,1.0
synthetic_shortcut,synthetic,margin_drop,oat:std_floor_beta=0.1,std_floor_beta,0.1,cell,r0/c1,200,1.0,0.025,0.025
synthetic_shortcut,synthetic,margin_drop,oat:std_floor_beta=0.1,std_floor_beta,0.1,cell,r0/c2,200,0.995,0.035,0.03
synthetic_shortcut,synthetic,margin_drop,oat:std_floor_beta=0.1,std_floor_beta,0.1,cell,r0/c3,200,1.0,0.0,0.0
synthetic_shortcut,synthetic,margin_drop,oat:std_floor_beta=0.1,std_floor_beta,0.1,cell,r1/c0,200,1.0,0.005,0.005
synthetic_shortcut,synthetic,margin_drop,oat:std_floor_beta=0.1,std_floor_beta,0.1,cell,r1/c1,200,1.0,0.0,0.0
synthetic_shortcut,synthetic,margin_drop,oat:std_floor_beta=0.1,std_floor_beta,0.1,cell,r1/c2,200,0.975,0.055,0.03
synthetic_shortcut,synthetic,margin_drop,oat:std_floor_beta=0.1,std_floor_beta,0.1,cell,r1/c3,200,1.0,0.0,0.0
synthetic_shortcut,synthetic,margin_drop,oat:std_floor_beta=0.1,std_floor_beta,0.1,cell,r2/c0,200,0.99,0.025,0.015
synthetic_shortcut,synthetic,margin_drop,oat:std_floor_beta=0.1,std_floor_beta,0.1,cell,r2/c1,200,1.0,0.0,0.0
synthetic_shortcut,synthetic,margin_drop,oat:std_floor_beta=0.1,std_floor_beta,0.1,cell,r2/c2,200,1.0,0.0,0.0
synthetic_shortcut,synthetic,margin_drop,oat:std_floor_beta=0.1,std_floor_beta,0.1,cell,r2/c3,200,1.0,0.0,0.0
synthetic_shortcut,synthetic,margin_drop,oat:std_floor_beta=0.1,std_floor_beta,0.1,cell,r3/c0,200,0.975,0.05,0.025
synthetic_shortcut,synthetic,margin_drop,oat:std_floor_beta=0.1,std_floor_beta,0.1,cell,r3/c1,200,1.0,0.0,0.0
synthetic_shortcut,synthetic,margin_drop,oat:std_floor_beta=0.1,std_floor_beta,0.1,cell,r3/c2,200,1.0,0.0,0.0
synthetic_shortcut,synthetic,margin_drop,oat:std_floor_beta=0.1,std_floor_beta,0.1,cell,r3/c3,200,0.955,0.105,0.06
synthetic_shortcut,synthetic,margin_drop,oat:std_floor_beta=0.1,std_floor_beta,0.1,cell_type,center,800,0.99375,0.01375,0.0075
synthetic_shortcut,synthetic,margin_drop,oat:std_floor_beta=0.1,std_floor_beta,0.1,cell_type,corner,800,0.9825,0.28875,0.27125
synthetic_shortcut,synthetic,margin_drop,oat:std_floor_beta=0.1,std_floor_beta,0.1,cell_type,edge,1600,0.998125,0.01125,0.009375
synthetic_shortcut,synthetic,margin_drop,oat:std_floor_beta=0.25,std_floor_beta,0.25,cell,r0/c0,200,1.0,1.0,1.0
synthetic_shortcut,synthetic,margin_drop,oat:std_floor_beta=0.25,std_floor_beta,0.25,cell,r0/c1,200,1.0,0.025,0.025
synthetic_shortcut,synthetic,margin_drop,oat:std_floor_beta=0.25,std_floor_beta,0.25,cell,r0/c2,200,0.99,0.035,0.025
synthetic_shortcut,synthetic,margin_drop,oat:std_floor_beta=0.25,std_floor_beta,0.25,cell,r0/c3,200,1.0,0.0,0.0
synthetic_shortcut,synthetic,margin_drop,oat:std_floor_beta=0.25,std_floor_beta,0.25,cell,r1/c0,200,1.0,0.005,0.005
synthetic_shortcut,synthetic,margin_drop,oat:std_floor_beta=0.25,std_floor_beta,0.25,cell,r1/c1,200,1.0,0.0,0.0
synthetic_shortcut,synthetic,margin_drop,oat:std_floor_beta=0.25,std_floor_beta,0.25,cell,r1/c2,200,0.97,0.055,0.025
synthetic_shortcut,synthetic,margin_drop,oat:std_floor_beta=0.25,std_floor_beta,0.25,cell,r1/c3,200,1.0,0.0,0.0
synthetic_shortcut,synthetic,margin_drop,oat:std_floor_beta=0.25,std_floor_beta,0.25,cell,r2/c0,200,0.985,0.025,0.01
synthetic_shortcut,synthetic,margin_drop,oat:std_floor_beta=0.25,std_floor_beta,0.25,cell,r2/c1,200,1.0,0.0,0.0
synthetic_shortcut,synthetic,margin_drop,oat:std_floor_beta=0.25,std_floor_beta,0.25,cell,r2/c2,200,1.0,0.0,0.0
synthetic_shortcut,synthetic,margin_drop,oat:std_floor_beta=0.25,std_floor_beta,0.25,cell,r2/c3,200,1.0,0.0,0.0
synthetic_shortcut,synthetic,margin_drop,oat:std_floor_beta=0.25,std_floor_beta,0.25,cell,r3/c0,200,0.97,0.05,0.02
synthetic_shortcut,synthetic,margin_drop,oat:std_floor_beta=0.25,std_floor_beta,0.25,cell,r3/c1,200,1.0,0.0,0.0
synthetic_shortcut,synthetic,margin_drop,oat:std_floor_beta=0.25,std_floor_beta,0.25,cell,r3/c2,200,1.0,0.0,0.0
synthetic_shortcut,synthetic,margin_drop,oat:std_floor_beta=0.25,std_floor_beta,0.25,cell,r3/c3,200,0.93,0.105,0.035
synthetic_shortcut,synthetic,margin_drop,oat:std_floor_beta=0.25,std_floor_beta,0.25,cell_type,center,800,0.9925,0.01375,0.00625
synthetic_shortcut,synthetic,margin_drop,oat:std_floor_beta=0.25,std_floor_beta,0.25,cell_type,corner,800,0.975,0.28875,0.26375
synthetic_shortcut,synthetic,margin_drop,oat:std_floor_beta=0.25,std_floor_beta,0.25,cell_type,edge,1600,0.996875,0.01125,0.008125
synthetic_shortcut,synthetic,margin_drop,preset:lenient,preset,lenient,cell,r0/c0,200,1.0,1.0,1.0
synthetic_shortcut,synthetic,margin_drop,preset:lenient,preset,lenient,cell,r0/c1,200,1.0,0.025,0.025
synthetic_shortcut,synthetic,margin_drop,preset:lenient,preset,lenient,cell,r0/c2,200,1.0,0.035,0.035
synthetic_shortcut,synthetic,margin_drop,preset:lenient,preset,lenient,cell,r0/c3,200,0.915,0.0,0.085
synthetic_shortcut,synthetic,margin_drop,preset:lenient,preset,lenient,cell,r1/c0,200,1.0,0.005,0.005
synthetic_shortcut,synthetic,margin_drop,preset:lenient,preset,lenient,cell,r1/c1,200,1.0,0.0,0.0
synthetic_shortcut,synthetic,margin_drop,preset:lenient,preset,lenient,cell,r1/c2,200,0.99,0.055,0.065
synthetic_shortcut,synthetic,margin_drop,preset:lenient,preset,lenient,cell,r1/c3,200,1.0,0.0,0.0
synthetic_shortcut,synthetic,margin_drop,preset:lenient,preset,lenient,cell,r2/c0,200,0.995,0.025,0.03
synthetic_shortcut,synthetic,margin_drop,preset:lenient,preset,lenient,cell,r2/c1,200,0.935,0.0,0.065
synthetic_shortcut,synthetic,margin_drop,preset:lenient,preset,lenient,cell,r2/c2,200,1.0,0.0,0.0
synthetic_shortcut,synthetic,margin_drop,preset:lenient,preset,lenient,cell,r2/c3,200,1.0,0.0,0.0
synthetic_shortcut,synthetic,margin_drop,preset:lenient,preset,lenient,cell,r3/c0,200,0.99,0.05,0.06
synthetic_shortcut,synthetic,margin_drop,preset:lenient,preset,lenient,cell,r3/c1,200,1.0,0.0,0.0
synthetic_shortcut,synthetic,margin_drop,preset:lenient,preset,lenient,cell,r3/c2,200,1.0,0.0,0.0
synthetic_shortcut,synthetic,margin_drop,preset:lenient,preset,lenient,cell,r3/c3,200,0.97,0.105,0.135
synthetic_shortcut,synthetic,margin_drop,preset:lenient,preset,lenient,cell_type,center,800,0.98125,0.01375,0.0325
synthetic_shortcut,synthetic,margin_drop,preset:lenient,preset,lenient,cell_type,corner,800,0.96875,0.28875,0.32
synthetic_shortcut,synthetic,margin_drop,preset:lenient,preset,lenient,cell_type,edge,1600,0.999375,0.01125,0.011875
synthetic_shortcut,synthetic,margin_drop,preset:conservative,preset,conservative,cell,r0/c0,200,1.0,1.0,1.0
synthetic_shortcut,synthetic,margin_drop,preset:conservative,preset,conservative,cell,r0/c1,200,1.0,0.025,0.025
synthetic_shortcut,synthetic,margin_drop,preset:conservative,preset,conservative,cell,r0/c2,200,0.93,0.035,0.015
synthetic_shortcut,synthetic,margin_drop,preset:conservative,preset,conservative,cell,r0/c3,200,0.79,0.0,0.0
synthetic_shortcut,synthetic,margin_drop,preset:conservative,preset,conservative,cell,r1/c0,200,1.0,0.005,0.005
synthetic_shortcut,synthetic,margin_drop,preset:conservative,preset,conservative,cell,r1/c1,200,0.995,0.0,0.0
synthetic_shortcut,synthetic,margin_drop,preset:conservative,preset,conservative,cell,r1/c2,200,0.88,0.055,0.015
synthetic_shortcut,synthetic,margin_drop,preset:conservative,preset,conservative,cell,r1/c3,200,0.81,0.0,0.0
synthetic_shortcut,synthetic,margin_drop,preset:conservative,preset,conservative,cell,r2/c0,200,0.9,0.025,0.01
synthetic_shortcut,synthetic,margin_drop,preset:conservative,preset,conservative,cell,r2/c1,200,0.89,0.0,0.0
synthetic_shortcut,synthetic,margin_drop,preset:conservative,preset,conservative,cell,r2/c2,200,0.83,0.0,0.0
synthetic_shortcut,synthetic,margin_drop,preset:conservative,preset,conservative,cell,r2/c3,200,0.9,0.0,0.0
synthetic_shortcut,synthetic,margin_drop,preset:conservative,preset,conservative,cell,r3/c0,200,0.82,0.05,0.005
synthetic_shortcut,synthetic,margin_drop,preset:conservative,preset,conservative,cell,r3/c1,200,0.84,0.0,0.0
synthetic_shortcut,synthetic,margin_drop,preset:conservative,preset,conservative,cell,r3/c2,200,0.85,0.0,0.0
synthetic_shortcut,synthetic,margin_drop,preset:conservative,preset,conservative,cell,r3/c3,200,0.8,0.105,0.0
synthetic_shortcut,synthetic,margin_drop,preset:conservative,preset,conservative,cell_type,center,800,0.89875,0.01375,0.00375
synthetic_shortcut,synthetic,margin_drop,preset:conservative,preset,conservative,cell_type,corner,800,0.8525,0.28875,0.25125
synthetic_shortcut,synthetic,margin_drop,preset:conservative,preset,conservative,cell_type,edge,1600,0.90375,0.01125,0.006875
synthetic_shortcut,synthetic,margin_drop,alt:zero_abstain:sign_alpha=0.01,zero_abstain_alpha,0.01,cell,r0/c0,200,1.0,1.0,1.0
synthetic_shortcut,synthetic,margin_drop,alt:zero_abstain:sign_alpha=0.01,zero_abstain_alpha,0.01,cell,r0/c1,200,1.0,0.025,0.025
synthetic_shortcut,synthetic,margin_drop,alt:zero_abstain:sign_alpha=0.01,zero_abstain_alpha,0.01,cell,r0/c2,200,0.915,0.035,0.05
synthetic_shortcut,synthetic,margin_drop,alt:zero_abstain:sign_alpha=0.01,zero_abstain_alpha,0.01,cell,r0/c3,200,0.685,0.0,0.0
synthetic_shortcut,synthetic,margin_drop,alt:zero_abstain:sign_alpha=0.01,zero_abstain_alpha,0.01,cell,r1/c0,200,1.0,0.005,0.005
synthetic_shortcut,synthetic,margin_drop,alt:zero_abstain:sign_alpha=0.01,zero_abstain_alpha,0.01,cell,r1/c1,200,1.0,0.0,0.0
synthetic_shortcut,synthetic,margin_drop,alt:zero_abstain:sign_alpha=0.01,zero_abstain_alpha,0.01,cell,r1/c2,200,0.935,0.055,0.065
synthetic_shortcut,synthetic,margin_drop,alt:zero_abstain:sign_alpha=0.01,zero_abstain_alpha,0.01,cell,r1/c3,200,0.67,0.0,0.0
synthetic_shortcut,synthetic,margin_drop,alt:zero_abstain:sign_alpha=0.01,zero_abstain_alpha,0.01,cell,r2/c0,200,0.96,0.025,0.035
synthetic_shortcut,synthetic,margin_drop,alt:zero_abstain:sign_alpha=0.01,zero_abstain_alpha,0.01,cell,r2/c1,200,0.95,0.0,0.0
synthetic_shortcut,synthetic,margin_drop,alt:zero_abstain:sign_alpha=0.01,zero_abstain_alpha,0.01,cell,r2/c2,200,0.765,0.0,0.0
synthetic_shortcut,synthetic,margin_drop,alt:zero_abstain:sign_alpha=0.01,zero_abstain_alpha,0.01,cell,r2/c3,200,0.715,0.0,0.0
synthetic_shortcut,synthetic,margin_drop,alt:zero_abstain:sign_alpha=0.01,zero_abstain_alpha,0.01,cell,r3/c0,200,0.635,0.05,0.06
synthetic_shortcut,synthetic,margin_drop,alt:zero_abstain:sign_alpha=0.01,zero_abstain_alpha,0.01,cell,r3/c1,200,0.655,0.0,0.0
synthetic_shortcut,synthetic,margin_drop,alt:zero_abstain:sign_alpha=0.01,zero_abstain_alpha,0.01,cell,r3/c2,200,0.75,0.0,0.0
synthetic_shortcut,synthetic,margin_drop,alt:zero_abstain:sign_alpha=0.01,zero_abstain_alpha,0.01,cell,r3/c3,200,0.69,0.105,0.06
synthetic_shortcut,synthetic,margin_drop,alt:zero_abstain:sign_alpha=0.01,zero_abstain_alpha,0.01,cell_type,center,800,0.9125,0.01375,0.01625
synthetic_shortcut,synthetic,margin_drop,alt:zero_abstain:sign_alpha=0.01,zero_abstain_alpha,0.01,cell_type,corner,800,0.7525,0.28875,0.28
synthetic_shortcut,synthetic,margin_drop,alt:zero_abstain:sign_alpha=0.01,zero_abstain_alpha,0.01,cell_type,edge,1600,0.833125,0.01125,0.014375
synthetic_shortcut,synthetic,margin_drop,alt:zero_abstain:sign_alpha=0.05,zero_abstain_alpha,0.05,cell,r0/c0,200,1.0,1.0,1.0
synthetic_shortcut,synthetic,margin_drop,alt:zero_abstain:sign_alpha=0.05,zero_abstain_alpha,0.05,cell,r0/c1,200,1.0,0.025,0.025
synthetic_shortcut,synthetic,margin_drop,alt:zero_abstain:sign_alpha=0.05,zero_abstain_alpha,0.05,cell,r0/c2,200,0.83,0.035,0.065
synthetic_shortcut,synthetic,margin_drop,alt:zero_abstain:sign_alpha=0.05,zero_abstain_alpha,0.05,cell,r0/c3,200,0.665,0.0,0.0
synthetic_shortcut,synthetic,margin_drop,alt:zero_abstain:sign_alpha=0.05,zero_abstain_alpha,0.05,cell,r1/c0,200,1.0,0.005,0.005
synthetic_shortcut,synthetic,margin_drop,alt:zero_abstain:sign_alpha=0.05,zero_abstain_alpha,0.05,cell,r1/c1,200,0.995,0.0,0.0
synthetic_shortcut,synthetic,margin_drop,alt:zero_abstain:sign_alpha=0.05,zero_abstain_alpha,0.05,cell,r1/c2,200,0.86,0.055,0.085
synthetic_shortcut,synthetic,margin_drop,alt:zero_abstain:sign_alpha=0.05,zero_abstain_alpha,0.05,cell,r1/c3,200,0.62,0.0,0.0
synthetic_shortcut,synthetic,margin_drop,alt:zero_abstain:sign_alpha=0.05,zero_abstain_alpha,0.05,cell,r2/c0,200,0.89,0.025,0.045
synthetic_shortcut,synthetic,margin_drop,alt:zero_abstain:sign_alpha=0.05,zero_abstain_alpha,0.05,cell,r2/c1,200,0.82,0.0,0.0
synthetic_shortcut,synthetic,margin_drop,alt:zero_abstain:sign_alpha=0.05,zero_abstain_alpha,0.05,cell,r2/c2,200,0.65,0.0,0.0
synthetic_shortcut,synthetic,margin_drop,alt:zero_abstain:sign_alpha=0.05,zero_abstain_alpha,0.05,cell,r2/c3,200,0.68,0.0,0.0
synthetic_shortcut,synthetic,margin_drop,alt:zero_abstain:sign_alpha=0.05,zero_abstain_alpha,0.05,cell,r3/c0,200,0.62,0.05,0.055
synthetic_shortcut,synthetic,margin_drop,alt:zero_abstain:sign_alpha=0.05,zero_abstain_alpha,0.05,cell,r3/c1,200,0.62,0.0,0.0
synthetic_shortcut,synthetic,margin_drop,alt:zero_abstain:sign_alpha=0.05,zero_abstain_alpha,0.05,cell,r3/c2,200,0.71,0.0,0.0
synthetic_shortcut,synthetic,margin_drop,alt:zero_abstain:sign_alpha=0.05,zero_abstain_alpha,0.05,cell,r3/c3,200,0.64,0.105,0.07
synthetic_shortcut,synthetic,margin_drop,alt:zero_abstain:sign_alpha=0.05,zero_abstain_alpha,0.05,cell_type,center,800,0.83125,0.01375,0.02125
synthetic_shortcut,synthetic,margin_drop,alt:zero_abstain:sign_alpha=0.05,zero_abstain_alpha,0.05,cell_type,corner,800,0.73125,0.28875,0.28125
synthetic_shortcut,synthetic,margin_drop,alt:zero_abstain:sign_alpha=0.05,zero_abstain_alpha,0.05,cell_type,edge,1600,0.79375,0.01125,0.0175
synthetic_shortcut,synthetic,margin_drop,alt:zero_abstain:sign_alpha=0.1,zero_abstain_alpha,0.1,cell,r0/c0,200,1.0,1.0,1.0
synthetic_shortcut,synthetic,margin_drop,alt:zero_abstain:sign_alpha=0.1,zero_abstain_alpha,0.1,cell,r0/c1,200,1.0,0.025,0.025
synthetic_shortcut,synthetic,margin_drop,alt:zero_abstain:sign_alpha=0.1,zero_abstain_alpha,0.1,cell,r0/c2,200,0.76,0.035,0.08
synthetic_shortcut,synthetic,margin_drop,alt:zero_abstain:sign_alpha=0.1,zero_abstain_alpha,0.1,cell,r0/c3,200,0.64,0.0,0.0
synthetic_shortcut,synthetic,margin_drop,alt:zero_abstain:sign_alpha=0.1,zero_abstain_alpha,0.1,cell,r1/c0,200,1.0,0.005,0.005
synthetic_shortcut,synthetic,margin_drop,alt:zero_abstain:sign_alpha=0.1,zero_abstain_alpha,0.1,cell,r1/c1,200,0.985,0.0,0.0
synthetic_shortcut,synthetic,margin_drop,alt:zero_abstain:sign_alpha=0.1,zero_abstain_alpha,0.1,cell,r1/c2,200,0.77,0.055,0.105
synthetic_shortcut,synthetic,margin_drop,alt:zero_abstain:sign_alpha=0.1,zero_abstain_alpha,0.1,cell,r1/c3,200,0.6,0.0,0.0
synthetic_shortcut,synthetic,margin_drop,alt:zero_abstain:sign_alpha=0.1,zero_abstain_alpha,0.1,cell,r2/c0,200,0.785,0.025,0.04
synthetic_shortcut,synthetic,margin_drop,alt:zero_abstain:sign_alpha=0.1,zero_abstain_alpha,0.1,cell,r2/c1,200,0.72,0.0,0.0
synthetic_shortcut,synthetic,margin_drop,alt:zero_abstain:sign_alpha=0.1,zero_abstain_alpha,0.1,cell,r2/c2,200,0.61,0.0,0.0
synthetic_shortcut,synthetic,margin_drop,alt:zero_abstain:sign_alpha=0.1,zero_abstain_alpha,0.1,cell,r2/c3,200,0.66,0.0,0.0
synthetic_shortcut,synthetic,margin_drop,alt:zero_abstain:sign_alpha=0.1,zero_abstain_alpha,0.1,cell,r3/c0,200,0.59,0.05,0.05
synthetic_shortcut,synthetic,margin_drop,alt:zero_abstain:sign_alpha=0.1,zero_abstain_alpha,0.1,cell,r3/c1,200,0.59,0.0,0.0
synthetic_shortcut,synthetic,margin_drop,alt:zero_abstain:sign_alpha=0.1,zero_abstain_alpha,0.1,cell,r3/c2,200,0.68,0.0,0.0
synthetic_shortcut,synthetic,margin_drop,alt:zero_abstain:sign_alpha=0.1,zero_abstain_alpha,0.1,cell,r3/c3,200,0.595,0.105,0.065
synthetic_shortcut,synthetic,margin_drop,alt:zero_abstain:sign_alpha=0.1,zero_abstain_alpha,0.1,cell_type,center,800,0.77125,0.01375,0.02625
synthetic_shortcut,synthetic,margin_drop,alt:zero_abstain:sign_alpha=0.1,zero_abstain_alpha,0.1,cell_type,corner,800,0.70625,0.28875,0.27875
synthetic_shortcut,synthetic,margin_drop,alt:zero_abstain:sign_alpha=0.1,zero_abstain_alpha,0.1,cell_type,edge,1600,0.759375,0.01125,0.01875
synthetic_shortcut,synthetic,margin_drop,alt:zero_abstain:sign_alpha=0.25,zero_abstain_alpha,0.25,cell,r0/c0,200,1.0,1.0,1.0
synthetic_shortcut,synthetic,margin_drop,alt:zero_abstain:sign_alpha=0.25,zero_abstain_alpha,0.25,cell,r0/c1,200,1.0,0.025,0.025
synthetic_shortcut,synthetic,margin_drop,alt:zero_abstain:sign_alpha=0.25,zero_abstain_alpha,0.25,cell,r0/c2,200,0.66,0.035,0.085
synthetic_shortcut,synthetic,margin_drop,alt:zero_abstain:sign_alpha=0.25,zero_abstain_alpha,0.25,cell,r0/c3,200,0.575,0.0,0.0
synthetic_shortcut,synthetic,margin_drop,alt:zero_abstain:sign_alpha=0.25,zero_abstain_alpha,0.25,cell,r1/c0,200,0.995,0.005,0.005
synthetic_shortcut,synthetic,margin_drop,alt:zero_abstain:sign_alpha=0.25,zero_abstain_alpha,0.25,cell,r1/c1,200,0.985,0.0,0.0
synthetic_shortcut,synthetic,margin_drop,alt:zero_abstain:sign_alpha=0.25,zero_abstain_alpha,0.25,cell,r1/c2,200,0.665,0.055,0.115
synthetic_shortcut,synthetic,margin_drop,alt:zero_abstain:sign_alpha=0.25,zero_abstain_alpha,0.25,cell,r1/c3,200,0.525,0.0,0.0
synthetic_shortcut,synthetic,margin_drop,alt:zero_abstain:sign_alpha=0.25,zero_abstain_alpha,0.25,cell,r2/c0,200,0.635,0.025,0.035
synthetic_shortcut,synthetic,margin_drop,alt:zero_abstain:sign_alpha=0.25,zero_abstain_alpha,0.25,cell,r2/c1,200,0.63,0.0,0.0
synthetic_shortcut,synthetic,margin_drop,alt:zero_abstain:sign_alpha=0.25,zero_abstain_alpha,0.25,cell,r2/c2,200,0.55,0.0,0.0
synthetic_shortcut,synthetic,margin_drop,alt:zero_abstain:sign_alpha=0.25,zero_abstain_alpha,0.25,cell,r2/c3,200,0.605,0.0,0.0
synthetic_shortcut,synthetic,margin_drop,alt:zero_abstain:sign_alpha=0.25,zero_abstain_alpha,0.25,cell,r3/c0,200,0.53,0.05,0.07
synthetic_shortcut,synthetic,margin_drop,alt:zero_abstain:sign_alpha=0.25,zero_abstain_alpha,0.25,cell,r3/c1,200,0.56,0.0,0.0
synthetic_shortcut,synthetic,margin_drop,alt:zero_abstain:sign_alpha=0.25,zero_abstain_alpha,0.25,cell,r3/c2,200,0.625,0.0,0.0
synthetic_shortcut,synthetic,margin_drop,alt:zero_abstain:sign_alpha=0.25,zero_abstain_alpha,0.25,cell,r3/c3,200,0.52,0.105,0.09
synthetic_shortcut,synthetic,margin_drop,alt:zero_abstain:sign_alpha=0.25,zero_abstain_alpha,0.25,cell_type,center,800,0.7075,0.01375,0.02875
synthetic_shortcut,synthetic,margin_drop,alt:zero_abstain:sign_alpha=0.25,zero_abstain_alpha,0.25,cell_type,corner,800,0.65625,0.28875,0.29
synthetic_shortcut,synthetic,margin_drop,alt:zero_abstain:sign_alpha=0.25,zero_abstain_alpha,0.25,cell_type,edge,1600,0.700625,0.01125,0.01875
synthetic_normal,synthetic,margin_drop,default,default,,cell,r0/c0,200,1.0,0.13,0.13
synthetic_normal,synthetic,margin_drop,default,default,,cell,r0/c1,200,1.0,0.155,0.155
synthetic_normal,synthetic,margin_drop,default,default,,cell,r0/c2,200,1.0,0.21,0.21
synthetic_normal,synthetic,margin_drop,default,default,,cell,r0/c3,200,1.0,0.19,0.19
synthetic_normal,synthetic,margin_drop,default,default,,cell,r1/c0,200,1.0,0.185,0.185
synthetic_normal,synthetic,margin_drop,default,default,,cell,r1/c1,200,1.0,0.285,0.285
synthetic_normal,synthetic,margin_drop,default,default,,cell,r1/c2,200,1.0,0.25,0.25
synthetic_normal,synthetic,margin_drop,default,default,,cell,r1/c3,200,1.0,0.205,0.205
synthetic_normal,synthetic,margin_drop,default,default,,cell,r2/c0,200,1.0,0.21,0.21
synthetic_normal,synthetic,margin_drop,default,default,,cell,r2/c1,200,1.0,0.31,0.31
synthetic_normal,synthetic,margin_drop,default,default,,cell,r2/c2,200,1.0,0.335,0.335
synthetic_normal,synthetic,margin_drop,default,default,,cell,r2/c3,200,1.0,0.26,0.26
synthetic_normal,synthetic,margin_drop,default,default,,cell,r3/c0,200,1.0,0.215,0.215
synthetic_normal,synthetic,margin_drop,default,default,,cell,r3/c1,200,1.0,0.31,0.31
synthetic_normal,synthetic,margin_drop,default,default,,cell,r3/c2,200,1.0,0.295,0.295
synthetic_normal,synthetic,margin_drop,default,default,,cell,r3/c3,200,1.0,0.27,0.27
synthetic_normal,synthetic,margin_drop,default,default,,cell_type,center,800,1.0,0.295,0.295
synthetic_normal,synthetic,margin_drop,default,default,,cell_type,corner,800,1.0,0.20125,0.20125
synthetic_normal,synthetic,margin_drop,default,default,,cell_type,edge,1600,1.0,0.22875,0.22875
synthetic_normal,synthetic,margin_drop,oat:z_threshold=1.0,z_threshold,1.0,cell,r0/c0,200,0.98,0.13,0.15
synthetic_normal,synthetic,margin_drop,oat:z_threshold=1.0,z_threshold,1.0,cell,r0/c1,200,0.98,0.155,0.175
synthetic_normal,synthetic,margin_drop,oat:z_threshold=1.0,z_threshold,1.0,cell,r0/c2,200,0.96,0.21,0.25
synthetic_normal,synthetic,margin_drop,oat:z_threshold=1.0,z_threshold,1.0,cell,r0/c3,200,0.98,0.19,0.21
synthetic_normal,synthetic,margin_drop,oat:z_threshold=1.0,z_threshold,1.0,cell,r1/c0,200,0.99,0.185,0.195
synthetic_normal,synthetic,margin_drop,oat:z_threshold=1.0,z_threshold,1.0,cell,r1/c1,200,0.99,0.285,0.295
synthetic_normal,synthetic,margin_drop,oat:z_threshold=1.0,z_threshold,1.0,cell,r1/c2,200,0.98,0.25,0.27
synthetic_normal,synthetic,margin_drop,oat:z_threshold=1.0,z_threshold,1.0,cell,r1/c3,200,0.95,0.205,0.255
synthetic_normal,synthetic,margin_drop,oat:z_threshold=1.0,z_threshold,1.0,cell,r2/c0,200,0.975,0.21,0.235
synthetic_normal,synthetic,margin_drop,oat:z_threshold=1.0,z_threshold,1.0,cell,r2/c1,200,1.0,0.31,0.31
synthetic_normal,synthetic,margin_drop,oat:z_threshold=1.0,z_threshold,1.0,cell,r2/c2,200,0.98,0.335,0.355
synthetic_normal,synthetic,margin_drop,oat:z_threshold=1.0,z_threshold,1.0,cell,r2/c3,200,0.96,0.26,0.3
synthetic_normal,synthetic,margin_drop,oat:z_threshold=1.0,z_threshold,1.0,cell,r3/c0,200,0.94,0.215,0.275
synthetic_normal,synthetic,margin_drop,oat:z_threshold=1.0,z_threshold,1.0,cell,r3/c1,200,0.98,0.31,0.33
synthetic_normal,synthetic,margin_drop,oat:z_threshold=1.0,z_threshold,1.0,cell,r3/c2,200,0.985,0.295,0.31
synthetic_normal,synthetic,margin_drop,oat:z_threshold=1.0,z_threshold,1.0,cell,r3/c3,200,0.96,0.27,0.31
synthetic_normal,synthetic,margin_drop,oat:z_threshold=1.0,z_threshold,1.0,cell_type,center,800,0.9875,0.295,0.3075
synthetic_normal,synthetic,margin_drop,oat:z_threshold=1.0,z_threshold,1.0,cell_type,corner,800,0.965,0.20125,0.23625
synthetic_normal,synthetic,margin_drop,oat:z_threshold=1.0,z_threshold,1.0,cell_type,edge,1600,0.9725,0.22875,0.25625
synthetic_normal,synthetic,margin_drop,oat:z_threshold=1.5,z_threshold,1.5,cell,r0/c0,200,0.995,0.13,0.135
synthetic_normal,synthetic,margin_drop,oat:z_threshold=1.5,z_threshold,1.5,cell,r0/c1,200,0.985,0.155,0.17
synthetic_normal,synthetic,margin_drop,oat:z_threshold=1.5,z_threshold,1.5,cell,r0/c2,200,0.975,0.21,0.235
synthetic_normal,synthetic,margin_drop,oat:z_threshold=1.5,z_threshold,1.5,cell,r0/c3,200,0.99,0.19,0.2
synthetic_normal,synthetic,margin_drop,oat:z_threshold=1.5,z_threshold,1.5,cell,r1/c0,200,0.995,0.185,0.19
synthetic_normal,synthetic,margin_drop,oat:z_threshold=1.5,z_threshold,1.5,cell,r1/c1,200,1.0,0.285,0.285
synthetic_normal,synthetic,margin_drop,oat:z_threshold=1.5,z_threshold,1.5,cell,r1/c2,200,0.99,0.25,0.26
synthetic_normal,synthetic,margin_drop,oat:z_threshold=1.5,z_threshold,1.5,cell,r1/c3,200,0.975,0.205,0.23
synthetic_normal,synthetic,margin_drop,oat:z_threshold=1.5,z_threshold,1.5,cell,r2/c0,200,0.985,0.21,0.225
synthetic_normal,synthetic,margin_drop,oat:z_threshold=1.5,z_threshold,1.5,cell,r2/c1,200,1.0,0.31,0.31
synthetic_normal,synthetic,margin_drop,oat:z_threshold=1.5,z_threshold,1.5,cell,r2/c2,200,0.985,0.335,0.35
synthetic_normal,synthetic,margin_drop,oat:z_threshold=1.5,z_threshold,1.5,cell,r2/c3,200,0.985,0.26,0.275
synthetic_normal,synthetic,margin_drop,oat:z_threshold=1.5,z_threshold,1.5,cell,r3/c0,200,0.96,0.215,0.255
synthetic_normal,synthetic,margin_drop,oat:z_threshold=1.5,z_threshold,1.5,cell,r3/c1,200,0.99,0.31,0.32
synthetic_normal,synthetic,margin_drop,oat:z_threshold=1.5,z_threshold,1.5,cell,r3/c2,200,0.995,0.295,0.3
synthetic_normal,synthetic,margin_drop,oat:z_threshold=1.5,z_threshold,1.5,cell,r3/c3,200,0.985,0.27,0.285
synthetic_normal,synthetic,margin_drop,oat:z_threshold=1.5,z_threshold,1.5,cell_type,center,800,0.99375,0.295,0.30125
synthetic_normal,synthetic,margin_drop,oat:z_threshold=1.5,z_threshold,1.5,cell_type,corner,800,0.9825,0.20125,0.21875
synthetic_normal,synthetic,margin_drop,oat:z_threshold=1.5,z_threshold,1.5,cell_type,edge,1600,0.985625,0.22875,0.243125
synthetic_normal,synthetic,margin_drop,oat:z_threshold=2.0,z_threshold,2.0,cell,r0/c0,200,1.0,0.13,0.13
synthetic_normal,synthetic,margin_drop,oat:z_threshold=2.0,z_threshold,2.0,cell,r0/c1,200,1.0,0.155,0.155
synthetic_normal,synthetic,margin_drop,oat:z_threshold=2.0,z_threshold,2.0,cell,r0/c2,200,1.0,0.21,0.21
synthetic_normal,synthetic,margin_drop,oat:z_threshold=2.0,z_threshold,2.0,cell,r0/c3,200,1.0,0.19,0.19
synthetic_normal,synthetic,margin_drop,oat:z_threshold=2.0,z_threshold,2.0,cell,r1/c0,200,1.0,0.185,0.185
synthetic_normal,synthetic,margin_drop,oat:z_threshold=2.0,z_threshold,2.0,cell,r1/c1,200,1.0,0.285,0.285
synthetic_normal,synthetic,margin_drop,oat:z_threshold=2.0,z_threshold,2.0,cell,r1/c2,200,1.0,0.25,0.25
synthetic_normal,synthetic,margin_drop,oat:z_threshold=2.0,z_threshold,2.0,cell,r1/c3,200,1.0,0.205,0.205
synthetic_normal,synthetic,margin_drop,oat:z_threshold=2.0,z_threshold,2.0,cell,r2/c0,200,1.0,0.21,0.21
synthetic_normal,synthetic,margin_drop,oat:z_threshold=2.0,z_threshold,2.0,cell,r2/c1,200,1.0,0.31,0.31
synthetic_normal,synthetic,margin_drop,oat:z_threshold=2.0,z_threshold,2.0,cell,r2/c2,200,1.0,0.335,0.335
synthetic_normal,synthetic,margin_drop,oat:z_threshold=2.0,z_threshold,2.0,cell,r2/c3,200,1.0,0.26,0.26
synthetic_normal,synthetic,margin_drop,oat:z_threshold=2.0,z_threshold,2.0,cell,r3/c0,200,1.0,0.215,0.215
synthetic_normal,synthetic,margin_drop,oat:z_threshold=2.0,z_threshold,2.0,cell,r3/c1,200,1.0,0.31,0.31
synthetic_normal,synthetic,margin_drop,oat:z_threshold=2.0,z_threshold,2.0,cell,r3/c2,200,1.0,0.295,0.295
synthetic_normal,synthetic,margin_drop,oat:z_threshold=2.0,z_threshold,2.0,cell,r3/c3,200,1.0,0.27,0.27
synthetic_normal,synthetic,margin_drop,oat:z_threshold=2.0,z_threshold,2.0,cell_type,center,800,1.0,0.295,0.295
synthetic_normal,synthetic,margin_drop,oat:z_threshold=2.0,z_threshold,2.0,cell_type,corner,800,1.0,0.20125,0.20125
synthetic_normal,synthetic,margin_drop,oat:z_threshold=2.0,z_threshold,2.0,cell_type,edge,1600,1.0,0.22875,0.22875
synthetic_normal,synthetic,margin_drop,oat:z_threshold=2.5,z_threshold,2.5,cell,r0/c0,200,0.99,0.13,0.12
synthetic_normal,synthetic,margin_drop,oat:z_threshold=2.5,z_threshold,2.5,cell,r0/c1,200,1.0,0.155,0.155
synthetic_normal,synthetic,margin_drop,oat:z_threshold=2.5,z_threshold,2.5,cell,r0/c2,200,0.97,0.21,0.18
synthetic_normal,synthetic,margin_drop,oat:z_threshold=2.5,z_threshold,2.5,cell,r0/c3,200,0.975,0.19,0.165
synthetic_normal,synthetic,margin_drop,oat:z_threshold=2.5,z_threshold,2.5,cell,r1/c0,200,0.995,0.185,0.18
synthetic_normal,synthetic,margin_drop,oat:z_threshold=2.5,z_threshold,2.5,cell,r1/c1,200,0.995,0.285,0.28
synthetic_normal,synthetic,margin_drop,oat:z_threshold=2.5,z_threshold,2.5,cell,r1/c2,200,1.0,0.25,0.25
synthetic_normal,synthetic,margin_drop,oat:z_threshold=2.5,z_threshold,2.5,cell,r1/c3,200,0.98,0.205,0.185
synthetic_normal,synthetic,margin_drop,oat:z_threshold=2.5,z_threshold,2.5,cell,r2/c0,200,0.975,0.21,0.185
synthetic_normal,synthetic,margin_drop,oat:z_threshold=2.5,z_threshold,2.5,cell,r2/c1,200,0.995,0.31,0.305
synthetic_normal,synthetic,margin_drop,oat:z_threshold=2.5,z_threshold,2.5,cell,r2/c2,200,0.995,0.335,0.33
synthetic_normal,synthetic,margin_drop,oat:z_threshold=2.5,z_threshold,2.5,cell,r2/c3,200,0.98,0.26,0.24
synthetic_normal,synthetic,margin_drop,oat:z_threshold=2.5,z_threshold,2.5,cell,r3/c0,200,0.99,0.215,0.205
synthetic_normal,synthetic,margin_drop,oat:z_threshold=2.5,z_threshold,2.5,cell,r3/c1,200,0.99,0.31,0.3
synthetic_normal,synthetic,margin_drop,oat:z_threshold=2.5,z_threshold,2.5,cell,r3/c2,200,0.99,0.295,0.285
synthetic_normal,synthetic,margin_drop,oat:z_threshold=2.5,z_threshold,2.5,cell,r3/c3,200,0.975,0.27,0.245
synthetic_normal,synthetic,margin_drop,oat:z_threshold=2.5,z_threshold,2.5,cell_type,center,800,0.99625,0.295,0.29125
synthetic_normal,synthetic,margin_drop,oat:z_threshold=2.5,z_threshold,2.5,cell_type,corner,800,0.9825,0.20125,0.18375
synthetic_normal,synthetic,margin_drop,oat:z_threshold=2.5,z_threshold,2.5,cell_type,edge,1600,0.985,0.22875,0.21375
synthetic_normal,synthetic,margin_drop,oat:z_threshold=3.0,z_threshold,3.0,cell,r0/c0,200,0.98,0.13,0.11
synthetic_normal,synthetic,margin_drop,oat:z_threshold=3.0,z_threshold,3.0,cell,r0/c1,200,0.995,0.155,0.15
synthetic_normal,synthetic,margin_drop,oat:z_threshold=3.0,z_threshold,3.0,cell,r0/c2,200,0.965,0.21,0.175
synthetic_normal,synthetic,margin_drop,oat:z_threshold=3.0,z_threshold,3.0,cell,r0/c3,200,0.965,0.19,0.155
synthetic_normal,synthetic,margin_drop,oat:z_threshold=3.0,z_threshold,3.0,cell,r1/c0,200,0.98,0.185,0.165
synthetic_normal,synthetic,margin_drop,oat:z_threshold=3.0,z_threshold,3.0,cell,r1/c1,200,0.965,0.285,0.25
synthetic_normal,synthetic,margin_drop,oat:z_threshold=3.0,z_threshold,3.0,cell,r1/c2,200,0.99,0.25,0.24
synthetic_normal,synthetic,margin_drop,oat:z_threshold=3.0,z_threshold,3.0,cell,r1/c3,200,0.95,0.205,0.155
synthetic_normal,synthetic,margin_drop,oat:z_threshold=3.0,z_threshold,3.0,cell,r2/c0,200,0.955,0.21,0.165
synthetic_normal,synthetic,margin_drop,oat:z_threshold=3.0,z_threshold,3.0,cell,r2/c1,200,0.985,0.31,0.295
synthetic_normal,synthetic,margin_drop,oat:z_threshold=3.0,z_threshold,3.0,cell,r2/c2,200,0.985,0.335,0.32
synthetic_normal,synthetic,margin_drop,oat:z_threshold=3.0,z_threshold,3.0,cell,r2/c3,200,0.975,0.26,0.235
synthetic_normal,synthetic,margin_drop,oat:z_threshold=3.0,z_threshold,3.0,cell,r3/c0,200,0.98,0.215,0.195
synthetic_normal,synthetic,margin_drop,oat:z_threshold=3.0,z_threshold,3.0,cell,r3/c1,200,0.98,0.31,0.29
synthetic_normal,synthetic,margin_drop,oat:z_threshold=3.0,z_threshold,3.0,cell,r3/c2,200,0.97,0.295,0.265
synthetic_normal,synthetic,margin_drop,oat:z_threshold=3.0,z_threshold,3.0,cell,r3/c3,200,0.96,0.27,0.23
synthetic_normal,synthetic,margin_drop,oat:z_threshold=3.0,z_threshold,3.0,cell_type,center,800,0.98125,0.295,0.27625
synthetic_normal,synthetic,margin_drop,oat:z_threshold=3.0,z_threshold,3.0,cell_type,corner,800,0.97125,0.20125,0.1725
synthetic_normal,synthetic,margin_drop,oat:z_threshold=3.0,z_threshold,3.0,cell_type,edge,1600,0.97125,0.22875,0.2
synthetic_normal,synthetic,margin_drop,oat:z_threshold=4.0,z_threshold,4.0,cell,r0/c0,200,0.975,0.13,0.105
synthetic_normal,synthetic,margin_drop,oat:z_threshold=4.0,z_threshold,4.0,cell,r0/c1,200,0.99,0.155,0.145
synthetic_normal,synthetic,margin_drop,oat:z_threshold=4.0,z_threshold,4.0,cell,r0/c2,200,0.95,0.21,0.16
synthetic_normal,synthetic,margin_drop,oat:z_threshold=4.0,z_threshold,4.0,cell,r0/c3,200,0.95,0.19,0.14
synthetic_normal,synthetic,margin_drop,oat:z_threshold=4.0,z_threshold,4.0,cell,r1/c0,200,0.975,0.185,0.16
synthetic_normal,synthetic,margin_drop,oat:z_threshold=4.0,z_threshold,4.0,cell,r1/c1,200,0.945,0.285,0.23
synthetic_normal,synthetic,margin_drop,oat:z_threshold=4.0,z_threshold,4.0,cell,r1/c2,200,0.97,0.25,0.22
synthetic_normal,synthetic,margin_drop,oat:z_threshold=4.0,z_threshold,4.0,cell,r1/c3,200,0.925,0.205,0.13
synthetic_normal,synthetic,margin_drop,oat:z_threshold=4.0,z_threshold,4.0,cell,r2/c0,200,0.93,0.21,0.14
synthetic_normal,synthetic,margin_drop,oat:z_threshold=4.0,z_threshold,4.0,cell,r2/c1,200,0.965,0.31,0.275
synthetic_normal,synthetic,margin_drop,oat:z_threshold=4.0,z_threshold,4.0,cell,r2/c2,200,0.975,0.335,0.31
synthetic_normal,synthetic,margin_drop,oat:z_threshold=4.0,z_threshold,4.0,cell,r2/c3,200,0.955,0.26,0.215
synthetic_normal,synthetic,margin_drop,oat:z_threshold=4.0,z_threshold,4.0,cell,r3/c0,200,0.965,0.215,0.18
synthetic_normal,synthetic,margin_drop,oat:z_threshold=4.0,z_threshold,4.0,cell,r3/c1,200,0.95,0.31,0.26
synthetic_normal,synthetic,margin_drop,oat:z_threshold=4.0,z_threshold,4.0,cell,r3/c2,200,0.96,0.295,0.255
synthetic_normal,synthetic,margin_drop,oat:z_threshold=4.0,z_threshold,4.0,cell,r3/c3,200,0.92,0.27,0.19
synthetic_normal,synthetic,margin_drop,oat:z_threshold=4.0,z_threshold,4.0,cell_type,center,800,0.96375,0.295,0.25875
synthetic_normal,synthetic,margin_drop,oat:z_threshold=4.0,z_threshold,4.0,cell_type,corner,800,0.9525,0.20125,0.15375
synthetic_normal,synthetic,margin_drop,oat:z_threshold=4.0,z_threshold,4.0,cell_type,edge,1600,0.954375,0.22875,0.183125
synthetic_normal,synthetic,margin_drop,oat:sign_alpha=0.0,sign_alpha,0.0,cell,r0/c0,200,1.0,0.13,0.13
synthetic_normal,synthetic,margin_drop,oat:sign_alpha=0.0,sign_alpha,0.0,cell,r0/c1,200,1.0,0.155,0.155
synthetic_normal,synthetic,margin_drop,oat:sign_alpha=0.0,sign_alpha,0.0,cell,r0/c2,200,1.0,0.21,0.21
synthetic_normal,synthetic,margin_drop,oat:sign_alpha=0.0,sign_alpha,0.0,cell,r0/c3,200,1.0,0.19,0.19
synthetic_normal,synthetic,margin_drop,oat:sign_alpha=0.0,sign_alpha,0.0,cell,r1/c0,200,1.0,0.185,0.185
synthetic_normal,synthetic,margin_drop,oat:sign_alpha=0.0,sign_alpha,0.0,cell,r1/c1,200,1.0,0.285,0.285
synthetic_normal,synthetic,margin_drop,oat:sign_alpha=0.0,sign_alpha,0.0,cell,r1/c2,200,1.0,0.25,0.25
synthetic_normal,synthetic,margin_drop,oat:sign_alpha=0.0,sign_alpha,0.0,cell,r1/c3,200,1.0,0.205,0.205
synthetic_normal,synthetic,margin_drop,oat:sign_alpha=0.0,sign_alpha,0.0,cell,r2/c0,200,1.0,0.21,0.21
synthetic_normal,synthetic,margin_drop,oat:sign_alpha=0.0,sign_alpha,0.0,cell,r2/c1,200,1.0,0.31,0.31
synthetic_normal,synthetic,margin_drop,oat:sign_alpha=0.0,sign_alpha,0.0,cell,r2/c2,200,1.0,0.335,0.335
synthetic_normal,synthetic,margin_drop,oat:sign_alpha=0.0,sign_alpha,0.0,cell,r2/c3,200,1.0,0.26,0.26
synthetic_normal,synthetic,margin_drop,oat:sign_alpha=0.0,sign_alpha,0.0,cell,r3/c0,200,1.0,0.215,0.215
synthetic_normal,synthetic,margin_drop,oat:sign_alpha=0.0,sign_alpha,0.0,cell,r3/c1,200,1.0,0.31,0.31
synthetic_normal,synthetic,margin_drop,oat:sign_alpha=0.0,sign_alpha,0.0,cell,r3/c2,200,1.0,0.295,0.295
synthetic_normal,synthetic,margin_drop,oat:sign_alpha=0.0,sign_alpha,0.0,cell,r3/c3,200,1.0,0.27,0.27
synthetic_normal,synthetic,margin_drop,oat:sign_alpha=0.0,sign_alpha,0.0,cell_type,center,800,1.0,0.295,0.295
synthetic_normal,synthetic,margin_drop,oat:sign_alpha=0.0,sign_alpha,0.0,cell_type,corner,800,1.0,0.20125,0.20125
synthetic_normal,synthetic,margin_drop,oat:sign_alpha=0.0,sign_alpha,0.0,cell_type,edge,1600,1.0,0.22875,0.22875
synthetic_normal,synthetic,margin_drop,oat:sign_alpha=0.01,sign_alpha,0.01,cell,r0/c0,200,0.99,0.13,0.125
synthetic_normal,synthetic,margin_drop,oat:sign_alpha=0.01,sign_alpha,0.01,cell,r0/c1,200,0.985,0.155,0.145
synthetic_normal,synthetic,margin_drop,oat:sign_alpha=0.01,sign_alpha,0.01,cell,r0/c2,200,0.99,0.21,0.205
synthetic_normal,synthetic,margin_drop,oat:sign_alpha=0.01,sign_alpha,0.01,cell,r0/c3,200,0.98,0.19,0.175
synthetic_normal,synthetic,margin_drop,oat:sign_alpha=0.01,sign_alpha,0.01,cell,r1/c0,200,0.99,0.185,0.18
synthetic_normal,synthetic,margin_drop,oat:sign_alpha=0.01,sign_alpha,0.01,cell,r1/c1,200,1.0,0.285,0.285
synthetic_normal,synthetic,margin_drop,oat:sign_alpha=0.01,sign_alpha,0.01,cell,r1/c2,200,1.0,0.25,0.25
synthetic_normal,synthetic,margin_drop,oat:sign_alpha=0.01,sign_alpha,0.01,cell,r1/c3,200,1.0,0.205,0.205
synthetic_normal,synthetic,margin_drop,oat:sign_alpha=0.01,sign_alpha,0.01,cell,r2/c0,200,0.995,0.21,0.205
synthetic_normal,synthetic,margin_drop,oat:sign_alpha=0.01,sign_alpha,0.01,cell,r2/c1,200,0.995,0.31,0.31
synthetic_normal,synthetic,margin_drop,oat:sign_alpha=0.01,sign_alpha,0.01,cell,r2/c2,200,0.995,0.335,0.33
synthetic_normal,synthetic,margin_drop,oat:sign_alpha=0.01,sign_alpha,0.01,cell,r2/c3,200,0.995,0.26,0.255
synthetic_normal,synthetic,margin_drop,oat:sign_alpha=0.01,sign_alpha,0.01,cell,r3/c0,200,0.985,0.215,0.21
synthetic_normal,synthetic,margin_drop,oat:sign_alpha=0.01,sign_alpha,0.01,cell,r3/c1,200,0.995,0.31,0.305
synthetic_normal,synthetic,margin_drop,oat:sign_alpha=0.01,sign_alpha,0.01,cell,r3/c2,200,0.995,0.295,0.29
synthetic_normal,synthetic,margin_drop,oat:sign_alpha=0.01,sign_alpha,0.01,cell,r3/c3,200,0.995,0.27,0.27
synthetic_normal,synthetic,margin_drop,oat:sign_alpha=0.01,sign_alpha,0.01,cell_type,center,800,0.9975,0.295,0.29375
synthetic_normal,synthetic,margin_drop,oat:sign_alpha=0.01,sign_alpha,0.01,cell_type,corner,800,0.9875,0.20125,0.195
synthetic_normal,synthetic,margin_drop,oat:sign_alpha=0.01,sign_alpha,0.01,cell_type,edge,1600,0.993125,0.22875,0.22375
synthetic_normal,synthetic,margin_drop,oat:sign_alpha=0.05,sign_alpha,0.05,cell,r0/c0,200,0.975,0.13,0.115
synthetic_normal,synthetic,margin_drop,oat:sign_alpha=0.05,sign_alpha,0.05,cell,r0/c1,200,0.97,0.155,0.135
synthetic_normal,synthetic,margin_drop,oat:sign_alpha=0.05,sign_alpha,0.05,cell,r0/c2,200,0.975,0.21,0.195
synthetic_normal,synthetic,margin_drop,oat:sign_alpha=0.05,sign_alpha,0.05,cell,r0/c3,200,0.915,0.19,0.145
synthetic_normal,synthetic,margin_drop,oat:sign_alpha=0.05,sign_alpha,0.05,cell,r1/c0,200,0.975,0.185,0.17
synthetic_normal,synthetic,margin_drop,oat:sign_alpha=0.05,sign_alpha,0.05,cell,r1/c1,200,0.985,0.285,0.27
synthetic_normal,synthetic,margin_drop,oat:sign_alpha=0.05,sign_alpha,0.05,cell,r1/c2,200,0.985,0.25,0.245
synthetic_normal,synthetic,margin_drop,oat:sign_alpha=0.05,sign_alpha,0.05,cell,r1/c3,200,0.985,0.205,0.2
synthetic_normal,synthetic,margin_drop,oat:sign_alpha=0.05,sign_alpha,0.05,cell,r2/c0,200,0.99,0.21,0.205
synthetic_normal,synthetic,margin_drop,oat:sign_alpha=0.05,sign_alpha,0.05,cell,r2/c1,200,0.985,0.31,0.3
synthetic_normal,synthetic,margin_drop,oat:sign_alpha=0.05,sign_alpha,0.05,cell,r2/c2,200,0.975,0.335,0.315
synthetic_normal,synthetic,margin_drop,oat:sign_alpha=0.05,sign_alpha,0.05,cell,r2/c3,200,0.995,0.26,0.255
synthetic_normal,synthetic,margin_drop,oat:sign_alpha=0.05,sign_alpha,0.05,cell,r3/c0,200,0.975,0.215,0.205
synthetic_normal,synthetic,margin_drop,oat:sign_alpha=0.05,sign_alpha,0.05,cell,r3/c1,200,0.98,0.31,0.29
synthetic_normal,synthetic,margin_drop,oat:sign_alpha=0.05,sign_alpha,0.05,cell,r3/c2,200,0.965,0.295,0.275
synthetic_normal,synthetic,margin_drop,oat:sign_alpha=0.05,sign_alpha,0.05,cell,r3/c3,200,0.96,0.27,0.265
synthetic_normal,synthetic,margin_drop,oat:sign_alpha=0.05,sign_alpha,0.05,cell_type,center,800,0.9825,0.295,0.2825
synthetic_normal,synthetic,margin_drop,oat:sign_alpha=0.05,sign_alpha,0.05,cell_type,corner,800,0.95625,0.20125,0.1825
synthetic_normal,synthetic,margin_drop,oat:sign_alpha=0.05,sign_alpha,0.05,cell_type,edge,1600,0.979375,0.22875,0.215625
synthetic_normal,synthetic,margin_drop,oat:sign_alpha=0.1,sign_alpha,0.1,cell,r0/c0,200,0.96,0.13,0.105
synthetic_normal,synthetic,margin_drop,oat:sign_alpha=0.1,sign_alpha,0.1,cell,r0/c1,200,0.935,0.155,0.12
synthetic_normal,synthetic,margin_drop,oat:sign_alpha=0.1,sign_alpha,0.1,cell,r0/c2,200,0.945,0.21,0.17
synthetic_normal,synthetic,margin_drop,oat:sign_alpha=0.1,sign_alpha,0.1,cell,r0/c3,200,0.88,0.19,0.13
synthetic_normal,synthetic,margin_drop,oat:sign_alpha=0.1,sign_alpha,0.1,cell,r1/c0,200,0.945,0.185,0.155
synthetic_normal,synthetic,margin_drop,oat:sign_alpha=0.1,sign_alpha,0.1,cell,r1/c1,200,0.97,0.285,0.26
synthetic_normal,synthetic,margin_drop,oat:sign_alpha=0.1,sign_alpha,0.1,cell,r1/c2,200,0.98,0.25,0.245
synthetic_normal,synthetic,margin_drop,oat:sign_alpha=0.1,sign_alpha,0.1,cell,r1/c3,200,0.97,0.205,0.19
synthetic_normal,synthetic,margin_drop,oat:sign_alpha=0.1,sign_alpha,0.1,cell,r2/c0,200,0.95,0.21,0.175
synthetic_normal,synthetic,margin_drop,oat:sign_alpha=0.1,sign_alpha,0.1,cell,r2/c1,200,0.975,0.31,0.29
synthetic_normal,synthetic,margin_drop,oat:sign_alpha=0.1,sign_alpha,0.1,cell,r2/c2,200,0.97,0.335,0.315
synthetic_normal,synthetic,margin_drop,oat:sign_alpha=0.1,sign_alpha,0.1,cell,r2/c3,200,0.99,0.26,0.25
synthetic_normal,synthetic,margin_drop,oat:sign_alpha=0.1,sign_alpha,0.1,cell,r3/c0,200,0.94,0.215,0.185
synthetic_normal,synthetic,margin_drop,oat:sign_alpha=0.1,sign_alpha,0.1,cell,r3/c1,200,0.965,0.31,0.275
synthetic_normal,synthetic,margin_drop,oat:sign_alpha=0.1,sign_alpha,0.1,cell,r3/c2,200,0.95,0.295,0.265
synthetic_normal,synthetic,margin_drop,oat:sign_alpha=0.1,sign_alpha,0.1,cell,r3/c3,200,0.94,0.27,0.255
synthetic_normal,synthetic,margin_drop,oat:sign_alpha=0.1,sign_alpha,0.1,cell_type,center,800,0.97375,0.295,0.2775
synthetic_normal,synthetic,margin_drop,oat:sign_alpha=0.1,sign_alpha,0.1,cell_type,corner,800,0.93,0.20125,0.16875
synthetic_normal,synthetic,margin_drop,oat:sign_alpha=0.1,sign_alpha,0.1,cell_type,edge,1600,0.95625,0.22875,0.2
synthetic_normal,synthetic,margin_drop,oat:sign_alpha=0.25,sign_alpha,0.25,cell,r0/c0,200,0.885,0.13,0.07
synthetic_normal,synthetic,margin_drop,oat:sign_alpha=0.25,sign_alpha,0.25,cell,r0/c1,200,0.89,0.155,0.095
synthetic_normal,synthetic,margin_drop,oat:sign_alpha=0.25,sign_alpha,0.25,cell,r0/c2,200,0.875,0.21,0.14
synthetic_normal,synthetic,margin_drop,oat:sign_alpha=0.25,sign_alpha,0.25,cell,r0/c3,200,0.76,0.19,0.07
synthetic_normal,synthetic,margin_drop,oat:sign_alpha=0.25,sign_alpha,0.25,cell,r1/c0,200,0.88,0.185,0.115
synthetic_normal,synthetic,margin_drop,oat:sign_alpha=0.25,sign_alpha,0.25,cell,r1/c1,200,0.885,0.285,0.21
synthetic_normal,synthetic,margin_drop,oat:sign_alpha=0.25,sign_alpha,0.25,cell,r1/c2,200,0.94,0.25,0.21
synthetic_normal,synthetic,margin_drop,oat:sign_alpha=0.25,sign_alpha,0.25,cell,r1/c3,200,0.885,0.205,0.135
synthetic_normal,synthetic,margin_drop,oat:sign_alpha=0.25,sign_alpha,0.25,cell,r2/c0,200,0.885,0.21,0.12
synthetic_normal,synthetic,margin_drop,oat:sign_alpha=0.25,sign_alpha,0.25,cell,r2/c1,200,0.925,0.31,0.25
synthetic_normal,synthetic,margin_drop,oat:sign_alpha=0.25,sign_alpha,0.25,cell,r2/c2,200,0.92,0.335,0.295
synthetic_normal,synthetic,margin_drop,oat:sign_alpha=0.25,sign_alpha,0.25,cell,r2/c3,200,0.91,0.26,0.2
synthetic_normal,synthetic,margin_drop,oat:sign_alpha=0.25,sign_alpha,0.25,cell,r3/c0,200,0.875,0.215,0.155
synthetic_normal,synthetic,margin_drop,oat:sign_alpha=0.25,sign_alpha,0.25,cell,r3/c1,200,0.905,0.31,0.245
synthetic_normal,synthetic,margin_drop,oat:sign_alpha=0.25,sign_alpha,0.25,cell,r3/c2,200,0.89,0.295,0.225
synthetic_normal,synthetic,margin_drop,oat:sign_alpha=0.25,sign_alpha,0.25,cell,r3/c3,200,0.85,0.27,0.205
synthetic_normal,synthetic,margin_drop,oat:sign_alpha=0.25,sign_alpha,0.25,cell_type,center,800,0.9175,0.295,0.24125
synthetic_normal,synthetic,margin_drop,oat:sign_alpha=0.25,sign_alpha,0.25,cell_type,corner,800,0.8425,0.20125,0.125
synthetic_normal,synthetic,margin_drop,oat:sign_alpha=0.25,sign_alpha,0.25,cell_type,edge,1600,0.89,0.22875,0.159375
synthetic_normal,synthetic,margin_drop,oat:min_multi_strategy=2,min_multi_strategy,2,cell,r0/c0,200,1.0,0.13,0.13
synthetic_normal,synthetic,margin_drop,oat:min_multi_strategy=2,min_multi_strategy,2,cell,r0/c1,200,1.0,0.155,0.155
synthetic_normal,synthetic,margin_drop,oat:min_multi_strategy=2,min_multi_strategy,2,cell,r0/c2,200,1.0,0.21,0.21
synthetic_normal,synthetic,margin_drop,oat:min_multi_strategy=2,min_multi_strategy,2,cell,r0/c3,200,1.0,0.19,0.19
synthetic_normal,synthetic,margin_drop,oat:min_multi_strategy=2,min_multi_strategy,2,cell,r1/c0,200,1.0,0.185,0.185
synthetic_normal,synthetic,margin_drop,oat:min_multi_strategy=2,min_multi_strategy,2,cell,r1/c1,200,1.0,0.285,0.285
synthetic_normal,synthetic,margin_drop,oat:min_multi_strategy=2,min_multi_strategy,2,cell,r1/c2,200,1.0,0.25,0.25
synthetic_normal,synthetic,margin_drop,oat:min_multi_strategy=2,min_multi_strategy,2,cell,r1/c3,200,1.0,0.205,0.205
synthetic_normal,synthetic,margin_drop,oat:min_multi_strategy=2,min_multi_strategy,2,cell,r2/c0,200,1.0,0.21,0.21
synthetic_normal,synthetic,margin_drop,oat:min_multi_strategy=2,min_multi_strategy,2,cell,r2/c1,200,1.0,0.31,0.31
synthetic_normal,synthetic,margin_drop,oat:min_multi_strategy=2,min_multi_strategy,2,cell,r2/c2,200,1.0,0.335,0.335
synthetic_normal,synthetic,margin_drop,oat:min_multi_strategy=2,min_multi_strategy,2,cell,r2/c3,200,1.0,0.26,0.26
synthetic_normal,synthetic,margin_drop,oat:min_multi_strategy=2,min_multi_strategy,2,cell,r3/c0,200,1.0,0.215,0.215
synthetic_normal,synthetic,margin_drop,oat:min_multi_strategy=2,min_multi_strategy,2,cell,r3/c1,200,1.0,0.31,0.31
synthetic_normal,synthetic,margin_drop,oat:min_multi_strategy=2,min_multi_strategy,2,cell,r3/c2,200,1.0,0.295,0.295
synthetic_normal,synthetic,margin_drop,oat:min_multi_strategy=2,min_multi_strategy,2,cell,r3/c3,200,1.0,0.27,0.27
synthetic_normal,synthetic,margin_drop,oat:min_multi_strategy=2,min_multi_strategy,2,cell_type,center,800,1.0,0.295,0.295
synthetic_normal,synthetic,margin_drop,oat:min_multi_strategy=2,min_multi_strategy,2,cell_type,corner,800,1.0,0.20125,0.20125
synthetic_normal,synthetic,margin_drop,oat:min_multi_strategy=2,min_multi_strategy,2,cell_type,edge,1600,1.0,0.22875,0.22875
synthetic_normal,synthetic,margin_drop,oat:min_multi_strategy=3,min_multi_strategy,3,cell,r0/c0,200,1.0,0.13,0.13
synthetic_normal,synthetic,margin_drop,oat:min_multi_strategy=3,min_multi_strategy,3,cell,r0/c1,200,1.0,0.155,0.155
synthetic_normal,synthetic,margin_drop,oat:min_multi_strategy=3,min_multi_strategy,3,cell,r0/c2,200,1.0,0.21,0.21
synthetic_normal,synthetic,margin_drop,oat:min_multi_strategy=3,min_multi_strategy,3,cell,r0/c3,200,1.0,0.19,0.19
synthetic_normal,synthetic,margin_drop,oat:min_multi_strategy=3,min_multi_strategy,3,cell,r1/c0,200,1.0,0.185,0.185
synthetic_normal,synthetic,margin_drop,oat:min_multi_strategy=3,min_multi_strategy,3,cell,r1/c1,200,1.0,0.285,0.285
synthetic_normal,synthetic,margin_drop,oat:min_multi_strategy=3,min_multi_strategy,3,cell,r1/c2,200,1.0,0.25,0.25
synthetic_normal,synthetic,margin_drop,oat:min_multi_strategy=3,min_multi_strategy,3,cell,r1/c3,200,1.0,0.205,0.205
synthetic_normal,synthetic,margin_drop,oat:min_multi_strategy=3,min_multi_strategy,3,cell,r2/c0,200,1.0,0.21,0.21
synthetic_normal,synthetic,margin_drop,oat:min_multi_strategy=3,min_multi_strategy,3,cell,r2/c1,200,1.0,0.31,0.31
synthetic_normal,synthetic,margin_drop,oat:min_multi_strategy=3,min_multi_strategy,3,cell,r2/c2,200,1.0,0.335,0.335
synthetic_normal,synthetic,margin_drop,oat:min_multi_strategy=3,min_multi_strategy,3,cell,r2/c3,200,1.0,0.26,0.26
synthetic_normal,synthetic,margin_drop,oat:min_multi_strategy=3,min_multi_strategy,3,cell,r3/c0,200,1.0,0.215,0.215
synthetic_normal,synthetic,margin_drop,oat:min_multi_strategy=3,min_multi_strategy,3,cell,r3/c1,200,1.0,0.31,0.31
synthetic_normal,synthetic,margin_drop,oat:min_multi_strategy=3,min_multi_strategy,3,cell,r3/c2,200,1.0,0.295,0.295
synthetic_normal,synthetic,margin_drop,oat:min_multi_strategy=3,min_multi_strategy,3,cell,r3/c3,200,1.0,0.27,0.27
synthetic_normal,synthetic,margin_drop,oat:min_multi_strategy=3,min_multi_strategy,3,cell_type,center,800,1.0,0.295,0.295
synthetic_normal,synthetic,margin_drop,oat:min_multi_strategy=3,min_multi_strategy,3,cell_type,corner,800,1.0,0.20125,0.20125
synthetic_normal,synthetic,margin_drop,oat:min_multi_strategy=3,min_multi_strategy,3,cell_type,edge,1600,1.0,0.22875,0.22875
synthetic_normal,synthetic,margin_drop,oat:min_multi_strategy=4,min_multi_strategy,4,cell,r0/c0,200,1.0,0.13,0.13
synthetic_normal,synthetic,margin_drop,oat:min_multi_strategy=4,min_multi_strategy,4,cell,r0/c1,200,1.0,0.155,0.155
synthetic_normal,synthetic,margin_drop,oat:min_multi_strategy=4,min_multi_strategy,4,cell,r0/c2,200,1.0,0.21,0.21
synthetic_normal,synthetic,margin_drop,oat:min_multi_strategy=4,min_multi_strategy,4,cell,r0/c3,200,1.0,0.19,0.19
synthetic_normal,synthetic,margin_drop,oat:min_multi_strategy=4,min_multi_strategy,4,cell,r1/c0,200,1.0,0.185,0.185
synthetic_normal,synthetic,margin_drop,oat:min_multi_strategy=4,min_multi_strategy,4,cell,r1/c1,200,1.0,0.285,0.285
synthetic_normal,synthetic,margin_drop,oat:min_multi_strategy=4,min_multi_strategy,4,cell,r1/c2,200,1.0,0.25,0.25
synthetic_normal,synthetic,margin_drop,oat:min_multi_strategy=4,min_multi_strategy,4,cell,r1/c3,200,1.0,0.205,0.205
synthetic_normal,synthetic,margin_drop,oat:min_multi_strategy=4,min_multi_strategy,4,cell,r2/c0,200,1.0,0.21,0.21
synthetic_normal,synthetic,margin_drop,oat:min_multi_strategy=4,min_multi_strategy,4,cell,r2/c1,200,1.0,0.31,0.31
synthetic_normal,synthetic,margin_drop,oat:min_multi_strategy=4,min_multi_strategy,4,cell,r2/c2,200,1.0,0.335,0.335
synthetic_normal,synthetic,margin_drop,oat:min_multi_strategy=4,min_multi_strategy,4,cell,r2/c3,200,1.0,0.26,0.26
synthetic_normal,synthetic,margin_drop,oat:min_multi_strategy=4,min_multi_strategy,4,cell,r3/c0,200,1.0,0.215,0.215
synthetic_normal,synthetic,margin_drop,oat:min_multi_strategy=4,min_multi_strategy,4,cell,r3/c1,200,1.0,0.31,0.31
synthetic_normal,synthetic,margin_drop,oat:min_multi_strategy=4,min_multi_strategy,4,cell,r3/c2,200,1.0,0.295,0.295
synthetic_normal,synthetic,margin_drop,oat:min_multi_strategy=4,min_multi_strategy,4,cell,r3/c3,200,1.0,0.27,0.27
synthetic_normal,synthetic,margin_drop,oat:min_multi_strategy=4,min_multi_strategy,4,cell_type,center,800,1.0,0.295,0.295
synthetic_normal,synthetic,margin_drop,oat:min_multi_strategy=4,min_multi_strategy,4,cell_type,corner,800,1.0,0.20125,0.20125
synthetic_normal,synthetic,margin_drop,oat:min_multi_strategy=4,min_multi_strategy,4,cell_type,edge,1600,1.0,0.22875,0.22875
synthetic_normal,synthetic,margin_drop,oat:min_multi_strategy=5,min_multi_strategy,5,cell,r0/c0,200,1.0,0.13,0.13
synthetic_normal,synthetic,margin_drop,oat:min_multi_strategy=5,min_multi_strategy,5,cell,r0/c1,200,1.0,0.155,0.155
synthetic_normal,synthetic,margin_drop,oat:min_multi_strategy=5,min_multi_strategy,5,cell,r0/c2,200,1.0,0.21,0.21
synthetic_normal,synthetic,margin_drop,oat:min_multi_strategy=5,min_multi_strategy,5,cell,r0/c3,200,1.0,0.19,0.19
synthetic_normal,synthetic,margin_drop,oat:min_multi_strategy=5,min_multi_strategy,5,cell,r1/c0,200,1.0,0.185,0.185
synthetic_normal,synthetic,margin_drop,oat:min_multi_strategy=5,min_multi_strategy,5,cell,r1/c1,200,1.0,0.285,0.285
synthetic_normal,synthetic,margin_drop,oat:min_multi_strategy=5,min_multi_strategy,5,cell,r1/c2,200,1.0,0.25,0.25
synthetic_normal,synthetic,margin_drop,oat:min_multi_strategy=5,min_multi_strategy,5,cell,r1/c3,200,1.0,0.205,0.205
synthetic_normal,synthetic,margin_drop,oat:min_multi_strategy=5,min_multi_strategy,5,cell,r2/c0,200,1.0,0.21,0.21
synthetic_normal,synthetic,margin_drop,oat:min_multi_strategy=5,min_multi_strategy,5,cell,r2/c1,200,1.0,0.31,0.31
synthetic_normal,synthetic,margin_drop,oat:min_multi_strategy=5,min_multi_strategy,5,cell,r2/c2,200,1.0,0.335,0.335
synthetic_normal,synthetic,margin_drop,oat:min_multi_strategy=5,min_multi_strategy,5,cell,r2/c3,200,1.0,0.26,0.26
synthetic_normal,synthetic,margin_drop,oat:min_multi_strategy=5,min_multi_strategy,5,cell,r3/c0,200,1.0,0.215,0.215
synthetic_normal,synthetic,margin_drop,oat:min_multi_strategy=5,min_multi_strategy,5,cell,r3/c1,200,1.0,0.31,0.31
synthetic_normal,synthetic,margin_drop,oat:min_multi_strategy=5,min_multi_strategy,5,cell,r3/c2,200,1.0,0.295,0.295
synthetic_normal,synthetic,margin_drop,oat:min_multi_strategy=5,min_multi_strategy,5,cell,r3/c3,200,1.0,0.27,0.27
synthetic_normal,synthetic,margin_drop,oat:min_multi_strategy=5,min_multi_strategy,5,cell_type,center,800,1.0,0.295,0.295
synthetic_normal,synthetic,margin_drop,oat:min_multi_strategy=5,min_multi_strategy,5,cell_type,corner,800,1.0,0.20125,0.20125
synthetic_normal,synthetic,margin_drop,oat:min_multi_strategy=5,min_multi_strategy,5,cell_type,edge,1600,1.0,0.22875,0.22875
synthetic_normal,synthetic,margin_drop,oat:ci_level=90,ci_level,90,cell,r0/c0,200,1.0,0.13,0.13
synthetic_normal,synthetic,margin_drop,oat:ci_level=90,ci_level,90,cell,r0/c1,200,1.0,0.155,0.155
synthetic_normal,synthetic,margin_drop,oat:ci_level=90,ci_level,90,cell,r0/c2,200,1.0,0.21,0.21
synthetic_normal,synthetic,margin_drop,oat:ci_level=90,ci_level,90,cell,r0/c3,200,1.0,0.19,0.19
synthetic_normal,synthetic,margin_drop,oat:ci_level=90,ci_level,90,cell,r1/c0,200,1.0,0.185,0.185
synthetic_normal,synthetic,margin_drop,oat:ci_level=90,ci_level,90,cell,r1/c1,200,1.0,0.285,0.285
synthetic_normal,synthetic,margin_drop,oat:ci_level=90,ci_level,90,cell,r1/c2,200,1.0,0.25,0.25
synthetic_normal,synthetic,margin_drop,oat:ci_level=90,ci_level,90,cell,r1/c3,200,1.0,0.205,0.205
synthetic_normal,synthetic,margin_drop,oat:ci_level=90,ci_level,90,cell,r2/c0,200,1.0,0.21,0.21
synthetic_normal,synthetic,margin_drop,oat:ci_level=90,ci_level,90,cell,r2/c1,200,1.0,0.31,0.31
synthetic_normal,synthetic,margin_drop,oat:ci_level=90,ci_level,90,cell,r2/c2,200,1.0,0.335,0.335
synthetic_normal,synthetic,margin_drop,oat:ci_level=90,ci_level,90,cell,r2/c3,200,1.0,0.26,0.26
synthetic_normal,synthetic,margin_drop,oat:ci_level=90,ci_level,90,cell,r3/c0,200,1.0,0.215,0.215
synthetic_normal,synthetic,margin_drop,oat:ci_level=90,ci_level,90,cell,r3/c1,200,1.0,0.31,0.31
synthetic_normal,synthetic,margin_drop,oat:ci_level=90,ci_level,90,cell,r3/c2,200,1.0,0.295,0.295
synthetic_normal,synthetic,margin_drop,oat:ci_level=90,ci_level,90,cell,r3/c3,200,1.0,0.27,0.27
synthetic_normal,synthetic,margin_drop,oat:ci_level=90,ci_level,90,cell_type,center,800,1.0,0.295,0.295
synthetic_normal,synthetic,margin_drop,oat:ci_level=90,ci_level,90,cell_type,corner,800,1.0,0.20125,0.20125
synthetic_normal,synthetic,margin_drop,oat:ci_level=90,ci_level,90,cell_type,edge,1600,1.0,0.22875,0.22875
synthetic_normal,synthetic,margin_drop,oat:ci_level=95,ci_level,95,cell,r0/c0,200,1.0,0.13,0.13
synthetic_normal,synthetic,margin_drop,oat:ci_level=95,ci_level,95,cell,r0/c1,200,1.0,0.155,0.155
synthetic_normal,synthetic,margin_drop,oat:ci_level=95,ci_level,95,cell,r0/c2,200,1.0,0.21,0.21
synthetic_normal,synthetic,margin_drop,oat:ci_level=95,ci_level,95,cell,r0/c3,200,1.0,0.19,0.19
synthetic_normal,synthetic,margin_drop,oat:ci_level=95,ci_level,95,cell,r1/c0,200,1.0,0.185,0.185
synthetic_normal,synthetic,margin_drop,oat:ci_level=95,ci_level,95,cell,r1/c1,200,1.0,0.285,0.285
synthetic_normal,synthetic,margin_drop,oat:ci_level=95,ci_level,95,cell,r1/c2,200,1.0,0.25,0.25
synthetic_normal,synthetic,margin_drop,oat:ci_level=95,ci_level,95,cell,r1/c3,200,1.0,0.205,0.205
synthetic_normal,synthetic,margin_drop,oat:ci_level=95,ci_level,95,cell,r2/c0,200,1.0,0.21,0.21
synthetic_normal,synthetic,margin_drop,oat:ci_level=95,ci_level,95,cell,r2/c1,200,1.0,0.31,0.31
synthetic_normal,synthetic,margin_drop,oat:ci_level=95,ci_level,95,cell,r2/c2,200,1.0,0.335,0.335
synthetic_normal,synthetic,margin_drop,oat:ci_level=95,ci_level,95,cell,r2/c3,200,1.0,0.26,0.26
synthetic_normal,synthetic,margin_drop,oat:ci_level=95,ci_level,95,cell,r3/c0,200,1.0,0.215,0.215
synthetic_normal,synthetic,margin_drop,oat:ci_level=95,ci_level,95,cell,r3/c1,200,1.0,0.31,0.31
synthetic_normal,synthetic,margin_drop,oat:ci_level=95,ci_level,95,cell,r3/c2,200,1.0,0.295,0.295
synthetic_normal,synthetic,margin_drop,oat:ci_level=95,ci_level,95,cell,r3/c3,200,1.0,0.27,0.27
synthetic_normal,synthetic,margin_drop,oat:ci_level=95,ci_level,95,cell_type,center,800,1.0,0.295,0.295
synthetic_normal,synthetic,margin_drop,oat:ci_level=95,ci_level,95,cell_type,corner,800,1.0,0.20125,0.20125
synthetic_normal,synthetic,margin_drop,oat:ci_level=95,ci_level,95,cell_type,edge,1600,1.0,0.22875,0.22875
synthetic_normal,synthetic,margin_drop,oat:ci_level=99,ci_level,99,cell,r0/c0,200,1.0,0.13,0.13
synthetic_normal,synthetic,margin_drop,oat:ci_level=99,ci_level,99,cell,r0/c1,200,1.0,0.155,0.155
synthetic_normal,synthetic,margin_drop,oat:ci_level=99,ci_level,99,cell,r0/c2,200,1.0,0.21,0.21
synthetic_normal,synthetic,margin_drop,oat:ci_level=99,ci_level,99,cell,r0/c3,200,1.0,0.19,0.19
synthetic_normal,synthetic,margin_drop,oat:ci_level=99,ci_level,99,cell,r1/c0,200,1.0,0.185,0.185
synthetic_normal,synthetic,margin_drop,oat:ci_level=99,ci_level,99,cell,r1/c1,200,1.0,0.285,0.285
synthetic_normal,synthetic,margin_drop,oat:ci_level=99,ci_level,99,cell,r1/c2,200,1.0,0.25,0.25
synthetic_normal,synthetic,margin_drop,oat:ci_level=99,ci_level,99,cell,r1/c3,200,1.0,0.205,0.205
synthetic_normal,synthetic,margin_drop,oat:ci_level=99,ci_level,99,cell,r2/c0,200,1.0,0.21,0.21
synthetic_normal,synthetic,margin_drop,oat:ci_level=99,ci_level,99,cell,r2/c1,200,1.0,0.31,0.31
synthetic_normal,synthetic,margin_drop,oat:ci_level=99,ci_level,99,cell,r2/c2,200,1.0,0.335,0.335
synthetic_normal,synthetic,margin_drop,oat:ci_level=99,ci_level,99,cell,r2/c3,200,1.0,0.26,0.26
synthetic_normal,synthetic,margin_drop,oat:ci_level=99,ci_level,99,cell,r3/c0,200,1.0,0.215,0.215
synthetic_normal,synthetic,margin_drop,oat:ci_level=99,ci_level,99,cell,r3/c1,200,1.0,0.31,0.31
synthetic_normal,synthetic,margin_drop,oat:ci_level=99,ci_level,99,cell,r3/c2,200,1.0,0.295,0.295
synthetic_normal,synthetic,margin_drop,oat:ci_level=99,ci_level,99,cell,r3/c3,200,1.0,0.27,0.27
synthetic_normal,synthetic,margin_drop,oat:ci_level=99,ci_level,99,cell_type,center,800,1.0,0.295,0.295
synthetic_normal,synthetic,margin_drop,oat:ci_level=99,ci_level,99,cell_type,corner,800,1.0,0.20125,0.20125
synthetic_normal,synthetic,margin_drop,oat:ci_level=99,ci_level,99,cell_type,edge,1600,1.0,0.22875,0.22875
synthetic_normal,synthetic,margin_drop,oat:ci_level=999,ci_level,999,cell,r0/c0,200,1.0,0.13,0.13
synthetic_normal,synthetic,margin_drop,oat:ci_level=999,ci_level,999,cell,r0/c1,200,1.0,0.155,0.155
synthetic_normal,synthetic,margin_drop,oat:ci_level=999,ci_level,999,cell,r0/c2,200,1.0,0.21,0.21
synthetic_normal,synthetic,margin_drop,oat:ci_level=999,ci_level,999,cell,r0/c3,200,1.0,0.19,0.19
synthetic_normal,synthetic,margin_drop,oat:ci_level=999,ci_level,999,cell,r1/c0,200,1.0,0.185,0.185
synthetic_normal,synthetic,margin_drop,oat:ci_level=999,ci_level,999,cell,r1/c1,200,1.0,0.285,0.285
synthetic_normal,synthetic,margin_drop,oat:ci_level=999,ci_level,999,cell,r1/c2,200,1.0,0.25,0.25
synthetic_normal,synthetic,margin_drop,oat:ci_level=999,ci_level,999,cell,r1/c3,200,1.0,0.205,0.205
synthetic_normal,synthetic,margin_drop,oat:ci_level=999,ci_level,999,cell,r2/c0,200,1.0,0.21,0.21
synthetic_normal,synthetic,margin_drop,oat:ci_level=999,ci_level,999,cell,r2/c1,200,1.0,0.31,0.31
synthetic_normal,synthetic,margin_drop,oat:ci_level=999,ci_level,999,cell,r2/c2,200,1.0,0.335,0.335
synthetic_normal,synthetic,margin_drop,oat:ci_level=999,ci_level,999,cell,r2/c3,200,1.0,0.26,0.26
synthetic_normal,synthetic,margin_drop,oat:ci_level=999,ci_level,999,cell,r3/c0,200,1.0,0.215,0.215
synthetic_normal,synthetic,margin_drop,oat:ci_level=999,ci_level,999,cell,r3/c1,200,1.0,0.31,0.31
synthetic_normal,synthetic,margin_drop,oat:ci_level=999,ci_level,999,cell,r3/c2,200,1.0,0.295,0.295
synthetic_normal,synthetic,margin_drop,oat:ci_level=999,ci_level,999,cell,r3/c3,200,1.0,0.27,0.27
synthetic_normal,synthetic,margin_drop,oat:ci_level=999,ci_level,999,cell_type,center,800,1.0,0.295,0.295
synthetic_normal,synthetic,margin_drop,oat:ci_level=999,ci_level,999,cell_type,corner,800,1.0,0.20125,0.20125
synthetic_normal,synthetic,margin_drop,oat:ci_level=999,ci_level,999,cell_type,edge,1600,1.0,0.22875,0.22875
synthetic_normal,synthetic,margin_drop,oat:ddof=0,ddof,0,cell,r0/c0,200,1.0,0.13,0.13
synthetic_normal,synthetic,margin_drop,oat:ddof=0,ddof,0,cell,r0/c1,200,1.0,0.155,0.155
synthetic_normal,synthetic,margin_drop,oat:ddof=0,ddof,0,cell,r0/c2,200,1.0,0.21,0.21
synthetic_normal,synthetic,margin_drop,oat:ddof=0,ddof,0,cell,r0/c3,200,1.0,0.19,0.19
synthetic_normal,synthetic,margin_drop,oat:ddof=0,ddof,0,cell,r1/c0,200,1.0,0.185,0.185
synthetic_normal,synthetic,margin_drop,oat:ddof=0,ddof,0,cell,r1/c1,200,1.0,0.285,0.285
synthetic_normal,synthetic,margin_drop,oat:ddof=0,ddof,0,cell,r1/c2,200,1.0,0.25,0.25
synthetic_normal,synthetic,margin_drop,oat:ddof=0,ddof,0,cell,r1/c3,200,1.0,0.205,0.205
synthetic_normal,synthetic,margin_drop,oat:ddof=0,ddof,0,cell,r2/c0,200,1.0,0.21,0.21
synthetic_normal,synthetic,margin_drop,oat:ddof=0,ddof,0,cell,r2/c1,200,1.0,0.31,0.31
synthetic_normal,synthetic,margin_drop,oat:ddof=0,ddof,0,cell,r2/c2,200,1.0,0.335,0.335
synthetic_normal,synthetic,margin_drop,oat:ddof=0,ddof,0,cell,r2/c3,200,1.0,0.26,0.26
synthetic_normal,synthetic,margin_drop,oat:ddof=0,ddof,0,cell,r3/c0,200,1.0,0.215,0.215
synthetic_normal,synthetic,margin_drop,oat:ddof=0,ddof,0,cell,r3/c1,200,1.0,0.31,0.31
synthetic_normal,synthetic,margin_drop,oat:ddof=0,ddof,0,cell,r3/c2,200,1.0,0.295,0.295
synthetic_normal,synthetic,margin_drop,oat:ddof=0,ddof,0,cell,r3/c3,200,1.0,0.27,0.27
synthetic_normal,synthetic,margin_drop,oat:ddof=0,ddof,0,cell_type,center,800,1.0,0.295,0.295
synthetic_normal,synthetic,margin_drop,oat:ddof=0,ddof,0,cell_type,corner,800,1.0,0.20125,0.20125
synthetic_normal,synthetic,margin_drop,oat:ddof=0,ddof,0,cell_type,edge,1600,1.0,0.22875,0.22875
synthetic_normal,synthetic,margin_drop,oat:ddof=1,ddof,1,cell,r0/c0,200,0.98,0.13,0.11
synthetic_normal,synthetic,margin_drop,oat:ddof=1,ddof,1,cell,r0/c1,200,0.995,0.155,0.15
synthetic_normal,synthetic,margin_drop,oat:ddof=1,ddof,1,cell,r0/c2,200,0.97,0.21,0.18
synthetic_normal,synthetic,margin_drop,oat:ddof=1,ddof,1,cell,r0/c3,200,0.965,0.19,0.155
synthetic_normal,synthetic,margin_drop,oat:ddof=1,ddof,1,cell,r1/c0,200,0.985,0.185,0.17
synthetic_normal,synthetic,margin_drop,oat:ddof=1,ddof,1,cell,r1/c1,200,0.975,0.285,0.26
synthetic_normal,synthetic,margin_drop,oat:ddof=1,ddof,1,cell,r1/c2,200,0.99,0.25,0.24
synthetic_normal,synthetic,margin_drop,oat:ddof=1,ddof,1,cell,r1/c3,200,0.96,0.205,0.165
synthetic_normal,synthetic,margin_drop,oat:ddof=1,ddof,1,cell,r2/c0,200,0.96,0.21,0.17
synthetic_normal,synthetic,margin_drop,oat:ddof=1,ddof,1,cell,r2/c1,200,0.985,0.31,0.295
synthetic_normal,synthetic,margin_drop,oat:ddof=1,ddof,1,cell,r2/c2,200,0.99,0.335,0.325
synthetic_normal,synthetic,margin_drop,oat:ddof=1,ddof,1,cell,r2/c3,200,0.975,0.26,0.235
synthetic_normal,synthetic,margin_drop,oat:ddof=1,ddof,1,cell,r3/c0,200,0.99,0.215,0.205
synthetic_normal,synthetic,margin_drop,oat:ddof=1,ddof,1,cell,r3/c1,200,0.985,0.31,0.295
synthetic_normal,synthetic,margin_drop,oat:ddof=1,ddof,1,cell,r3/c2,200,0.97,0.295,0.265
synthetic_normal,synthetic,margin_drop,oat:ddof=1,ddof,1,cell,r3/c3,200,0.97,0.27,0.24
synthetic_normal,synthetic,margin_drop,oat:ddof=1,ddof,1,cell_type,center,800,0.985,0.295,0.28
synthetic_normal,synthetic,margin_drop,oat:ddof=1,ddof,1,cell_type,corner,800,0.97625,0.20125,0.1775
synthetic_normal,synthetic,margin_drop,oat:ddof=1,ddof,1,cell_type,edge,1600,0.975,0.22875,0.20375
synthetic_normal,synthetic,margin_drop,oat:std_floor_beta=0.0,std_floor_beta,0.0,cell,r0/c0,200,1.0,0.13,0.13
synthetic_normal,synthetic,margin_drop,oat:std_floor_beta=0.0,std_floor_beta,0.0,cell,r0/c1,200,1.0,0.155,0.155
synthetic_normal,synthetic,margin_drop,oat:std_floor_beta=0.0,std_floor_beta,0.0,cell,r0/c2,200,1.0,0.21,0.21
synthetic_normal,synthetic,margin_drop,oat:std_floor_beta=0.0,std_floor_beta,0.0,cell,r0/c3,200,1.0,0.19,0.19
synthetic_normal,synthetic,margin_drop,oat:std_floor_beta=0.0,std_floor_beta,0.0,cell,r1/c0,200,1.0,0.185,0.185
synthetic_normal,synthetic,margin_drop,oat:std_floor_beta=0.0,std_floor_beta,0.0,cell,r1/c1,200,1.0,0.285,0.285
synthetic_normal,synthetic,margin_drop,oat:std_floor_beta=0.0,std_floor_beta,0.0,cell,r1/c2,200,1.0,0.25,0.25
synthetic_normal,synthetic,margin_drop,oat:std_floor_beta=0.0,std_floor_beta,0.0,cell,r1/c3,200,1.0,0.205,0.205
synthetic_normal,synthetic,margin_drop,oat:std_floor_beta=0.0,std_floor_beta,0.0,cell,r2/c0,200,1.0,0.21,0.21
synthetic_normal,synthetic,margin_drop,oat:std_floor_beta=0.0,std_floor_beta,0.0,cell,r2/c1,200,1.0,0.31,0.31
synthetic_normal,synthetic,margin_drop,oat:std_floor_beta=0.0,std_floor_beta,0.0,cell,r2/c2,200,1.0,0.335,0.335
synthetic_normal,synthetic,margin_drop,oat:std_floor_beta=0.0,std_floor_beta,0.0,cell,r2/c3,200,1.0,0.26,0.26
synthetic_normal,synthetic,margin_drop,oat:std_floor_beta=0.0,std_floor_beta,0.0,cell,r3/c0,200,1.0,0.215,0.215
synthetic_normal,synthetic,margin_drop,oat:std_floor_beta=0.0,std_floor_beta,0.0,cell,r3/c1,200,1.0,0.31,0.31
synthetic_normal,synthetic,margin_drop,oat:std_floor_beta=0.0,std_floor_beta,0.0,cell,r3/c2,200,1.0,0.295,0.295
synthetic_normal,synthetic,margin_drop,oat:std_floor_beta=0.0,std_floor_beta,0.0,cell,r3/c3,200,1.0,0.27,0.27
synthetic_normal,synthetic,margin_drop,oat:std_floor_beta=0.0,std_floor_beta,0.0,cell_type,center,800,1.0,0.295,0.295
synthetic_normal,synthetic,margin_drop,oat:std_floor_beta=0.0,std_floor_beta,0.0,cell_type,corner,800,1.0,0.20125,0.20125
synthetic_normal,synthetic,margin_drop,oat:std_floor_beta=0.0,std_floor_beta,0.0,cell_type,edge,1600,1.0,0.22875,0.22875
synthetic_normal,synthetic,margin_drop,oat:std_floor_beta=0.1,std_floor_beta,0.1,cell,r0/c0,200,1.0,0.13,0.13
synthetic_normal,synthetic,margin_drop,oat:std_floor_beta=0.1,std_floor_beta,0.1,cell,r0/c1,200,1.0,0.155,0.155
synthetic_normal,synthetic,margin_drop,oat:std_floor_beta=0.1,std_floor_beta,0.1,cell,r0/c2,200,1.0,0.21,0.21
synthetic_normal,synthetic,margin_drop,oat:std_floor_beta=0.1,std_floor_beta,0.1,cell,r0/c3,200,1.0,0.19,0.19
synthetic_normal,synthetic,margin_drop,oat:std_floor_beta=0.1,std_floor_beta,0.1,cell,r1/c0,200,1.0,0.185,0.185
synthetic_normal,synthetic,margin_drop,oat:std_floor_beta=0.1,std_floor_beta,0.1,cell,r1/c1,200,0.995,0.285,0.28
synthetic_normal,synthetic,margin_drop,oat:std_floor_beta=0.1,std_floor_beta,0.1,cell,r1/c2,200,1.0,0.25,0.25
synthetic_normal,synthetic,margin_drop,oat:std_floor_beta=0.1,std_floor_beta,0.1,cell,r1/c3,200,1.0,0.205,0.205
synthetic_normal,synthetic,margin_drop,oat:std_floor_beta=0.1,std_floor_beta,0.1,cell,r2/c0,200,1.0,0.21,0.21
synthetic_normal,synthetic,margin_drop,oat:std_floor_beta=0.1,std_floor_beta,0.1,cell,r2/c1,200,1.0,0.31,0.31
synthetic_normal,synthetic,margin_drop,oat:std_floor_beta=0.1,std_floor_beta,0.1,cell,r2/c2,200,1.0,0.335,0.335
synthetic_normal,synthetic,margin_drop,oat:std_floor_beta=0.1,std_floor_beta,0.1,cell,r2/c3,200,0.995,0.26,0.255
synthetic_normal,synthetic,margin_drop,oat:std_floor_beta=0.1,std_floor_beta,0.1,cell,r3/c0,200,1.0,0.215,0.215
synthetic_normal,synthetic,margin_drop,oat:std_floor_beta=0.1,std_floor_beta,0.1,cell,r3/c1,200,1.0,0.31,0.31
synthetic_normal,synthetic,margin_drop,oat:std_floor_beta=0.1,std_floor_beta,0.1,cell,r3/c2,200,1.0,0.295,0.295
synthetic_normal,synthetic,margin_drop,oat:std_floor_beta=0.1,std_floor_beta,0.1,cell,r3/c3,200,1.0,0.27,0.27
synthetic_normal,synthetic,margin_drop,oat:std_floor_beta=0.1,std_floor_beta,0.1,cell_type,center,800,0.99875,0.295,0.29375
synthetic_normal,synthetic,margin_drop,oat:std_floor_beta=0.1,std_floor_beta,0.1,cell_type,corner,800,1.0,0.20125,0.20125
synthetic_normal,synthetic,margin_drop,oat:std_floor_beta=0.1,std_floor_beta,0.1,cell_type,edge,1600,0.999375,0.22875,0.228125
synthetic_normal,synthetic,margin_drop,oat:std_floor_beta=0.25,std_floor_beta,0.25,cell,r0/c0,200,1.0,0.13,0.13
synthetic_normal,synthetic,margin_drop,oat:std_floor_beta=0.25,std_floor_beta,0.25,cell,r0/c1,200,1.0,0.155,0.155
synthetic_normal,synthetic,margin_drop,oat:std_floor_beta=0.25,std_floor_beta,0.25,cell,r0/c2,200,0.995,0.21,0.205
synthetic_normal,synthetic,margin_drop,oat:std_floor_beta=0.25,std_floor_beta,0.25,cell,r0/c3,200,1.0,0.19,0.19
synthetic_normal,synthetic,margin_drop,oat:std_floor_beta=0.25,std_floor_beta,0.25,cell,r1/c0,200,0.995,0.185,0.18
synthetic_normal,synthetic,margin_drop,oat:std_floor_beta=0.25,std_floor_beta,0.25,cell,r1/c1,200,0.99,0.285,0.275
synthetic_normal,synthetic,margin_drop,oat:std_floor_beta=0.25,std_floor_beta,0.25,cell,r1/c2,200,1.0,0.25,0.25
synthetic_normal,synthetic,margin_drop,oat:std_floor_beta=0.25,std_floor_beta,0.25,cell,r1/c3,200,0.995,0.205,0.2
synthetic_normal,synthetic,margin_drop,oat:std_floor_beta=0.25,std_floor_beta,0.25,cell,r2/c0,200,1.0,0.21,0.21
synthetic_normal,synthetic,margin_drop,oat:std_floor_beta=0.25,std_floor_beta,0.25,cell,r2/c1,200,1.0,0.31,0.31
synthetic_normal,synthetic,margin_drop,oat:std_floor_beta=0.25,std_floor_beta,0.25,cell,r2/c2,200,1.0,0.335,0.335
synthetic_normal,synthetic,margin_drop,oat:std_floor_beta=0.25,std_floor_beta,0.25,cell,r2/c3,200,0.995,0.26,0.255
synthetic_normal,synthetic,margin_drop,oat:std_floor_beta=0.25,std_floor_beta,0.25,cell,r3/c0,200,1.0,0.215,0.215
synthetic_normal,synthetic,margin_drop,oat:std_floor_beta=0.25,std_floor_beta,0.25,cell,r3/c1,200,1.0,0.31,0.31
synthetic_normal,synthetic,margin_drop,oat:std_floor_beta=0.25,std_floor_beta,0.25,cell,r3/c2,200,1.0,0.295,0.295
synthetic_normal,synthetic,margin_drop,oat:std_floor_beta=0.25,std_floor_beta,0.25,cell,r3/c3,200,0.995,0.27,0.265
synthetic_normal,synthetic,margin_drop,oat:std_floor_beta=0.25,std_floor_beta,0.25,cell_type,center,800,0.9975,0.295,0.2925
synthetic_normal,synthetic,margin_drop,oat:std_floor_beta=0.25,std_floor_beta,0.25,cell_type,corner,800,0.99875,0.20125,0.2
synthetic_normal,synthetic,margin_drop,oat:std_floor_beta=0.25,std_floor_beta,0.25,cell_type,edge,1600,0.9975,0.22875,0.22625
synthetic_normal,synthetic,margin_drop,preset:lenient,preset,lenient,cell,r0/c0,200,0.995,0.13,0.135
synthetic_normal,synthetic,margin_drop,preset:lenient,preset,lenient,cell,r0/c1,200,0.985,0.155,0.17
synthetic_normal,synthetic,margin_drop,preset:lenient,preset,lenient,cell,r0/c2,200,0.975,0.21,0.235
synthetic_normal,synthetic,margin_drop,preset:lenient,preset,lenient,cell,r0/c3,200,0.99,0.19,0.2
synthetic_normal,synthetic,margin_drop,preset:lenient,preset,lenient,cell,r1/c0,200,0.995,0.185,0.19
synthetic_normal,synthetic,margin_drop,preset:lenient,preset,lenient,cell,r1/c1,200,1.0,0.285,0.285
synthetic_normal,synthetic,margin_drop,preset:lenient,preset,lenient,cell,r1/c2,200,0.99,0.25,0.26
synthetic_normal,synthetic,margin_drop,preset:lenient,preset,lenient,cell,r1/c3,200,0.975,0.205,0.23
synthetic_normal,synthetic,margin_drop,preset:lenient,preset,lenient,cell,r2/c0,200,0.985,0.21,0.225
synthetic_normal,synthetic,margin_drop,preset:lenient,preset,lenient,cell,r2/c1,200,1.0,0.31,0.31
synthetic_normal,synthetic,margin_drop,preset:lenient,preset,lenient,cell,r2/c2,200,0.985,0.335,0.35
synthetic_normal,synthetic,margin_drop,preset:lenient,preset,lenient,cell,r2/c3,200,0.985,0.26,0.275
synthetic_normal,synthetic,margin_drop,preset:lenient,preset,lenient,cell,r3/c0,200,0.96,0.215,0.255
synthetic_normal,synthetic,margin_drop,preset:lenient,preset,lenient,cell,r3/c1,200,0.99,0.31,0.32
synthetic_normal,synthetic,margin_drop,preset:lenient,preset,lenient,cell,r3/c2,200,0.995,0.295,0.3
synthetic_normal,synthetic,margin_drop,preset:lenient,preset,lenient,cell,r3/c3,200,0.985,0.27,0.285
synthetic_normal,synthetic,margin_drop,preset:lenient,preset,lenient,cell_type,center,800,0.99375,0.295,0.30125
synthetic_normal,synthetic,margin_drop,preset:lenient,preset,lenient,cell_type,corner,800,0.9825,0.20125,0.21875
synthetic_normal,synthetic,margin_drop,preset:lenient,preset,lenient,cell_type,edge,1600,0.985625,0.22875,0.243125
synthetic_normal,synthetic,margin_drop,preset:conservative,preset,conservative,cell,r0/c0,200,0.945,0.13,0.085
synthetic_normal,synthetic,margin_drop,preset:conservative,preset,conservative,cell,r0/c1,200,0.955,0.155,0.12
synthetic_normal,synthetic,margin_drop,preset:conservative,preset,conservative,cell,r0/c2,200,0.92,0.21,0.14
synthetic_normal,synthetic,margin_drop,preset:conservative,preset,conservative,cell,r0/c3,200,0.875,0.19,0.105
synthetic_normal,synthetic,margin_drop,preset:conservative,preset,conservative,cell,r1/c0,200,0.94,0.185,0.135
synthetic_normal,synthetic,margin_drop,preset:conservative,preset,conservative,cell,r1/c1,200,0.92,0.285,0.205
synthetic_normal,synthetic,margin_drop,preset:conservative,preset,conservative,cell,r1/c2,200,0.95,0.25,0.21
synthetic_normal,synthetic,margin_drop,preset:conservative,preset,conservative,cell,r1/c3,200,0.91,0.205,0.125
synthetic_normal,synthetic,margin_drop,preset:conservative,preset,conservative,cell,r2/c0,200,0.915,0.21,0.13
synthetic_normal,synthetic,margin_drop,preset:conservative,preset,conservative,cell,r2/c1,200,0.955,0.31,0.27
synthetic_normal,synthetic,margin_drop,preset:conservative,preset,conservative,cell,r2/c2,200,0.945,0.335,0.285
synthetic_normal,synthetic,margin_drop,preset:conservative,preset,conservative,cell,r2/c3,200,0.95,0.26,0.21
synthetic_normal,synthetic,margin_drop,preset:conservative,preset,conservative,cell,r3/c0,200,0.94,0.215,0.17
synthetic_normal,synthetic,margin_drop,preset:conservative,preset,conservative,cell,r3/c1,200,0.935,0.31,0.245
synthetic_normal,synthetic,margin_drop,preset:conservative,preset,conservative,cell,r3/c2,200,0.93,0.295,0.24
synthetic_normal,synthetic,margin_drop,preset:conservative,preset,conservative,cell,r3/c3,200,0.88,0.27,0.185
synthetic_normal,synthetic,margin_drop,preset:conservative,preset,conservative,cell_type,center,800,0.9425,0.295,0.2425
synthetic_normal,synthetic,margin_drop,preset:conservative,preset,conservative,cell_type,corner,800,0.91,0.20125,0.13625
synthetic_normal,synthetic,margin_drop,preset:conservative,preset,conservative,cell_type,edge,1600,0.931875,0.22875,0.168125
synthetic_normal,synthetic,margin_drop,alt:zero_abstain:sign_alpha=0.01,zero_abstain_alpha,0.01,cell,r0/c0,200,0.985,0.13,0.145
synthetic_normal,synthetic,margin_drop,alt:zero_abstain:sign_alpha=0.01,zero_abstain_alpha,0.01,cell,r0/c1,200,1.0,0.155,0.155
synthetic_normal,synthetic,margin_drop,alt:zero_abstain:sign_alpha=0.01,zero_abstain_alpha,0.01,cell,r0/c2,200,0.985,0.21,0.225
synthetic_normal,synthetic,margin_drop,alt:zero_abstain:sign_alpha=0.01,zero_abstain_alpha,0.01,cell,r0/c3,200,0.975,0.19,0.21
synthetic_normal,synthetic,margin_drop,alt:zero_abstain:sign_alpha=0.01,zero_abstain_alpha,0.01,cell,r1/c0,200,1.0,0.185,0.185
synthetic_normal,synthetic,margin_drop,alt:zero_abstain:sign_alpha=0.01,zero_abstain_alpha,0.01,cell,r1/c1,200,1.0,0.285,0.285
synthetic_normal,synthetic,margin_drop,alt:zero_abstain:sign_alpha=0.01,zero_abstain_alpha,0.01,cell,r1/c2,200,0.99,0.25,0.255
synthetic_normal,synthetic,margin_drop,alt:zero_abstain:sign_alpha=0.01,zero_abstain_alpha,0.01,cell,r1/c3,200,0.99,0.205,0.215
synthetic_normal,synthetic,margin_drop,alt:zero_abstain:sign_alpha=0.01,zero_abstain_alpha,0.01,cell,r2/c0,200,0.995,0.21,0.215
synthetic_normal,synthetic,margin_drop,alt:zero_abstain:sign_alpha=0.01,zero_abstain_alpha,0.01,cell,r2/c1,200,0.995,0.31,0.315
synthetic_normal,synthetic,margin_drop,alt:zero_abstain:sign_alpha=0.01,zero_abstain_alpha,0.01,cell,r2/c2,200,1.0,0.335,0.335
synthetic_normal,synthetic,margin_drop,alt:zero_abstain:sign_alpha=0.01,zero_abstain_alpha,0.01,cell,r2/c3,200,1.0,0.26,0.26
synthetic_normal,synthetic,margin_drop,alt:zero_abstain:sign_alpha=0.01,zero_abstain_alpha,0.01,cell,r3/c0,200,0.995,0.215,0.22
synthetic_normal,synthetic,margin_drop,alt:zero_abstain:sign_alpha=0.01,zero_abstain_alpha,0.01,cell,r3/c1,200,0.995,0.31,0.31
synthetic_normal,synthetic,margin_drop,alt:zero_abstain:sign_alpha=0.01,zero_abstain_alpha,0.01,cell,r3/c2,200,0.995,0.295,0.3
synthetic_normal,synthetic,margin_drop,alt:zero_abstain:sign_alpha=0.01,zero_abstain_alpha,0.01,cell,r3/c3,200,0.995,0.27,0.275
synthetic_normal,synthetic,margin_drop,alt:zero_abstain:sign_alpha=0.01,zero_abstain_alpha,0.01,cell_type,center,800,0.99625,0.295,0.2975
synthetic_normal,synthetic,margin_drop,alt:zero_abstain:sign_alpha=0.01,zero_abstain_alpha,0.01,cell_type,corner,800,0.9875,0.20125,0.2125
synthetic_normal,synthetic,margin_drop,alt:zero_abstain:sign_alpha=0.01,zero_abstain_alpha,0.01,cell_type,edge,1600,0.995,0.22875,0.233125
synthetic_normal,synthetic,margin_drop,alt:zero_abstain:sign_alpha=0.05,zero_abstain_alpha,0.05,cell,r0/c0,200,0.97,0.13,0.155
synthetic_normal,synthetic,margin_drop,alt:zero_abstain:sign_alpha=0.05,zero_abstain_alpha,0.05,cell,r0/c1,200,0.985,0.155,0.17
synthetic_normal,synthetic,margin_drop,alt:zero_abstain:sign_alpha=0.05,zero_abstain_alpha,0.05,cell,r0/c2,200,0.965,0.21,0.23
synthetic_normal,synthetic,margin_drop,alt:zero_abstain:sign_alpha=0.05,zero_abstain_alpha,0.05,cell,r0/c3,200,0.95,0.19,0.225
synthetic_normal,synthetic,margin_drop,alt:zero_abstain:sign_alpha=0.05,zero_abstain_alpha,0.05,cell,r1/c0,200,0.96,0.185,0.21
synthetic_normal,synthetic,margin_drop,alt:zero_abstain:sign_alpha=0.05,zero_abstain_alpha,0.05,cell,r1/c1,200,0.995,0.285,0.29
synthetic_normal,synthetic,margin_drop,alt:zero_abstain:sign_alpha=0.05,zero_abstain_alpha,0.05,cell,r1/c2,200,0.97,0.25,0.275
synthetic_normal,synthetic,margin_drop,alt:zero_abstain:sign_alpha=0.05,zero_abstain_alpha,0.05,cell,r1/c3,200,0.98,0.205,0.225
synthetic_normal,synthetic,margin_drop,alt:zero_abstain:sign_alpha=0.05,zero_abstain_alpha,0.05,cell,r2/c0,200,0.975,0.21,0.22
synthetic_normal,synthetic,margin_drop,alt:zero_abstain:sign_alpha=0.05,zero_abstain_alpha,0.05,cell,r2/c1,200,0.98,0.31,0.325
synthetic_normal,synthetic,margin_drop,alt:zero_abstain:sign_alpha=0.05,zero_abstain_alpha,0.05,cell,r2/c2,200,0.99,0.335,0.34
synthetic_normal,synthetic,margin_drop,alt:zero_abstain:sign_alpha=0.05,zero_abstain_alpha,0.05,cell,r2/c3,200,0.975,0.26,0.27
synthetic_normal,synthetic,margin_drop,alt:zero_abstain:sign_alpha=0.05,zero_abstain_alpha,0.05,cell,r3/c0,200,0.96,0.215,0.24
synthetic_normal,synthetic,margin_drop,alt:zero_abstain:sign_alpha=0.05,zero_abstain_alpha,0.05,cell,r3/c1,200,0.98,0.31,0.315
synthetic_normal,synthetic,margin_drop,alt:zero_abstain:sign_alpha=0.05,zero_abstain_alpha,0.05,cell,r3/c2,200,0.99,0.295,0.3
synthetic_normal,synthetic,margin_drop,alt:zero_abstain:sign_alpha=0.05,zero_abstain_alpha,0.05,cell,r3/c3,200,0.97,0.27,0.29
synthetic_normal,synthetic,margin_drop,alt:zero_abstain:sign_alpha=0.05,zero_abstain_alpha,0.05,cell_type,center,800,0.98375,0.295,0.3075
synthetic_normal,synthetic,margin_drop,alt:zero_abstain:sign_alpha=0.05,zero_abstain_alpha,0.05,cell_type,corner,800,0.9625,0.20125,0.2275
synthetic_normal,synthetic,margin_drop,alt:zero_abstain:sign_alpha=0.05,zero_abstain_alpha,0.05,cell_type,edge,1600,0.97625,0.22875,0.2425
synthetic_normal,synthetic,margin_drop,alt:zero_abstain:sign_alpha=0.1,zero_abstain_alpha,0.1,cell,r0/c0,200,0.945,0.13,0.165
synthetic_normal,synthetic,margin_drop,alt:zero_abstain:sign_alpha=0.1,zero_abstain_alpha,0.1,cell,r0/c1,200,0.955,0.155,0.185
synthetic_normal,synthetic,margin_drop,alt:zero_abstain:sign_alpha=0.1,zero_abstain_alpha,0.1,cell,r0/c2,200,0.92,0.21,0.26
synthetic_normal,synthetic,margin_drop,alt:zero_abstain:sign_alpha=0.1,zero_abstain_alpha,0.1,cell,r0/c3,200,0.915,0.19,0.245
synthetic_normal,synthetic,margin_drop,alt:zero_abstain:sign_alpha=0.1,zero_abstain_alpha,0.1,cell,r1/c0,200,0.94,0.185,0.225
synthetic_normal,synthetic,margin_drop,alt:zero_abstain:sign_alpha=0.1,zero_abstain_alpha,0.1,cell,r1/c1,200,0.975,0.285,0.305
synthetic_normal,synthetic,margin_drop,alt:zero_abstain:sign_alpha=0.1,zero_abstain_alpha,0.1,cell,r1/c2,200,0.94,0.25,0.295
synthetic_normal,synthetic,margin_drop,alt:zero_abstain:sign_alpha=0.1,zero_abstain_alpha,0.1,cell,r1/c3,200,0.935,0.205,0.25
synthetic_normal,synthetic,margin_drop,alt:zero_abstain:sign_alpha=0.1,zero_abstain_alpha,0.1,cell,r2/c0,200,0.94,0.21,0.24
synthetic_normal,synthetic,margin_drop,alt:zero_abstain:sign_alpha=0.1,zero_abstain_alpha,0.1,cell,r2/c1,200,0.95,0.31,0.35
synthetic_normal,synthetic,margin_drop,alt:zero_abstain:sign_alpha=0.1,zero_abstain_alpha,0.1,cell,r2/c2,200,0.955,0.335,0.35
synthetic_normal,synthetic,margin_drop,alt:zero_abstain:sign_alpha=0.1,zero_abstain_alpha,0.1,cell,r2/c3,200,0.965,0.26,0.27
synthetic_normal,synthetic,margin_drop,alt:zero_abstain:sign_alpha=0.1,zero_abstain_alpha,0.1,cell,r3/c0,200,0.92,0.215,0.25
synthetic_normal,synthetic,margin_drop,alt:zero_abstain:sign_alpha=0.1,zero_abstain_alpha,0.1,cell,r3/c1,200,0.975,0.31,0.32
synthetic_normal,synthetic,margin_drop,alt:zero_abstain:sign_alpha=0.1,zero_abstain_alpha,0.1,cell,r3/c2,200,0.98,0.295,0.31
synthetic_normal,synthetic,margin_drop,alt:zero_abstain:sign_alpha=0.1,zero_abstain_alpha,0.1,cell,r3/c3,200,0.945,0.27,0.31
synthetic_normal,synthetic,margin_drop,alt:zero_abstain:sign_alpha=0.1,zero_abstain_alpha,0.1,cell_type,center,800,0.955,0.295,0.325
synthetic_normal,synthetic,margin_drop,alt:zero_abstain:sign_alpha=0.1,zero_abstain_alpha,0.1,cell_type,corner,800,0.93125,0.20125,0.2425
synthetic_normal,synthetic,margin_drop,alt:zero_abstain:sign_alpha=0.1,zero_abstain_alpha,0.1,cell_type,edge,1600,0.95125,0.22875,0.2575
synthetic_normal,synthetic,margin_drop,alt:zero_abstain:sign_alpha=0.25,zero_abstain_alpha,0.25,cell,r0/c0,200,0.835,0.13,0.215
synthetic_normal,synthetic,margin_drop,alt:zero_abstain:sign_alpha=0.25,zero_abstain_alpha,0.25,cell,r0/c1,200,0.89,0.155,0.225
synthetic_normal,synthetic,margin_drop,alt:zero_abstain:sign_alpha=0.25,zero_abstain_alpha,0.25,cell,r0/c2,200,0.84,0.21,0.315
synthetic_normal,synthetic,margin_drop,alt:zero_abstain:sign_alpha=0.25,zero_abstain_alpha,0.25,cell,r0/c3,200,0.77,0.19,0.315
synthetic_normal,synthetic,margin_drop,alt:zero_abstain:sign_alpha=0.25,zero_abstain_alpha,0.25,cell,r1/c0,200,0.87,0.185,0.25
synthetic_normal,synthetic,margin_drop,alt:zero_abstain:sign_alpha=0.25,zero_abstain_alpha,0.25,cell,r1/c1,200,0.93,0.285,0.32
synthetic_normal,synthetic,margin_drop,alt:zero_abstain:sign_alpha=0.25,zero_abstain_alpha,0.25,cell,r1/c2,200,0.875,0.25,0.35
synthetic_normal,synthetic,margin_drop,alt:zero_abstain:sign_alpha=0.25,zero_abstain_alpha,0.25,cell,r1/c3,200,0.865,0.205,0.28
synthetic_normal,synthetic,margin_drop,alt:zero_abstain:sign_alpha=0.25,zero_abstain_alpha,0.25,cell,r2/c0,200,0.855,0.21,0.285
synthetic_normal,synthetic,margin_drop,alt:zero_abstain:sign_alpha=0.25,zero_abstain_alpha,0.25,cell,r2/c1,200,0.905,0.31,0.37
synthetic_normal,synthetic,margin_drop,alt:zero_abstain:sign_alpha=0.25,zero_abstain_alpha,0.25,cell,r2/c2,200,0.905,0.335,0.39
synthetic_normal,synthetic,margin_drop,alt:zero_abstain:sign_alpha=0.25,zero_abstain_alpha,0.25,cell,r2/c3,200,0.895,0.26,0.3
synthetic_normal,synthetic,margin_drop,alt:zero_abstain:sign_alpha=0.25,zero_abstain_alpha,0.25,cell,r3/c0,200,0.835,0.215,0.295
synthetic_normal,synthetic,margin_drop,alt:zero_abstain:sign_alpha=0.25,zero_abstain_alpha,0.25,cell,r3/c1,200,0.915,0.31,0.36
synthetic_normal,synthetic,margin_drop,alt:zero_abstain:sign_alpha=0.25,zero_abstain_alpha,0.25,cell,r3/c2,200,0.915,0.295,0.34
synthetic_normal,synthetic,margin_drop,alt:zero_abstain:sign_alpha=0.25,zero_abstain_alpha,0.25,cell,r3/c3,200,0.855,0.27,0.335
synthetic_normal,synthetic,margin_drop,alt:zero_abstain:sign_alpha=0.25,zero_abstain_alpha,0.25,cell_type,center,800,0.90375,0.295,0.3575
synthetic_normal,synthetic,margin_drop,alt:zero_abstain:sign_alpha=0.25,zero_abstain_alpha,0.25,cell_type,corner,800,0.82375,0.20125,0.29
synthetic_normal,synthetic,margin_drop,alt:zero_abstain:sign_alpha=0.25,zero_abstain_alpha,0.25,cell_type,edge,1600,0.880625,0.22875,0.294375
imagenet_mnv2_050_exact_k3,imagenet,margin_drop,default,default,,cell,r0/c0,10000,1.0,0.091,0.091
imagenet_mnv2_050_exact_k3,imagenet,margin_drop,default,default,,cell,r0/c1,10000,1.0,0.1424,0.1424
imagenet_mnv2_050_exact_k3,imagenet,margin_drop,default,default,,cell,r0/c2,10000,1.0,0.1373,0.1373
imagenet_mnv2_050_exact_k3,imagenet,margin_drop,default,default,,cell,r0/c3,10000,1.0,0.0972,0.0972
imagenet_mnv2_050_exact_k3,imagenet,margin_drop,default,default,,cell,r1/c0,10000,1.0,0.1189,0.1189
imagenet_mnv2_050_exact_k3,imagenet,margin_drop,default,default,,cell,r1/c1,10000,1.0,0.2212,0.2212
imagenet_mnv2_050_exact_k3,imagenet,margin_drop,default,default,,cell,r1/c2,10000,1.0,0.2215,0.2215
imagenet_mnv2_050_exact_k3,imagenet,margin_drop,default,default,,cell,r1/c3,10000,1.0,0.1171,0.1171
imagenet_mnv2_050_exact_k3,imagenet,margin_drop,default,default,,cell,r2/c0,10000,1.0,0.1205,0.1205
imagenet_mnv2_050_exact_k3,imagenet,margin_drop,default,default,,cell,r2/c1,10000,1.0,0.215,0.215
imagenet_mnv2_050_exact_k3,imagenet,margin_drop,default,default,,cell,r2/c2,10000,1.0,0.2197,0.2197
imagenet_mnv2_050_exact_k3,imagenet,margin_drop,default,default,,cell,r2/c3,10000,1.0,0.116,0.116
imagenet_mnv2_050_exact_k3,imagenet,margin_drop,default,default,,cell,r3/c0,10000,1.0,0.0967,0.0967
imagenet_mnv2_050_exact_k3,imagenet,margin_drop,default,default,,cell,r3/c1,10000,1.0,0.1403,0.1403
imagenet_mnv2_050_exact_k3,imagenet,margin_drop,default,default,,cell,r3/c2,10000,1.0,0.1346,0.1346
imagenet_mnv2_050_exact_k3,imagenet,margin_drop,default,default,,cell,r3/c3,10000,1.0,0.0961,0.0961
imagenet_mnv2_050_exact_k3,imagenet,margin_drop,default,default,,cell_type,center,40000,1.0,0.21935,0.21935
imagenet_mnv2_050_exact_k3,imagenet,margin_drop,default,default,,cell_type,corner,40000,1.0,0.09525,0.09525
imagenet_mnv2_050_exact_k3,imagenet,margin_drop,default,default,,cell_type,edge,80000,1.0,0.1283875,0.1283875
imagenet_mnv2_050_exact_k3,imagenet,margin_drop,oat:z_threshold=1.0,z_threshold,1.0,cell,r0/c0,10000,0.9184,0.091,0.1726
imagenet_mnv2_050_exact_k3,imagenet,margin_drop,oat:z_threshold=1.0,z_threshold,1.0,cell,r0/c1,10000,0.9356,0.1424,0.2068
imagenet_mnv2_050_exact_k3,imagenet,margin_drop,oat:z_threshold=1.0,z_threshold,1.0,cell,r0/c2,10000,0.9358,0.1373,0.2015
imagenet_mnv2_050_exact_k3,imagenet,margin_drop,oat:z_threshold=1.0,z_threshold,1.0,cell,r0/c3,10000,0.9205,0.0972,0.1767
imagenet_mnv2_050_exact_k3,imagenet,margin_drop,oat:z_threshold=1.0,z_threshold,1.0,cell,r1/c0,10000,0.928,0.1189,0.1909
imagenet_mnv2_050_exact_k3,imagenet,margin_drop,oat:z_threshold=1.0,z_threshold,1.0,cell,r1/c1,10000,0.9483,0.2212,0.2729
imagenet_mnv2_050_exact_k3,imagenet,margin_drop,oat:z_threshold=1.0,z_threshold,1.0,cell,r1/c2,10000,0.9505,0.2215,0.271
imagenet_mnv2_050_exact_k3,imagenet,margin_drop,oat:z_threshold=1.0,z_threshold,1.0,cell,r1/c3,10000,0.9237,0.1171,0.1934
imagenet_mnv2_050_exact_k3,imagenet,margin_drop,oat:z_threshold=1.0,z_threshold,1.0,cell,r2/c0,10000,0.9248,0.1205,0.1957
imagenet_mnv2_050_exact_k3,imagenet,margin_drop,oat:z_threshold=1.0,z_threshold,1.0,cell,r2/c1,10000,0.9496,0.215,0.2654
imagenet_mnv2_050_exact_k3,imagenet,margin_drop,oat:z_threshold=1.0,z_threshold,1.0,cell,r2/c2,10000,0.9494,0.2197,0.2703
imagenet_mnv2_050_exact_k3,imagenet,margin_drop,oat:z_threshold=1.0,z_threshold,1.0,cell,r2/c3,10000,0.9251,0.116,0.1909
imagenet_mnv2_050_exact_k3,imagenet,margin_drop,oat:z_threshold=1.0,z_threshold,1.0,cell,r3/c0,10000,0.9225,0.0967,0.1742
imagenet_mnv2_050_exact_k3,imagenet,margin_drop,oat:z_threshold=1.0,z_threshold,1.0,cell,r3/c1,10000,0.9279,0.1403,0.2124
imagenet_mnv2_050_exact_k3,imagenet,margin_drop,oat:z_threshold=1.0,z_threshold,1.0,cell,r3/c2,10000,0.9297,0.1346,0.2049
imagenet_mnv2_050_exact_k3,imagenet,margin_drop,oat:z_threshold=1.0,z_threshold,1.0,cell,r3/c3,10000,0.9156,0.0961,0.1805
imagenet_mnv2_050_exact_k3,imagenet,margin_drop,oat:z_threshold=1.0,z_threshold,1.0,cell_type,center,40000,0.94945,0.21935,0.2699
imagenet_mnv2_050_exact_k3,imagenet,margin_drop,oat:z_threshold=1.0,z_threshold,1.0,cell_type,corner,40000,0.91925,0.09525,0.176
imagenet_mnv2_050_exact_k3,imagenet,margin_drop,oat:z_threshold=1.0,z_threshold,1.0,cell_type,edge,80000,0.928825,0.1283875,0.1995625
imagenet_mnv2_050_exact_k3,imagenet,margin_drop,oat:z_threshold=1.5,z_threshold,1.5,cell,r0/c0,10000,0.9672,0.091,0.1238
imagenet_mnv2_050_exact_k3,imagenet,margin_drop,oat:z_threshold=1.5,z_threshold,1.5,cell,r0/c1,10000,0.9702,0.1424,0.1722
imagenet_mnv2_050_exact_k3,imagenet,margin_drop,oat:z_threshold=1.5,z_threshold,1.5,cell,r0/c2,10000,0.9741,0.1373,0.1632
imagenet_mnv2_050_exact_k3,imagenet,margin_drop,oat:z_threshold=1.5,z_threshold,1.5,cell,r0/c3,10000,0.966,0.0972,0.1312
imagenet_mnv2_050_exact_k3,imagenet,margin_drop,oat:z_threshold=1.5,z_threshold,1.5,cell,r1/c0,10000,0.9713,0.1189,0.1476
imagenet_mnv2_050_exact_k3,imagenet,margin_drop,oat:z_threshold=1.5,z_threshold,1.5,cell,r1/c1,10000,0.9743,0.2212,0.2469
imagenet_mnv2_050_exact_k3,imagenet,margin_drop,oat:z_threshold=1.5,z_threshold,1.5,cell,r1/c2,10000,0.9746,0.2215,0.2469
imagenet_mnv2_050_exact_k3,imagenet,margin_drop,oat:z_threshold=1.5,z_threshold,1.5,cell,r1/c3,10000,0.9695,0.1171,0.1476
imagenet_mnv2_050_exact_k3,imagenet,margin_drop,oat:z_threshold=1.5,z_threshold,1.5,cell,r2/c0,10000,0.967,0.1205,0.1535
imagenet_mnv2_050_exact_k3,imagenet,margin_drop,oat:z_threshold=1.5,z_threshold,1.5,cell,r2/c1,10000,0.9752,0.215,0.2398
imagenet_mnv2_050_exact_k3,imagenet,margin_drop,oat:z_threshold=1.5,z_threshold,1.5,cell,r2/c2,10000,0.9747,0.2197,0.245
imagenet_mnv2_050_exact_k3,imagenet,margin_drop,oat:z_threshold=1.5,z_threshold,1.5,cell,r2/c3,10000,0.9665,0.116,0.1495
imagenet_mnv2_050_exact_k3,imagenet,margin_drop,oat:z_threshold=1.5,z_threshold,1.5,cell,r3/c0,10000,0.9667,0.0967,0.13
imagenet_mnv2_050_exact_k3,imagenet,margin_drop,oat:z_threshold=1.5,z_threshold,1.5,cell,r3/c1,10000,0.9694,0.1403,0.1709
imagenet_mnv2_050_exact_k3,imagenet,margin_drop,oat:z_threshold=1.5,z_threshold,1.5,cell,r3/c2,10000,0.9705,0.1346,0.1641
imagenet_mnv2_050_exact_k3,imagenet,margin_drop,oat:z_threshold=1.5,z_threshold,1.5,cell,r3/c3,10000,0.9649,0.0961,0.1312
imagenet_mnv2_050_exact_k3,imagenet,margin_drop,oat:z_threshold=1.5,z_threshold,1.5,cell_type,center,40000,0.9747,0.21935,0.24465
imagenet_mnv2_050_exact_k3,imagenet,margin_drop,oat:z_threshold=1.5,z_threshold,1.5,cell_type,corner,40000,0.9662,0.09525,0.12905
imagenet_mnv2_050_exact_k3,imagenet,margin_drop,oat:z_threshold=1.5,z_threshold,1.5,cell_type,edge,80000,0.9698125,0.1283875,0.158575
imagenet_mnv2_050_exact_k3,imagenet,margin_drop,oat:z_threshold=2.0,z_threshold,2.0,cell,r0/c0,10000,1.0,0.091,0.091
imagenet_mnv2_050_exact_k3,imagenet,margin_drop,oat:z_threshold=2.0,z_threshold,2.0,cell,r0/c1,10000,1.0,0.1424,0.1424
imagenet_mnv2_050_exact_k3,imagenet,margin_drop,oat:z_threshold=2.0,z_threshold,2.0,cell,r0/c2,10000,1.0,0.1373,0.1373
imagenet_mnv2_050_exact_k3,imagenet,margin_drop,oat:z_threshold=2.0,z_threshold,2.0,cell,r0/c3,10000,1.0,0.0972,0.0972
imagenet_mnv2_050_exact_k3,imagenet,margin_drop,oat:z_threshold=2.0,z_threshold,2.0,cell,r1/c0,10000,1.0,0.1189,0.1189
imagenet_mnv2_050_exact_k3,imagenet,margin_drop,oat:z_threshold=2.0,z_threshold,2.0,cell,r1/c1,10000,1.0,0.2212,0.2212
imagenet_mnv2_050_exact_k3,imagenet,margin_drop,oat:z_threshold=2.0,z_threshold,2.0,cell,r1/c2,10000,1.0,0.2215,0.2215
imagenet_mnv2_050_exact_k3,imagenet,margin_drop,oat:z_threshold=2.0,z_threshold,2.0,cell,r1/c3,10000,1.0,0.1171,0.1171
imagenet_mnv2_050_exact_k3,imagenet,margin_drop,oat:z_threshold=2.0,z_threshold,2.0,cell,r2/c0,10000,1.0,0.1205,0.1205
imagenet_mnv2_050_exact_k3,imagenet,margin_drop,oat:z_threshold=2.0,z_threshold,2.0,cell,r2/c1,10000,1.0,0.215,0.215
imagenet_mnv2_050_exact_k3,imagenet,margin_drop,oat:z_threshold=2.0,z_threshold,2.0,cell,r2/c2,10000,1.0,0.2197,0.2197
imagenet_mnv2_050_exact_k3,imagenet,margin_drop,oat:z_threshold=2.0,z_threshold,2.0,cell,r2/c3,10000,1.0,0.116,0.116
imagenet_mnv2_050_exact_k3,imagenet,margin_drop,oat:z_threshold=2.0,z_threshold,2.0,cell,r3/c0,10000,1.0,0.0967,0.0967
imagenet_mnv2_050_exact_k3,imagenet,margin_drop,oat:z_threshold=2.0,z_threshold,2.0,cell,r3/c1,10000,1.0,0.1403,0.1403
imagenet_mnv2_050_exact_k3,imagenet,margin_drop,oat:z_threshold=2.0,z_threshold,2.0,cell,r3/c2,10000,1.0,0.1346,0.1346
imagenet_mnv2_050_exact_k3,imagenet,margin_drop,oat:z_threshold=2.0,z_threshold,2.0,cell,r3/c3,10000,1.0,0.0961,0.0961
imagenet_mnv2_050_exact_k3,imagenet,margin_drop,oat:z_threshold=2.0,z_threshold,2.0,cell_type,center,40000,1.0,0.21935,0.21935
imagenet_mnv2_050_exact_k3,imagenet,margin_drop,oat:z_threshold=2.0,z_threshold,2.0,cell_type,corner,40000,1.0,0.09525,0.09525
imagenet_mnv2_050_exact_k3,imagenet,margin_drop,oat:z_threshold=2.0,z_threshold,2.0,cell_type,edge,80000,1.0,0.1283875,0.1283875
imagenet_mnv2_050_exact_k3,imagenet,margin_drop,oat:z_threshold=2.5,z_threshold,2.5,cell,r0/c0,10000,0.9806,0.091,0.0716
imagenet_mnv2_050_exact_k3,imagenet,margin_drop,oat:z_threshold=2.5,z_threshold,2.5,cell,r0/c1,10000,0.9774,0.1424,0.1198
imagenet_mnv2_050_exact_k3,imagenet,margin_drop,oat:z_threshold=2.5,z_threshold,2.5,cell,r0/c2,10000,0.9793,0.1373,0.1166
imagenet_mnv2_050_exact_k3,imagenet,margin_drop,oat:z_threshold=2.5,z_threshold,2.5,cell,r0/c3,10000,0.9777,0.0972,0.0749
imagenet_mnv2_050_exact_k3,imagenet,margin_drop,oat:z_threshold=2.5,z_threshold,2.5,cell,r1/c0,10000,0.9755,0.1189,0.0944
imagenet_mnv2_050_exact_k3,imagenet,margin_drop,oat:z_threshold=2.5,z_threshold,2.5,cell,r1/c1,10000,0.979,0.2212,0.2002
imagenet_mnv2_050_exact_k3,imagenet,margin_drop,oat:z_threshold=2.5,z_threshold,2.5,cell,r1/c2,10000,0.9761,0.2215,0.1976
imagenet_mnv2_050_exact_k3,imagenet,margin_drop,oat:z_threshold=2.5,z_threshold,2.5,cell,r1/c3,10000,0.9764,0.1171,0.0935
imagenet_mnv2_050_exact_k3,imagenet,margin_drop,oat:z_threshold=2.5,z_threshold,2.5,cell,r2/c0,10000,0.975,0.1205,0.0955
imagenet_mnv2_050_exact_k3,imagenet,margin_drop,oat:z_threshold=2.5,z_threshold,2.5,cell,r2/c1,10000,0.9747,0.215,0.1897
imagenet_mnv2_050_exact_k3,imagenet,margin_drop,oat:z_threshold=2.5,z_threshold,2.5,cell,r2/c2,10000,0.9754,0.2197,0.1951
imagenet_mnv2_050_exact_k3,imagenet,margin_drop,oat:z_threshold=2.5,z_threshold,2.5,cell,r2/c3,10000,0.9751,0.116,0.0911
imagenet_mnv2_050_exact_k3,imagenet,margin_drop,oat:z_threshold=2.5,z_threshold,2.5,cell,r3/c0,10000,0.9769,0.0967,0.0736
imagenet_mnv2_050_exact_k3,imagenet,margin_drop,oat:z_threshold=2.5,z_threshold,2.5,cell,r3/c1,10000,0.9735,0.1403,0.1138
imagenet_mnv2_050_exact_k3,imagenet,margin_drop,oat:z_threshold=2.5,z_threshold,2.5,cell,r3/c2,10000,0.975,0.1346,0.1096
imagenet_mnv2_050_exact_k3,imagenet,margin_drop,oat:z_threshold=2.5,z_threshold,2.5,cell,r3/c3,10000,0.9752,0.0961,0.0713
imagenet_mnv2_050_exact_k3,imagenet,margin_drop,oat:z_threshold=2.5,z_threshold,2.5,cell_type,center,40000,0.9763,0.21935,0.19565
imagenet_mnv2_050_exact_k3,imagenet,margin_drop,oat:z_threshold=2.5,z_threshold,2.5,cell_type,corner,40000,0.9776,0.09525,0.07285
imagenet_mnv2_050_exact_k3,imagenet,margin_drop,oat:z_threshold=2.5,z_threshold,2.5,cell_type,edge,80000,0.9759,0.1283875,0.1042875
imagenet_mnv2_050_exact_k3,imagenet,margin_drop,oat:z_threshold=3.0,z_threshold,3.0,cell,r0/c0,10000,0.9661,0.091,0.0571
imagenet_mnv2_050_exact_k3,imagenet,margin_drop,oat:z_threshold=3.0,z_threshold,3.0,cell,r0/c1,10000,0.9597,0.1424,0.1021
imagenet_mnv2_050_exact_k3,imagenet,margin_drop,oat:z_threshold=3.0,z_threshold,3.0,cell,r0/c2,10000,0.9608,0.1373,0.0981
imagenet_mnv2_050_exact_k3,imagenet,margin_drop,oat:z_threshold=3.0,z_threshold,3.0,cell,r0/c3,10000,0.9596,0.0972,0.0568
imagenet_mnv2_050_exact_k3,imagenet,margin_drop,oat:z_threshold=3.0,z_threshold,3.0,cell,r1/c0,10000,0.9576,0.1189,0.0765
imagenet_mnv2_050_exact_k3,imagenet,margin_drop,oat:z_threshold=3.0,z_threshold,3.0,cell,r1/c1,10000,0.9571,0.2212,0.1783
imagenet_mnv2_050_exact_k3,imagenet,margin_drop,oat:z_threshold=3.0,z_threshold,3.0,cell,r1/c2,10000,0.954,0.2215,0.1755
imagenet_mnv2_050_exact_k3,imagenet,margin_drop,oat:z_threshold=3.0,z_threshold,3.0,cell,r1/c3,10000,0.9559,0.1171,0.073
imagenet_mnv2_050_exact_k3,imagenet,margin_drop,oat:z_threshold=3.0,z_threshold,3.0,cell,r2/c0,10000,0.9569,0.1205,0.0774
imagenet_mnv2_050_exact_k3,imagenet,margin_drop,oat:z_threshold=3.0,z_threshold,3.0,cell,r2/c1,10000,0.9524,0.215,0.1674
imagenet_mnv2_050_exact_k3,imagenet,margin_drop,oat:z_threshold=3.0,z_threshold,3.0,cell,r2/c2,10000,0.9562,0.2197,0.1759
imagenet_mnv2_050_exact_k3,imagenet,margin_drop,oat:z_threshold=3.0,z_threshold,3.0,cell,r2/c3,10000,0.9595,0.116,0.0755
imagenet_mnv2_050_exact_k3,imagenet,margin_drop,oat:z_threshold=3.0,z_threshold,3.0,cell,r3/c0,10000,0.9599,0.0967,0.0566
imagenet_mnv2_050_exact_k3,imagenet,margin_drop,oat:z_threshold=3.0,z_threshold,3.0,cell,r3/c1,10000,0.9542,0.1403,0.0945
imagenet_mnv2_050_exact_k3,imagenet,margin_drop,oat:z_threshold=3.0,z_threshold,3.0,cell,r3/c2,10000,0.9555,0.1346,0.0901
imagenet_mnv2_050_exact_k3,imagenet,margin_drop,oat:z_threshold=3.0,z_threshold,3.0,cell,r3/c3,10000,0.9583,0.0961,0.0544
imagenet_mnv2_050_exact_k3,imagenet,margin_drop,oat:z_threshold=3.0,z_threshold,3.0,cell_type,center,40000,0.954925,0.21935,0.174275
imagenet_mnv2_050_exact_k3,imagenet,margin_drop,oat:z_threshold=3.0,z_threshold,3.0,cell_type,corner,40000,0.960975,0.09525,0.056225
imagenet_mnv2_050_exact_k3,imagenet,margin_drop,oat:z_threshold=3.0,z_threshold,3.0,cell_type,edge,80000,0.9575125,0.1283875,0.0859
imagenet_mnv2_050_exact_k3,imagenet,margin_drop,oat:z_threshold=4.0,z_threshold,4.0,cell,r0/c0,10000,0.9461,0.091,0.0371
imagenet_mnv2_050_exact_k3,imagenet,margin_drop,oat:z_threshold=4.0,z_threshold,4.0,cell,r0/c1,10000,0.9278,0.1424,0.0702
imagenet_mnv2_050_exact_k3,imagenet,margin_drop,oat:z_threshold=4.0,z_threshold,4.0,cell,r0/c2,10000,0.9337,0.1373,0.071
imagenet_mnv2_050_exact_k3,imagenet,margin_drop,oat:z_threshold=4.0,z_threshold,4.0,cell,r0/c3,10000,0.9389,0.0972,0.0361
imagenet_mnv2_050_exact_k3,imagenet,margin_drop,oat:z_threshold=4.0,z_threshold,4.0,cell,r1/c0,10000,0.935,0.1189,0.0539
imagenet_mnv2_050_exact_k3,imagenet,margin_drop,oat:z_threshold=4.0,z_threshold,4.0,cell,r1/c1,10000,0.9205,0.2212,0.1417
imagenet_mnv2_050_exact_k3,imagenet,margin_drop,oat:z_threshold=4.0,z_threshold,4.0,cell,r1/c2,10000,0.921,0.2215,0.1425
imagenet_mnv2_050_exact_k3,imagenet,margin_drop,oat:z_threshold=4.0,z_threshold,4.0,cell,r1/c3,10000,0.9316,0.1171,0.0487
imagenet_mnv2_050_exact_k3,imagenet,margin_drop,oat:z_threshold=4.0,z_threshold,4.0,cell,r2/c0,10000,0.9347,0.1205,0.0552
imagenet_mnv2_050_exact_k3,imagenet,margin_drop,oat:z_threshold=4.0,z_threshold,4.0,cell,r2/c1,10000,0.9196,0.215,0.1346
imagenet_mnv2_050_exact_k3,imagenet,margin_drop,oat:z_threshold=4.0,z_threshold,4.0,cell,r2/c2,10000,0.9203,0.2197,0.14
imagenet_mnv2_050_exact_k3,imagenet,margin_drop,oat:z_threshold=4.0,z_threshold,4.0,cell,r2/c3,10000,0.9353,0.116,0.0513
imagenet_mnv2_050_exact_k3,imagenet,margin_drop,oat:z_threshold=4.0,z_threshold,4.0,cell,r3/c0,10000,0.9403,0.0967,0.037
imagenet_mnv2_050_exact_k3,imagenet,margin_drop,oat:z_threshold=4.0,z_threshold,4.0,cell,r3/c1,10000,0.9268,0.1403,0.0671
imagenet_mnv2_050_exact_k3,imagenet,margin_drop,oat:z_threshold=4.0,z_threshold,4.0,cell,r3/c2,10000,0.928,0.1346,0.0626
imagenet_mnv2_050_exact_k3,imagenet,margin_drop,oat:z_threshold=4.0,z_threshold,4.0,cell,r3/c3,10000,0.9385,0.0961,0.0346
imagenet_mnv2_050_exact_k3,imagenet,margin_drop,oat:z_threshold=4.0,z_threshold,4.0,cell_type,center,40000,0.92035,0.21935,0.1397
imagenet_mnv2_050_exact_k3,imagenet,margin_drop,oat:z_threshold=4.0,z_threshold,4.0,cell_type,corner,40000,0.94095,0.09525,0.0362
imagenet_mnv2_050_exact_k3,imagenet,margin_drop,oat:z_threshold=4.0,z_threshold,4.0,cell_type,edge,80000,0.9316125,0.1283875,0.06
imagenet_mnv2_050_exact_k3,imagenet,margin_drop,oat:sign_alpha=0.0,sign_alpha,0.0,cell,r0/c0,10000,1.0,0.091,0.091
imagenet_mnv2_050_exact_k3,imagenet,margin_drop,oat:sign_alpha=0.0,sign_alpha,0.0,cell,r0/c1,10000,1.0,0.1424,0.1424
imagenet_mnv2_050_exact_k3,imagenet,margin_drop,oat:sign_alpha=0.0,sign_alpha,0.0,cell,r0/c2,10000,1.0,0.1373,0.1373
imagenet_mnv2_050_exact_k3,imagenet,margin_drop,oat:sign_alpha=0.0,sign_alpha,0.0,cell,r0/c3,10000,1.0,0.0972,0.0972
imagenet_mnv2_050_exact_k3,imagenet,margin_drop,oat:sign_alpha=0.0,sign_alpha,0.0,cell,r1/c0,10000,1.0,0.1189,0.1189
imagenet_mnv2_050_exact_k3,imagenet,margin_drop,oat:sign_alpha=0.0,sign_alpha,0.0,cell,r1/c1,10000,1.0,0.2212,0.2212
imagenet_mnv2_050_exact_k3,imagenet,margin_drop,oat:sign_alpha=0.0,sign_alpha,0.0,cell,r1/c2,10000,1.0,0.2215,0.2215
imagenet_mnv2_050_exact_k3,imagenet,margin_drop,oat:sign_alpha=0.0,sign_alpha,0.0,cell,r1/c3,10000,1.0,0.1171,0.1171
imagenet_mnv2_050_exact_k3,imagenet,margin_drop,oat:sign_alpha=0.0,sign_alpha,0.0,cell,r2/c0,10000,1.0,0.1205,0.1205
imagenet_mnv2_050_exact_k3,imagenet,margin_drop,oat:sign_alpha=0.0,sign_alpha,0.0,cell,r2/c1,10000,1.0,0.215,0.215
imagenet_mnv2_050_exact_k3,imagenet,margin_drop,oat:sign_alpha=0.0,sign_alpha,0.0,cell,r2/c2,10000,1.0,0.2197,0.2197
imagenet_mnv2_050_exact_k3,imagenet,margin_drop,oat:sign_alpha=0.0,sign_alpha,0.0,cell,r2/c3,10000,1.0,0.116,0.116
imagenet_mnv2_050_exact_k3,imagenet,margin_drop,oat:sign_alpha=0.0,sign_alpha,0.0,cell,r3/c0,10000,1.0,0.0967,0.0967
imagenet_mnv2_050_exact_k3,imagenet,margin_drop,oat:sign_alpha=0.0,sign_alpha,0.0,cell,r3/c1,10000,1.0,0.1403,0.1403
imagenet_mnv2_050_exact_k3,imagenet,margin_drop,oat:sign_alpha=0.0,sign_alpha,0.0,cell,r3/c2,10000,1.0,0.1346,0.1346
imagenet_mnv2_050_exact_k3,imagenet,margin_drop,oat:sign_alpha=0.0,sign_alpha,0.0,cell,r3/c3,10000,1.0,0.0961,0.0961
imagenet_mnv2_050_exact_k3,imagenet,margin_drop,oat:sign_alpha=0.0,sign_alpha,0.0,cell_type,center,40000,1.0,0.21935,0.21935
imagenet_mnv2_050_exact_k3,imagenet,margin_drop,oat:sign_alpha=0.0,sign_alpha,0.0,cell_type,corner,40000,1.0,0.09525,0.09525
imagenet_mnv2_050_exact_k3,imagenet,margin_drop,oat:sign_alpha=0.0,sign_alpha,0.0,cell_type,edge,80000,1.0,0.1283875,0.1283875
imagenet_mnv2_050_exact_k3,imagenet,margin_drop,oat:sign_alpha=0.01,sign_alpha,0.01,cell,r0/c0,10000,0.9868,0.091,0.0893
imagenet_mnv2_050_exact_k3,imagenet,margin_drop,oat:sign_alpha=0.01,sign_alpha,0.01,cell,r0/c1,10000,0.9926,0.1424,0.1409
imagenet_mnv2_050_exact_k3,imagenet,margin_drop,oat:sign_alpha=0.01,sign_alpha,0.01,cell,r0/c2,10000,0.9943,0.1373,0.1359
imagenet_mnv2_050_exact_k3,imagenet,margin_drop,oat:sign_alpha=0.01,sign_alpha,0.01,cell,r0/c3,10000,0.9877,0.0972,0.0952
imagenet_mnv2_050_exact_k3,imagenet,margin_drop,oat:sign_alpha=0.01,sign_alpha,0.01,cell,r1/c0,10000,0.9916,0.1189,0.1169
imagenet_mnv2_050_exact_k3,imagenet,margin_drop,oat:sign_alpha=0.01,sign_alpha,0.01,cell,r1/c1,10000,0.998,0.2212,0.2205
imagenet_mnv2_050_exact_k3,imagenet,margin_drop,oat:sign_alpha=0.01,sign_alpha,0.01,cell,r1/c2,10000,0.9978,0.2215,0.2207
imagenet_mnv2_050_exact_k3,imagenet,margin_drop,oat:sign_alpha=0.01,sign_alpha,0.01,cell,r1/c3,10000,0.9905,0.1171,0.1147
imagenet_mnv2_050_exact_k3,imagenet,margin_drop,oat:sign_alpha=0.01,sign_alpha,0.01,cell,r2/c0,10000,0.9918,0.1205,0.1182
imagenet_mnv2_050_exact_k3,imagenet,margin_drop,oat:sign_alpha=0.01,sign_alpha,0.01,cell,r2/c1,10000,0.9961,0.215,0.2136
imagenet_mnv2_050_exact_k3,imagenet,margin_drop,oat:sign_alpha=0.01,sign_alpha,0.01,cell,r2/c2,10000,0.9976,0.2197,0.2189
imagenet_mnv2_050_exact_k3,imagenet,margin_drop,oat:sign_alpha=0.01,sign_alpha,0.01,cell,r2/c3,10000,0.9922,0.116,0.1145
imagenet_mnv2_050_exact_k3,imagenet,margin_drop,oat:sign_alpha=0.01,sign_alpha,0.01,cell,r3/c0,10000,0.9881,0.0967,0.0947
imagenet_mnv2_050_exact_k3,imagenet,margin_drop,oat:sign_alpha=0.01,sign_alpha,0.01,cell,r3/c1,10000,0.9951,0.1403,0.1394
imagenet_mnv2_050_exact_k3,imagenet,margin_drop,oat:sign_alpha=0.01,sign_alpha,0.01,cell,r3/c2,10000,0.9961,0.1346,0.1341
imagenet_mnv2_050_exact_k3,imagenet,margin_drop,oat:sign_alpha=0.01,sign_alpha,0.01,cell,r3/c3,10000,0.986,0.0961,0.0943
imagenet_mnv2_050_exact_k3,imagenet,margin_drop,oat:sign_alpha=0.01,sign_alpha,0.01,cell_type,center,40000,0.997375,0.21935,0.218425
imagenet_mnv2_050_exact_k3,imagenet,margin_drop,oat:sign_alpha=0.01,sign_alpha,0.01,cell_type,corner,40000,0.98715,0.09525,0.093375
imagenet_mnv2_050_exact_k3,imagenet,margin_drop,oat:sign_alpha=0.01,sign_alpha,0.01,cell_type,edge,80000,0.993025,0.1283875,0.126825
imagenet_mnv2_050_exact_k3,imagenet,margin_drop,oat:sign_alpha=0.05,sign_alpha,0.05,cell,r0/c0,10000,0.9392,0.091,0.0805
imagenet_mnv2_050_exact_k3,imagenet,margin_drop,oat:sign_alpha=0.05,sign_alpha,0.05,cell,r0/c1,10000,0.9658,0.1424,0.1343
imagenet_mnv2_050_exact_k3,imagenet,margin_drop,oat:sign_alpha=0.05,sign_alpha,0.05,cell,r0/c2,10000,0.9705,0.1373,0.1307
imagenet_mnv2_050_exact_k3,imagenet,margin_drop,oat:sign_alpha=0.05,sign_alpha,0.05,cell,r0/c3,10000,0.9346,0.0972,0.085
imagenet_mnv2_050_exact_k3,imagenet,margin_drop,oat:sign_alpha=0.05,sign_alpha,0.05,cell,r1/c0,10000,0.9595,0.1189,0.1086
imagenet_mnv2_050_exact_k3,imagenet,margin_drop,oat:sign_alpha=0.05,sign_alpha,0.05,cell,r1/c1,10000,0.9849,0.2212,0.2159
imagenet_mnv2_050_exact_k3,imagenet,margin_drop,oat:sign_alpha=0.05,sign_alpha,0.05,cell,r1/c2,10000,0.9843,0.2215,0.2157
imagenet_mnv2_050_exact_k3,imagenet,margin_drop,oat:sign_alpha=0.05,sign_alpha,0.05,cell,r1/c3,10000,0.9611,0.1171,0.1086
imagenet_mnv2_050_exact_k3,imagenet,margin_drop,oat:sign_alpha=0.05,sign_alpha,0.05,cell,r2/c0,10000,0.9622,0.1205,0.1116
imagenet_mnv2_050_exact_k3,imagenet,margin_drop,oat:sign_alpha=0.05,sign_alpha,0.05,cell,r2/c1,10000,0.9845,0.215,0.2089
imagenet_mnv2_050_exact_k3,imagenet,margin_drop,oat:sign_alpha=0.05,sign_alpha,0.05,cell,r2/c2,10000,0.9843,0.2197,0.2139
imagenet_mnv2_050_exact_k3,imagenet,margin_drop,oat:sign_alpha=0.05,sign_alpha,0.05,cell,r2/c3,10000,0.9615,0.116,0.1084
imagenet_mnv2_050_exact_k3,imagenet,margin_drop,oat:sign_alpha=0.05,sign_alpha,0.05,cell,r3/c0,10000,0.9402,0.0967,0.0847
imagenet_mnv2_050_exact_k3,imagenet,margin_drop,oat:sign_alpha=0.05,sign_alpha,0.05,cell,r3/c1,10000,0.9675,0.1403,0.1317
imagenet_mnv2_050_exact_k3,imagenet,margin_drop,oat:sign_alpha=0.05,sign_alpha,0.05,cell,r3/c2,10000,0.9703,0.1346,0.1275
imagenet_mnv2_050_exact_k3,imagenet,margin_drop,oat:sign_alpha=0.05,sign_alpha,0.05,cell,r3/c3,10000,0.935,0.0961,0.0843
imagenet_mnv2_050_exact_k3,imagenet,margin_drop,oat:sign_alpha=0.05,sign_alpha,0.05,cell_type,center,40000,0.9845,0.21935,0.2136
imagenet_mnv2_050_exact_k3,imagenet,margin_drop,oat:sign_alpha=0.05,sign_alpha,0.05,cell_type,corner,40000,0.93725,0.09525,0.083625
imagenet_mnv2_050_exact_k3,imagenet,margin_drop,oat:sign_alpha=0.05,sign_alpha,0.05,cell_type,edge,80000,0.9648,0.1283875,0.120175
imagenet_mnv2_050_exact_k3,imagenet,margin_drop,oat:sign_alpha=0.1,sign_alpha,0.1,cell,r0/c0,10000,0.8849,0.091,0.0708
imagenet_mnv2_050_exact_k3,imagenet,margin_drop,oat:sign_alpha=0.1,sign_alpha,0.1,cell,r0/c1,10000,0.9369,0.1424,0.1257
imagenet_mnv2_050_exact_k3,imagenet,margin_drop,oat:sign_alpha=0.1,sign_alpha,0.1,cell,r0/c2,10000,0.9425,0.1373,0.1232
imagenet_mnv2_050_exact_k3,imagenet,margin_drop,oat:sign_alpha=0.1,sign_alpha,0.1,cell,r0/c3,10000,0.8759,0.0972,0.0745
imagenet_mnv2_050_exact_k3,imagenet,margin_drop,oat:sign_alpha=0.1,sign_alpha,0.1,cell,r1/c0,10000,0.9283,0.1189,0.1018
imagenet_mnv2_050_exact_k3,imagenet,margin_drop,oat:sign_alpha=0.1,sign_alpha,0.1,cell,r1/c1,10000,0.9677,0.2212,0.209
imagenet_mnv2_050_exact_k3,imagenet,margin_drop,oat:sign_alpha=0.1,sign_alpha,0.1,cell,r1/c2,10000,0.9692,0.2215,0.209
imagenet_mnv2_050_exact_k3,imagenet,margin_drop,oat:sign_alpha=0.1,sign_alpha,0.1,cell,r1/c3,10000,0.9268,0.1171,0.1012
imagenet_mnv2_050_exact_k3,imagenet,margin_drop,oat:sign_alpha=0.1,sign_alpha,0.1,cell,r2/c0,10000,0.9293,0.1205,0.1039
imagenet_mnv2_050_exact_k3,imagenet,margin_drop,oat:sign_alpha=0.1,sign_alpha,0.1,cell,r2/c1,10000,0.9702,0.215,0.2031
imagenet_mnv2_050_exact_k3,imagenet,margin_drop,oat:sign_alpha=0.1,sign_alpha,0.1,cell,r2/c2,10000,0.9688,0.2197,0.2086
imagenet_mnv2_050_exact_k3,imagenet,margin_drop,oat:sign_alpha=0.1,sign_alpha,0.1,cell,r2/c3,10000,0.9247,0.116,0.1001
imagenet_mnv2_050_exact_k3,imagenet,margin_drop,oat:sign_alpha=0.1,sign_alpha,0.1,cell,r3/c0,10000,0.8908,0.0967,0.0752
imagenet_mnv2_050_exact_k3,imagenet,margin_drop,oat:sign_alpha=0.1,sign_alpha,0.1,cell,r3/c1,10000,0.9365,0.1403,0.1237
imagenet_mnv2_050_exact_k3,imagenet,margin_drop,oat:sign_alpha=0.1,sign_alpha,0.1,cell,r3/c2,10000,0.943,0.1346,0.12
imagenet_mnv2_050_exact_k3,imagenet,margin_drop,oat:sign_alpha=0.1,sign_alpha,0.1,cell,r3/c3,10000,0.8793,0.0961,0.0716
imagenet_mnv2_050_exact_k3,imagenet,margin_drop,oat:sign_alpha=0.1,sign_alpha,0.1,cell_type,center,40000,0.968975,0.21935,0.207425
imagenet_mnv2_050_exact_k3,imagenet,margin_drop,oat:sign_alpha=0.1,sign_alpha,0.1,cell_type,corner,40000,0.882725,0.09525,0.073025
imagenet_mnv2_050_exact_k3,imagenet,margin_drop,oat:sign_alpha=0.1,sign_alpha,0.1,cell_type,edge,80000,0.9335,0.1283875,0.11245
imagenet_mnv2_050_exact_k3,imagenet,margin_drop,oat:sign_alpha=0.25,sign_alpha,0.25,cell,r0/c0,10000,0.7745,0.091,0.0566
imagenet_mnv2_050_exact_k3,imagenet,margin_drop,oat:sign_alpha=0.25,sign_alpha,0.25,cell,r0/c1,10000,0.8665,0.1424,0.1069
imagenet_mnv2_050_exact_k3,imagenet,margin_drop,oat:sign_alpha=0.25,sign_alpha,0.25,cell,r0/c2,10000,0.8684,0.1373,0.1041
imagenet_mnv2_050_exact_k3,imagenet,margin_drop,oat:sign_alpha=0.25,sign_alpha,0.25,cell,r0/c3,10000,0.7529,0.0972,0.0588
imagenet_mnv2_050_exact_k3,imagenet,margin_drop,oat:sign_alpha=0.25,sign_alpha,0.25,cell,r1/c0,10000,0.8481,0.1189,0.0841
imagenet_mnv2_050_exact_k3,imagenet,margin_drop,oat:sign_alpha=0.25,sign_alpha,0.25,cell,r1/c1,10000,0.9234,0.2212,0.1937
imagenet_mnv2_050_exact_k3,imagenet,margin_drop,oat:sign_alpha=0.25,sign_alpha,0.25,cell,r1/c2,10000,0.924,0.2215,0.1907
imagenet_mnv2_050_exact_k3,imagenet,margin_drop,oat:sign_alpha=0.25,sign_alpha,0.25,cell,r1/c3,10000,0.8364,0.1171,0.0854
imagenet_mnv2_050_exact_k3,imagenet,margin_drop,oat:sign_alpha=0.25,sign_alpha,0.25,cell,r2/c0,10000,0.8462,0.1205,0.0871
imagenet_mnv2_050_exact_k3,imagenet,margin_drop,oat:sign_alpha=0.25,sign_alpha,0.25,cell,r2/c1,10000,0.9233,0.215,0.1859
imagenet_mnv2_050_exact_k3,imagenet,margin_drop,oat:sign_alpha=0.25,sign_alpha,0.25,cell,r2/c2,10000,0.9237,0.2197,0.1926
imagenet_mnv2_050_exact_k3,imagenet,margin_drop,oat:sign_alpha=0.25,sign_alpha,0.25,cell,r2/c3,10000,0.8376,0.116,0.083
imagenet_mnv2_050_exact_k3,imagenet,margin_drop,oat:sign_alpha=0.25,sign_alpha,0.25,cell,r3/c0,10000,0.7692,0.0967,0.0581
imagenet_mnv2_050_exact_k3,imagenet,margin_drop,oat:sign_alpha=0.25,sign_alpha,0.25,cell,r3/c1,10000,0.8589,0.1403,0.104
imagenet_mnv2_050_exact_k3,imagenet,margin_drop,oat:sign_alpha=0.25,sign_alpha,0.25,cell,r3/c2,10000,0.87,0.1346,0.1026
imagenet_mnv2_050_exact_k3,imagenet,margin_drop,oat:sign_alpha=0.25,sign_alpha,0.25,cell,r3/c3,10000,0.7583,0.0961,0.054
imagenet_mnv2_050_exact_k3,imagenet,margin_drop,oat:sign_alpha=0.25,sign_alpha,0.25,cell_type,center,40000,0.9236,0.21935,0.190725
imagenet_mnv2_050_exact_k3,imagenet,margin_drop,oat:sign_alpha=0.25,sign_alpha,0.25,cell_type,corner,40000,0.763725,0.09525,0.056875
imagenet_mnv2_050_exact_k3,imagenet,margin_drop,oat:sign_alpha=0.25,sign_alpha,0.25,cell_type,edge,80000,0.8540125,0.1283875,0.09465
imagenet_mnv2_050_exact_k3,imagenet,margin_drop,oat:min_multi_strategy=2,min_multi_strategy,2,cell,r0/c0,10000,1.0,0.091,0.091
imagenet_mnv2_050_exact_k3,imagenet,margin_drop,oat:min_multi_strategy=2,min_multi_strategy,2,cell,r0/c1,10000,1.0,0.1424,0.1424
imagenet_mnv2_050_exact_k3,imagenet,margin_drop,oat:min_multi_strategy=2,min_multi_strategy,2,cell,r0/c2,10000,1.0,0.1373,0.1373
imagenet_mnv2_050_exact_k3,imagenet,margin_drop,oat:min_multi_strategy=2,min_multi_strategy,2,cell,r0/c3,10000,1.0,0.0972,0.0972
imagenet_mnv2_050_exact_k3,imagenet,margin_drop,oat:min_multi_strategy=2,min_multi_strategy,2,cell,r1/c0,10000,1.0,0.1189,0.1189
imagenet_mnv2_050_exact_k3,imagenet,margin_drop,oat:min_multi_strategy=2,min_multi_strategy,2,cell,r1/c1,10000,1.0,0.2212,0.2212
imagenet_mnv2_050_exact_k3,imagenet,margin_drop,oat:min_multi_strategy=2,min_multi_strategy,2,cell,r1/c2,10000,1.0,0.2215,0.2215
imagenet_mnv2_050_exact_k3,imagenet,margin_drop,oat:min_multi_strategy=2,min_multi_strategy,2,cell,r1/c3,10000,1.0,0.1171,0.1171
imagenet_mnv2_050_exact_k3,imagenet,margin_drop,oat:min_multi_strategy=2,min_multi_strategy,2,cell,r2/c0,10000,1.0,0.1205,0.1205
imagenet_mnv2_050_exact_k3,imagenet,margin_drop,oat:min_multi_strategy=2,min_multi_strategy,2,cell,r2/c1,10000,1.0,0.215,0.215
imagenet_mnv2_050_exact_k3,imagenet,margin_drop,oat:min_multi_strategy=2,min_multi_strategy,2,cell,r2/c2,10000,1.0,0.2197,0.2197
imagenet_mnv2_050_exact_k3,imagenet,margin_drop,oat:min_multi_strategy=2,min_multi_strategy,2,cell,r2/c3,10000,1.0,0.116,0.116
imagenet_mnv2_050_exact_k3,imagenet,margin_drop,oat:min_multi_strategy=2,min_multi_strategy,2,cell,r3/c0,10000,1.0,0.0967,0.0967
imagenet_mnv2_050_exact_k3,imagenet,margin_drop,oat:min_multi_strategy=2,min_multi_strategy,2,cell,r3/c1,10000,1.0,0.1403,0.1403
imagenet_mnv2_050_exact_k3,imagenet,margin_drop,oat:min_multi_strategy=2,min_multi_strategy,2,cell,r3/c2,10000,1.0,0.1346,0.1346
imagenet_mnv2_050_exact_k3,imagenet,margin_drop,oat:min_multi_strategy=2,min_multi_strategy,2,cell,r3/c3,10000,1.0,0.0961,0.0961
imagenet_mnv2_050_exact_k3,imagenet,margin_drop,oat:min_multi_strategy=2,min_multi_strategy,2,cell_type,center,40000,1.0,0.21935,0.21935
imagenet_mnv2_050_exact_k3,imagenet,margin_drop,oat:min_multi_strategy=2,min_multi_strategy,2,cell_type,corner,40000,1.0,0.09525,0.09525
imagenet_mnv2_050_exact_k3,imagenet,margin_drop,oat:min_multi_strategy=2,min_multi_strategy,2,cell_type,edge,80000,1.0,0.1283875,0.1283875
imagenet_mnv2_050_exact_k3,imagenet,margin_drop,oat:min_multi_strategy=3,min_multi_strategy,3,cell,r0/c0,10000,1.0,0.091,0.091
imagenet_mnv2_050_exact_k3,imagenet,margin_drop,oat:min_multi_strategy=3,min_multi_strategy,3,cell,r0/c1,10000,1.0,0.1424,0.1424
imagenet_mnv2_050_exact_k3,imagenet,margin_drop,oat:min_multi_strategy=3,min_multi_strategy,3,cell,r0/c2,10000,1.0,0.1373,0.1373
imagenet_mnv2_050_exact_k3,imagenet,margin_drop,oat:min_multi_strategy=3,min_multi_strategy,3,cell,r0/c3,10000,1.0,0.0972,0.0972
imagenet_mnv2_050_exact_k3,imagenet,margin_drop,oat:min_multi_strategy=3,min_multi_strategy,3,cell,r1/c0,10000,1.0,0.1189,0.1189
imagenet_mnv2_050_exact_k3,imagenet,margin_drop,oat:min_multi_strategy=3,min_multi_strategy,3,cell,r1/c1,10000,1.0,0.2212,0.2212
imagenet_mnv2_050_exact_k3,imagenet,margin_drop,oat:min_multi_strategy=3,min_multi_strategy,3,cell,r1/c2,10000,1.0,0.2215,0.2215
imagenet_mnv2_050_exact_k3,imagenet,margin_drop,oat:min_multi_strategy=3,min_multi_strategy,3,cell,r1/c3,10000,1.0,0.1171,0.1171
imagenet_mnv2_050_exact_k3,imagenet,margin_drop,oat:min_multi_strategy=3,min_multi_strategy,3,cell,r2/c0,10000,1.0,0.1205,0.1205
imagenet_mnv2_050_exact_k3,imagenet,margin_drop,oat:min_multi_strategy=3,min_multi_strategy,3,cell,r2/c1,10000,1.0,0.215,0.215
imagenet_mnv2_050_exact_k3,imagenet,margin_drop,oat:min_multi_strategy=3,min_multi_strategy,3,cell,r2/c2,10000,1.0,0.2197,0.2197
imagenet_mnv2_050_exact_k3,imagenet,margin_drop,oat:min_multi_strategy=3,min_multi_strategy,3,cell,r2/c3,10000,1.0,0.116,0.116
imagenet_mnv2_050_exact_k3,imagenet,margin_drop,oat:min_multi_strategy=3,min_multi_strategy,3,cell,r3/c0,10000,1.0,0.0967,0.0967
imagenet_mnv2_050_exact_k3,imagenet,margin_drop,oat:min_multi_strategy=3,min_multi_strategy,3,cell,r3/c1,10000,1.0,0.1403,0.1403
imagenet_mnv2_050_exact_k3,imagenet,margin_drop,oat:min_multi_strategy=3,min_multi_strategy,3,cell,r3/c2,10000,1.0,0.1346,0.1346
imagenet_mnv2_050_exact_k3,imagenet,margin_drop,oat:min_multi_strategy=3,min_multi_strategy,3,cell,r3/c3,10000,1.0,0.0961,0.0961
imagenet_mnv2_050_exact_k3,imagenet,margin_drop,oat:min_multi_strategy=3,min_multi_strategy,3,cell_type,center,40000,1.0,0.21935,0.21935
imagenet_mnv2_050_exact_k3,imagenet,margin_drop,oat:min_multi_strategy=3,min_multi_strategy,3,cell_type,corner,40000,1.0,0.09525,0.09525
imagenet_mnv2_050_exact_k3,imagenet,margin_drop,oat:min_multi_strategy=3,min_multi_strategy,3,cell_type,edge,80000,1.0,0.1283875,0.1283875
imagenet_mnv2_050_exact_k3,imagenet,margin_drop,oat:ci_level=90,ci_level,90,cell,r0/c0,10000,1.0,0.091,0.091
imagenet_mnv2_050_exact_k3,imagenet,margin_drop,oat:ci_level=90,ci_level,90,cell,r0/c1,10000,1.0,0.1424,0.1424
imagenet_mnv2_050_exact_k3,imagenet,margin_drop,oat:ci_level=90,ci_level,90,cell,r0/c2,10000,1.0,0.1373,0.1373
imagenet_mnv2_050_exact_k3,imagenet,margin_drop,oat:ci_level=90,ci_level,90,cell,r0/c3,10000,1.0,0.0972,0.0972
imagenet_mnv2_050_exact_k3,imagenet,margin_drop,oat:ci_level=90,ci_level,90,cell,r1/c0,10000,1.0,0.1189,0.1189
imagenet_mnv2_050_exact_k3,imagenet,margin_drop,oat:ci_level=90,ci_level,90,cell,r1/c1,10000,1.0,0.2212,0.2212
imagenet_mnv2_050_exact_k3,imagenet,margin_drop,oat:ci_level=90,ci_level,90,cell,r1/c2,10000,1.0,0.2215,0.2215
imagenet_mnv2_050_exact_k3,imagenet,margin_drop,oat:ci_level=90,ci_level,90,cell,r1/c3,10000,1.0,0.1171,0.1171
imagenet_mnv2_050_exact_k3,imagenet,margin_drop,oat:ci_level=90,ci_level,90,cell,r2/c0,10000,1.0,0.1205,0.1205
imagenet_mnv2_050_exact_k3,imagenet,margin_drop,oat:ci_level=90,ci_level,90,cell,r2/c1,10000,1.0,0.215,0.215
imagenet_mnv2_050_exact_k3,imagenet,margin_drop,oat:ci_level=90,ci_level,90,cell,r2/c2,10000,1.0,0.2197,0.2197
imagenet_mnv2_050_exact_k3,imagenet,margin_drop,oat:ci_level=90,ci_level,90,cell,r2/c3,10000,1.0,0.116,0.116
imagenet_mnv2_050_exact_k3,imagenet,margin_drop,oat:ci_level=90,ci_level,90,cell,r3/c0,10000,1.0,0.0967,0.0967
imagenet_mnv2_050_exact_k3,imagenet,margin_drop,oat:ci_level=90,ci_level,90,cell,r3/c1,10000,1.0,0.1403,0.1403
imagenet_mnv2_050_exact_k3,imagenet,margin_drop,oat:ci_level=90,ci_level,90,cell,r3/c2,10000,1.0,0.1346,0.1346
imagenet_mnv2_050_exact_k3,imagenet,margin_drop,oat:ci_level=90,ci_level,90,cell,r3/c3,10000,1.0,0.0961,0.0961
imagenet_mnv2_050_exact_k3,imagenet,margin_drop,oat:ci_level=90,ci_level,90,cell_type,center,40000,1.0,0.21935,0.21935
imagenet_mnv2_050_exact_k3,imagenet,margin_drop,oat:ci_level=90,ci_level,90,cell_type,corner,40000,1.0,0.09525,0.09525
imagenet_mnv2_050_exact_k3,imagenet,margin_drop,oat:ci_level=90,ci_level,90,cell_type,edge,80000,1.0,0.1283875,0.1283875
imagenet_mnv2_050_exact_k3,imagenet,margin_drop,oat:ci_level=95,ci_level,95,cell,r0/c0,10000,1.0,0.091,0.091
imagenet_mnv2_050_exact_k3,imagenet,margin_drop,oat:ci_level=95,ci_level,95,cell,r0/c1,10000,1.0,0.1424,0.1424
imagenet_mnv2_050_exact_k3,imagenet,margin_drop,oat:ci_level=95,ci_level,95,cell,r0/c2,10000,1.0,0.1373,0.1373
imagenet_mnv2_050_exact_k3,imagenet,margin_drop,oat:ci_level=95,ci_level,95,cell,r0/c3,10000,1.0,0.0972,0.0972
imagenet_mnv2_050_exact_k3,imagenet,margin_drop,oat:ci_level=95,ci_level,95,cell,r1/c0,10000,1.0,0.1189,0.1189
imagenet_mnv2_050_exact_k3,imagenet,margin_drop,oat:ci_level=95,ci_level,95,cell,r1/c1,10000,1.0,0.2212,0.2212
imagenet_mnv2_050_exact_k3,imagenet,margin_drop,oat:ci_level=95,ci_level,95,cell,r1/c2,10000,1.0,0.2215,0.2215
imagenet_mnv2_050_exact_k3,imagenet,margin_drop,oat:ci_level=95,ci_level,95,cell,r1/c3,10000,1.0,0.1171,0.1171
imagenet_mnv2_050_exact_k3,imagenet,margin_drop,oat:ci_level=95,ci_level,95,cell,r2/c0,10000,1.0,0.1205,0.1205
imagenet_mnv2_050_exact_k3,imagenet,margin_drop,oat:ci_level=95,ci_level,95,cell,r2/c1,10000,1.0,0.215,0.215
imagenet_mnv2_050_exact_k3,imagenet,margin_drop,oat:ci_level=95,ci_level,95,cell,r2/c2,10000,1.0,0.2197,0.2197
imagenet_mnv2_050_exact_k3,imagenet,margin_drop,oat:ci_level=95,ci_level,95,cell,r2/c3,10000,1.0,0.116,0.116
imagenet_mnv2_050_exact_k3,imagenet,margin_drop,oat:ci_level=95,ci_level,95,cell,r3/c0,10000,1.0,0.0967,0.0967
imagenet_mnv2_050_exact_k3,imagenet,margin_drop,oat:ci_level=95,ci_level,95,cell,r3/c1,10000,1.0,0.1403,0.1403
imagenet_mnv2_050_exact_k3,imagenet,margin_drop,oat:ci_level=95,ci_level,95,cell,r3/c2,10000,1.0,0.1346,0.1346
imagenet_mnv2_050_exact_k3,imagenet,margin_drop,oat:ci_level=95,ci_level,95,cell,r3/c3,10000,1.0,0.0961,0.0961
imagenet_mnv2_050_exact_k3,imagenet,margin_drop,oat:ci_level=95,ci_level,95,cell_type,center,40000,1.0,0.21935,0.21935
imagenet_mnv2_050_exact_k3,imagenet,margin_drop,oat:ci_level=95,ci_level,95,cell_type,corner,40000,1.0,0.09525,0.09525
imagenet_mnv2_050_exact_k3,imagenet,margin_drop,oat:ci_level=95,ci_level,95,cell_type,edge,80000,1.0,0.1283875,0.1283875
imagenet_mnv2_050_exact_k3,imagenet,margin_drop,oat:ci_level=99,ci_level,99,cell,r0/c0,10000,1.0,0.091,0.091
imagenet_mnv2_050_exact_k3,imagenet,margin_drop,oat:ci_level=99,ci_level,99,cell,r0/c1,10000,1.0,0.1424,0.1424
imagenet_mnv2_050_exact_k3,imagenet,margin_drop,oat:ci_level=99,ci_level,99,cell,r0/c2,10000,1.0,0.1373,0.1373
imagenet_mnv2_050_exact_k3,imagenet,margin_drop,oat:ci_level=99,ci_level,99,cell,r0/c3,10000,1.0,0.0972,0.0972
imagenet_mnv2_050_exact_k3,imagenet,margin_drop,oat:ci_level=99,ci_level,99,cell,r1/c0,10000,1.0,0.1189,0.1189
imagenet_mnv2_050_exact_k3,imagenet,margin_drop,oat:ci_level=99,ci_level,99,cell,r1/c1,10000,1.0,0.2212,0.2212
imagenet_mnv2_050_exact_k3,imagenet,margin_drop,oat:ci_level=99,ci_level,99,cell,r1/c2,10000,1.0,0.2215,0.2215
imagenet_mnv2_050_exact_k3,imagenet,margin_drop,oat:ci_level=99,ci_level,99,cell,r1/c3,10000,1.0,0.1171,0.1171
imagenet_mnv2_050_exact_k3,imagenet,margin_drop,oat:ci_level=99,ci_level,99,cell,r2/c0,10000,1.0,0.1205,0.1205
imagenet_mnv2_050_exact_k3,imagenet,margin_drop,oat:ci_level=99,ci_level,99,cell,r2/c1,10000,1.0,0.215,0.215
imagenet_mnv2_050_exact_k3,imagenet,margin_drop,oat:ci_level=99,ci_level,99,cell,r2/c2,10000,1.0,0.2197,0.2197
imagenet_mnv2_050_exact_k3,imagenet,margin_drop,oat:ci_level=99,ci_level,99,cell,r2/c3,10000,1.0,0.116,0.116
imagenet_mnv2_050_exact_k3,imagenet,margin_drop,oat:ci_level=99,ci_level,99,cell,r3/c0,10000,1.0,0.0967,0.0967
imagenet_mnv2_050_exact_k3,imagenet,margin_drop,oat:ci_level=99,ci_level,99,cell,r3/c1,10000,1.0,0.1403,0.1403
imagenet_mnv2_050_exact_k3,imagenet,margin_drop,oat:ci_level=99,ci_level,99,cell,r3/c2,10000,1.0,0.1346,0.1346
imagenet_mnv2_050_exact_k3,imagenet,margin_drop,oat:ci_level=99,ci_level,99,cell,r3/c3,10000,1.0,0.0961,0.0961
imagenet_mnv2_050_exact_k3,imagenet,margin_drop,oat:ci_level=99,ci_level,99,cell_type,center,40000,1.0,0.21935,0.21935
imagenet_mnv2_050_exact_k3,imagenet,margin_drop,oat:ci_level=99,ci_level,99,cell_type,corner,40000,1.0,0.09525,0.09525
imagenet_mnv2_050_exact_k3,imagenet,margin_drop,oat:ci_level=99,ci_level,99,cell_type,edge,80000,1.0,0.1283875,0.1283875
imagenet_mnv2_050_exact_k3,imagenet,margin_drop,oat:ci_level=999,ci_level,999,cell,r0/c0,10000,1.0,0.091,0.091
imagenet_mnv2_050_exact_k3,imagenet,margin_drop,oat:ci_level=999,ci_level,999,cell,r0/c1,10000,1.0,0.1424,0.1424
imagenet_mnv2_050_exact_k3,imagenet,margin_drop,oat:ci_level=999,ci_level,999,cell,r0/c2,10000,1.0,0.1373,0.1373
imagenet_mnv2_050_exact_k3,imagenet,margin_drop,oat:ci_level=999,ci_level,999,cell,r0/c3,10000,1.0,0.0972,0.0972
imagenet_mnv2_050_exact_k3,imagenet,margin_drop,oat:ci_level=999,ci_level,999,cell,r1/c0,10000,1.0,0.1189,0.1189
imagenet_mnv2_050_exact_k3,imagenet,margin_drop,oat:ci_level=999,ci_level,999,cell,r1/c1,10000,1.0,0.2212,0.2212
imagenet_mnv2_050_exact_k3,imagenet,margin_drop,oat:ci_level=999,ci_level,999,cell,r1/c2,10000,1.0,0.2215,0.2215
imagenet_mnv2_050_exact_k3,imagenet,margin_drop,oat:ci_level=999,ci_level,999,cell,r1/c3,10000,1.0,0.1171,0.1171
imagenet_mnv2_050_exact_k3,imagenet,margin_drop,oat:ci_level=999,ci_level,999,cell,r2/c0,10000,1.0,0.1205,0.1205
imagenet_mnv2_050_exact_k3,imagenet,margin_drop,oat:ci_level=999,ci_level,999,cell,r2/c1,10000,1.0,0.215,0.215
imagenet_mnv2_050_exact_k3,imagenet,margin_drop,oat:ci_level=999,ci_level,999,cell,r2/c2,10000,1.0,0.2197,0.2197
imagenet_mnv2_050_exact_k3,imagenet,margin_drop,oat:ci_level=999,ci_level,999,cell,r2/c3,10000,1.0,0.116,0.116
imagenet_mnv2_050_exact_k3,imagenet,margin_drop,oat:ci_level=999,ci_level,999,cell,r3/c0,10000,1.0,0.0967,0.0967
imagenet_mnv2_050_exact_k3,imagenet,margin_drop,oat:ci_level=999,ci_level,999,cell,r3/c1,10000,1.0,0.1403,0.1403
imagenet_mnv2_050_exact_k3,imagenet,margin_drop,oat:ci_level=999,ci_level,999,cell,r3/c2,10000,1.0,0.1346,0.1346
imagenet_mnv2_050_exact_k3,imagenet,margin_drop,oat:ci_level=999,ci_level,999,cell,r3/c3,10000,1.0,0.0961,0.0961
imagenet_mnv2_050_exact_k3,imagenet,margin_drop,oat:ci_level=999,ci_level,999,cell_type,center,40000,1.0,0.21935,0.21935
imagenet_mnv2_050_exact_k3,imagenet,margin_drop,oat:ci_level=999,ci_level,999,cell_type,corner,40000,1.0,0.09525,0.09525
imagenet_mnv2_050_exact_k3,imagenet,margin_drop,oat:ci_level=999,ci_level,999,cell_type,edge,80000,1.0,0.1283875,0.1283875
imagenet_mnv2_050_exact_k3,imagenet,margin_drop,oat:ddof=0,ddof,0,cell,r0/c0,10000,1.0,0.091,0.091
imagenet_mnv2_050_exact_k3,imagenet,margin_drop,oat:ddof=0,ddof,0,cell,r0/c1,10000,1.0,0.1424,0.1424
imagenet_mnv2_050_exact_k3,imagenet,margin_drop,oat:ddof=0,ddof,0,cell,r0/c2,10000,1.0,0.1373,0.1373
imagenet_mnv2_050_exact_k3,imagenet,margin_drop,oat:ddof=0,ddof,0,cell,r0/c3,10000,1.0,0.0972,0.0972
imagenet_mnv2_050_exact_k3,imagenet,margin_drop,oat:ddof=0,ddof,0,cell,r1/c0,10000,1.0,0.1189,0.1189
imagenet_mnv2_050_exact_k3,imagenet,margin_drop,oat:ddof=0,ddof,0,cell,r1/c1,10000,1.0,0.2212,0.2212
imagenet_mnv2_050_exact_k3,imagenet,margin_drop,oat:ddof=0,ddof,0,cell,r1/c2,10000,1.0,0.2215,0.2215
imagenet_mnv2_050_exact_k3,imagenet,margin_drop,oat:ddof=0,ddof,0,cell,r1/c3,10000,1.0,0.1171,0.1171
imagenet_mnv2_050_exact_k3,imagenet,margin_drop,oat:ddof=0,ddof,0,cell,r2/c0,10000,1.0,0.1205,0.1205
imagenet_mnv2_050_exact_k3,imagenet,margin_drop,oat:ddof=0,ddof,0,cell,r2/c1,10000,1.0,0.215,0.215
imagenet_mnv2_050_exact_k3,imagenet,margin_drop,oat:ddof=0,ddof,0,cell,r2/c2,10000,1.0,0.2197,0.2197
imagenet_mnv2_050_exact_k3,imagenet,margin_drop,oat:ddof=0,ddof,0,cell,r2/c3,10000,1.0,0.116,0.116
imagenet_mnv2_050_exact_k3,imagenet,margin_drop,oat:ddof=0,ddof,0,cell,r3/c0,10000,1.0,0.0967,0.0967
imagenet_mnv2_050_exact_k3,imagenet,margin_drop,oat:ddof=0,ddof,0,cell,r3/c1,10000,1.0,0.1403,0.1403
imagenet_mnv2_050_exact_k3,imagenet,margin_drop,oat:ddof=0,ddof,0,cell,r3/c2,10000,1.0,0.1346,0.1346
imagenet_mnv2_050_exact_k3,imagenet,margin_drop,oat:ddof=0,ddof,0,cell,r3/c3,10000,1.0,0.0961,0.0961
imagenet_mnv2_050_exact_k3,imagenet,margin_drop,oat:ddof=0,ddof,0,cell_type,center,40000,1.0,0.21935,0.21935
imagenet_mnv2_050_exact_k3,imagenet,margin_drop,oat:ddof=0,ddof,0,cell_type,corner,40000,1.0,0.09525,0.09525
imagenet_mnv2_050_exact_k3,imagenet,margin_drop,oat:ddof=0,ddof,0,cell_type,edge,80000,1.0,0.1283875,0.1283875
imagenet_mnv2_050_exact_k3,imagenet,margin_drop,oat:ddof=1,ddof,1,cell,r0/c0,10000,0.9825,0.091,0.0735
imagenet_mnv2_050_exact_k3,imagenet,margin_drop,oat:ddof=1,ddof,1,cell,r0/c1,10000,0.9799,0.1424,0.1223
imagenet_mnv2_050_exact_k3,imagenet,margin_drop,oat:ddof=1,ddof,1,cell,r0/c2,10000,0.9804,0.1373,0.1177
imagenet_mnv2_050_exact_k3,imagenet,margin_drop,oat:ddof=1,ddof,1,cell,r0/c3,10000,0.9801,0.0972,0.0773
imagenet_mnv2_050_exact_k3,imagenet,margin_drop,oat:ddof=1,ddof,1,cell,r1/c0,10000,0.9772,0.1189,0.0961
imagenet_mnv2_050_exact_k3,imagenet,margin_drop,oat:ddof=1,ddof,1,cell,r1/c1,10000,0.9808,0.2212,0.202
imagenet_mnv2_050_exact_k3,imagenet,margin_drop,oat:ddof=1,ddof,1,cell,r1/c2,10000,0.9786,0.2215,0.2001
imagenet_mnv2_050_exact_k3,imagenet,margin_drop,oat:ddof=1,ddof,1,cell,r1/c3,10000,0.9785,0.1171,0.0956
imagenet_mnv2_050_exact_k3,imagenet,margin_drop,oat:ddof=1,ddof,1,cell,r2/c0,10000,0.9778,0.1205,0.0983
imagenet_mnv2_050_exact_k3,imagenet,margin_drop,oat:ddof=1,ddof,1,cell,r2/c1,10000,0.9782,0.215,0.1932
imagenet_mnv2_050_exact_k3,imagenet,margin_drop,oat:ddof=1,ddof,1,cell,r2/c2,10000,0.9775,0.2197,0.1972
imagenet_mnv2_050_exact_k3,imagenet,margin_drop,oat:ddof=1,ddof,1,cell,r2/c3,10000,0.9768,0.116,0.0928
imagenet_mnv2_050_exact_k3,imagenet,margin_drop,oat:ddof=1,ddof,1,cell,r3/c0,10000,0.9785,0.0967,0.0752
imagenet_mnv2_050_exact_k3,imagenet,margin_drop,oat:ddof=1,ddof,1,cell,r3/c1,10000,0.9766,0.1403,0.1169
imagenet_mnv2_050_exact_k3,imagenet,margin_drop,oat:ddof=1,ddof,1,cell,r3/c2,10000,0.9773,0.1346,0.1119
imagenet_mnv2_050_exact_k3,imagenet,margin_drop,oat:ddof=1,ddof,1,cell,r3/c3,10000,0.9772,0.0961,0.0733
imagenet_mnv2_050_exact_k3,imagenet,margin_drop,oat:ddof=1,ddof,1,cell_type,center,40000,0.978775,0.21935,0.198125
imagenet_mnv2_050_exact_k3,imagenet,margin_drop,oat:ddof=1,ddof,1,cell_type,corner,40000,0.979575,0.09525,0.074825
imagenet_mnv2_050_exact_k3,imagenet,margin_drop,oat:ddof=1,ddof,1,cell_type,edge,80000,0.9780625,0.1283875,0.10645
imagenet_mnv2_050_exact_k3,imagenet,margin_drop,oat:std_floor_beta=0.0,std_floor_beta,0.0,cell,r0/c0,10000,1.0,0.091,0.091
imagenet_mnv2_050_exact_k3,imagenet,margin_drop,oat:std_floor_beta=0.0,std_floor_beta,0.0,cell,r0/c1,10000,1.0,0.1424,0.1424
imagenet_mnv2_050_exact_k3,imagenet,margin_drop,oat:std_floor_beta=0.0,std_floor_beta,0.0,cell,r0/c2,10000,1.0,0.1373,0.1373
imagenet_mnv2_050_exact_k3,imagenet,margin_drop,oat:std_floor_beta=0.0,std_floor_beta,0.0,cell,r0/c3,10000,1.0,0.0972,0.0972
imagenet_mnv2_050_exact_k3,imagenet,margin_drop,oat:std_floor_beta=0.0,std_floor_beta,0.0,cell,r1/c0,10000,1.0,0.1189,0.1189
imagenet_mnv2_050_exact_k3,imagenet,margin_drop,oat:std_floor_beta=0.0,std_floor_beta,0.0,cell,r1/c1,10000,1.0,0.2212,0.2212
imagenet_mnv2_050_exact_k3,imagenet,margin_drop,oat:std_floor_beta=0.0,std_floor_beta,0.0,cell,r1/c2,10000,1.0,0.2215,0.2215
imagenet_mnv2_050_exact_k3,imagenet,margin_drop,oat:std_floor_beta=0.0,std_floor_beta,0.0,cell,r1/c3,10000,1.0,0.1171,0.1171
imagenet_mnv2_050_exact_k3,imagenet,margin_drop,oat:std_floor_beta=0.0,std_floor_beta,0.0,cell,r2/c0,10000,1.0,0.1205,0.1205
imagenet_mnv2_050_exact_k3,imagenet,margin_drop,oat:std_floor_beta=0.0,std_floor_beta,0.0,cell,r2/c1,10000,1.0,0.215,0.215
imagenet_mnv2_050_exact_k3,imagenet,margin_drop,oat:std_floor_beta=0.0,std_floor_beta,0.0,cell,r2/c2,10000,1.0,0.2197,0.2197
imagenet_mnv2_050_exact_k3,imagenet,margin_drop,oat:std_floor_beta=0.0,std_floor_beta,0.0,cell,r2/c3,10000,1.0,0.116,0.116
imagenet_mnv2_050_exact_k3,imagenet,margin_drop,oat:std_floor_beta=0.0,std_floor_beta,0.0,cell,r3/c0,10000,1.0,0.0967,0.0967
imagenet_mnv2_050_exact_k3,imagenet,margin_drop,oat:std_floor_beta=0.0,std_floor_beta,0.0,cell,r3/c1,10000,1.0,0.1403,0.1403
imagenet_mnv2_050_exact_k3,imagenet,margin_drop,oat:std_floor_beta=0.0,std_floor_beta,0.0,cell,r3/c2,10000,1.0,0.1346,0.1346
imagenet_mnv2_050_exact_k3,imagenet,margin_drop,oat:std_floor_beta=0.0,std_floor_beta,0.0,cell,r3/c3,10000,1.0,0.0961,0.0961
imagenet_mnv2_050_exact_k3,imagenet,margin_drop,oat:std_floor_beta=0.0,std_floor_beta,0.0,cell_type,center,40000,1.0,0.21935,0.21935
imagenet_mnv2_050_exact_k3,imagenet,margin_drop,oat:std_floor_beta=0.0,std_floor_beta,0.0,cell_type,corner,40000,1.0,0.09525,0.09525
imagenet_mnv2_050_exact_k3,imagenet,margin_drop,oat:std_floor_beta=0.0,std_floor_beta,0.0,cell_type,edge,80000,1.0,0.1283875,0.1283875
imagenet_mnv2_050_exact_k3,imagenet,margin_drop,oat:std_floor_beta=0.1,std_floor_beta,0.1,cell,r0/c0,10000,0.9983,0.091,0.0893
imagenet_mnv2_050_exact_k3,imagenet,margin_drop,oat:std_floor_beta=0.1,std_floor_beta,0.1,cell,r0/c1,10000,0.9984,0.1424,0.1408
imagenet_mnv2_050_exact_k3,imagenet,margin_drop,oat:std_floor_beta=0.1,std_floor_beta,0.1,cell,r0/c2,10000,0.9992,0.1373,0.1365
imagenet_mnv2_050_exact_k3,imagenet,margin_drop,oat:std_floor_beta=0.1,std_floor_beta,0.1,cell,r0/c3,10000,0.9974,0.0972,0.0946
imagenet_mnv2_050_exact_k3,imagenet,margin_drop,oat:std_floor_beta=0.1,std_floor_beta,0.1,cell,r1/c0,10000,0.9986,0.1189,0.1175
imagenet_mnv2_050_exact_k3,imagenet,margin_drop,oat:std_floor_beta=0.1,std_floor_beta,0.1,cell,r1/c1,10000,0.9994,0.2212,0.2206
imagenet_mnv2_050_exact_k3,imagenet,margin_drop,oat:std_floor_beta=0.1,std_floor_beta,0.1,cell,r1/c2,10000,0.9991,0.2215,0.2206
imagenet_mnv2_050_exact_k3,imagenet,margin_drop,oat:std_floor_beta=0.1,std_floor_beta,0.1,cell,r1/c3,10000,0.9982,0.1171,0.1153
imagenet_mnv2_050_exact_k3,imagenet,margin_drop,oat:std_floor_beta=0.1,std_floor_beta,0.1,cell,r2/c0,10000,0.9978,0.1205,0.1183
imagenet_mnv2_050_exact_k3,imagenet,margin_drop,oat:std_floor_beta=0.1,std_floor_beta,0.1,cell,r2/c1,10000,0.9991,0.215,0.2141
imagenet_mnv2_050_exact_k3,imagenet,margin_drop,oat:std_floor_beta=0.1,std_floor_beta,0.1,cell,r2/c2,10000,0.9994,0.2197,0.2193
imagenet_mnv2_050_exact_k3,imagenet,margin_drop,oat:std_floor_beta=0.1,std_floor_beta,0.1,cell,r2/c3,10000,0.9975,0.116,0.1135
imagenet_mnv2_050_exact_k3,imagenet,margin_drop,oat:std_floor_beta=0.1,std_floor_beta,0.1,cell,r3/c0,10000,0.9981,0.0967,0.0948
imagenet_mnv2_050_exact_k3,imagenet,margin_drop,oat:std_floor_beta=0.1,std_floor_beta,0.1,cell,r3/c1,10000,0.9982,0.1403,0.1385
imagenet_mnv2_050_exact_k3,imagenet,margin_drop,oat:std_floor_beta=0.1,std_floor_beta,0.1,cell,r3/c2,10000,0.9985,0.1346,0.1331
imagenet_mnv2_050_exact_k3,imagenet,margin_drop,oat:std_floor_beta=0.1,std_floor_beta,0.1,cell,r3/c3,10000,0.9976,0.0961,0.0937
imagenet_mnv2_050_exact_k3,imagenet,margin_drop,oat:std_floor_beta=0.1,std_floor_beta,0.1,cell_type,center,40000,0.99925,0.21935,0.21865
imagenet_mnv2_050_exact_k3,imagenet,margin_drop,oat:std_floor_beta=0.1,std_floor_beta,0.1,cell_type,corner,40000,0.99785,0.09525,0.0931
imagenet_mnv2_050_exact_k3,imagenet,margin_drop,oat:std_floor_beta=0.1,std_floor_beta,0.1,cell_type,edge,80000,0.9983,0.1283875,0.1266875
imagenet_mnv2_050_exact_k3,imagenet,margin_drop,oat:std_floor_beta=0.25,std_floor_beta,0.25,cell,r0/c0,10000,0.9869,0.091,0.0779
imagenet_mnv2_050_exact_k3,imagenet,margin_drop,oat:std_floor_beta=0.25,std_floor_beta,0.25,cell,r0/c1,10000,0.9894,0.1424,0.1318
imagenet_mnv2_050_exact_k3,imagenet,margin_drop,oat:std_floor_beta=0.25,std_floor_beta,0.25,cell,r0/c2,10000,0.9891,0.1373,0.1264
imagenet_mnv2_050_exact_k3,imagenet,margin_drop,oat:std_floor_beta=0.25,std_floor_beta,0.25,cell,r0/c3,10000,0.9839,0.0972,0.0811
imagenet_mnv2_050_exact_k3,imagenet,margin_drop,oat:std_floor_beta=0.25,std_floor_beta,0.25,cell,r1/c0,10000,0.9889,0.1189,0.1078
imagenet_mnv2_050_exact_k3,imagenet,margin_drop,oat:std_floor_beta=0.25,std_floor_beta,0.25,cell,r1/c1,10000,0.9933,0.2212,0.2145
imagenet_mnv2_050_exact_k3,imagenet,margin_drop,oat:std_floor_beta=0.25,std_floor_beta,0.25,cell,r1/c2,10000,0.9938,0.2215,0.2153
imagenet_mnv2_050_exact_k3,imagenet,margin_drop,oat:std_floor_beta=0.25,std_floor_beta,0.25,cell,r1/c3,10000,0.988,0.1171,0.1051
imagenet_mnv2_050_exact_k3,imagenet,margin_drop,oat:std_floor_beta=0.25,std_floor_beta,0.25,cell,r2/c0,10000,0.9864,0.1205,0.1069
imagenet_mnv2_050_exact_k3,imagenet,margin_drop,oat:std_floor_beta=0.25,std_floor_beta,0.25,cell,r2/c1,10000,0.9923,0.215,0.2073
imagenet_mnv2_050_exact_k3,imagenet,margin_drop,oat:std_floor_beta=0.25,std_floor_beta,0.25,cell,r2/c2,10000,0.9932,0.2197,0.2131
imagenet_mnv2_050_exact_k3,imagenet,margin_drop,oat:std_floor_beta=0.25,std_floor_beta,0.25,cell,r2/c3,10000,0.9871,0.116,0.1031
imagenet_mnv2_050_exact_k3,imagenet,margin_drop,oat:std_floor_beta=0.25,std_floor_beta,0.25,cell,r3/c0,10000,0.987,0.0967,0.0837
imagenet_mnv2_050_exact_k3,imagenet,margin_drop,oat:std_floor_beta=0.25,std_floor_beta,0.25,cell,r3/c1,10000,0.9874,0.1403,0.1277
imagenet_mnv2_050_exact_k3,imagenet,margin_drop,oat:std_floor_beta=0.25,std_floor_beta,0.25,cell,r3/c2,10000,0.9901,0.1346,0.1247
imagenet_mnv2_050_exact_k3,imagenet,margin_drop,oat:std_floor_beta=0.25,std_floor_beta,0.25,cell,r3/c3,10000,0.9865,0.0961,0.0826
imagenet_mnv2_050_exact_k3,imagenet,margin_drop,oat:std_floor_beta=0.25,std_floor_beta,0.25,cell_type,center,40000,0.99315,0.21935,0.21255
imagenet_mnv2_050_exact_k3,imagenet,margin_drop,oat:std_floor_beta=0.25,std_floor_beta,0.25,cell_type,corner,40000,0.986075,0.09525,0.081325
imagenet_mnv2_050_exact_k3,imagenet,margin_drop,oat:std_floor_beta=0.25,std_floor_beta,0.25,cell_type,edge,80000,0.9883,0.1283875,0.1166875
imagenet_mnv2_050_exact_k3,imagenet,margin_drop,preset:lenient,preset,lenient,cell,r0/c0,10000,0.9672,0.091,0.1238
imagenet_mnv2_050_exact_k3,imagenet,margin_drop,preset:lenient,preset,lenient,cell,r0/c1,10000,0.9702,0.1424,0.1722
imagenet_mnv2_050_exact_k3,imagenet,margin_drop,preset:lenient,preset,lenient,cell,r0/c2,10000,0.9741,0.1373,0.1632
imagenet_mnv2_050_exact_k3,imagenet,margin_drop,preset:lenient,preset,lenient,cell,r0/c3,10000,0.966,0.0972,0.1312
imagenet_mnv2_050_exact_k3,imagenet,margin_drop,preset:lenient,preset,lenient,cell,r1/c0,10000,0.9713,0.1189,0.1476
imagenet_mnv2_050_exact_k3,imagenet,margin_drop,preset:lenient,preset,lenient,cell,r1/c1,10000,0.9743,0.2212,0.2469
imagenet_mnv2_050_exact_k3,imagenet,margin_drop,preset:lenient,preset,lenient,cell,r1/c2,10000,0.9746,0.2215,0.2469
imagenet_mnv2_050_exact_k3,imagenet,margin_drop,preset:lenient,preset,lenient,cell,r1/c3,10000,0.9695,0.1171,0.1476
imagenet_mnv2_050_exact_k3,imagenet,margin_drop,preset:lenient,preset,lenient,cell,r2/c0,10000,0.967,0.1205,0.1535
imagenet_mnv2_050_exact_k3,imagenet,margin_drop,preset:lenient,preset,lenient,cell,r2/c1,10000,0.9752,0.215,0.2398
imagenet_mnv2_050_exact_k3,imagenet,margin_drop,preset:lenient,preset,lenient,cell,r2/c2,10000,0.9747,0.2197,0.245
imagenet_mnv2_050_exact_k3,imagenet,margin_drop,preset:lenient,preset,lenient,cell,r2/c3,10000,0.9665,0.116,0.1495
imagenet_mnv2_050_exact_k3,imagenet,margin_drop,preset:lenient,preset,lenient,cell,r3/c0,10000,0.9667,0.0967,0.13
imagenet_mnv2_050_exact_k3,imagenet,margin_drop,preset:lenient,preset,lenient,cell,r3/c1,10000,0.9694,0.1403,0.1709
imagenet_mnv2_050_exact_k3,imagenet,margin_drop,preset:lenient,preset,lenient,cell,r3/c2,10000,0.9705,0.1346,0.1641
imagenet_mnv2_050_exact_k3,imagenet,margin_drop,preset:lenient,preset,lenient,cell,r3/c3,10000,0.9649,0.0961,0.1312
imagenet_mnv2_050_exact_k3,imagenet,margin_drop,preset:lenient,preset,lenient,cell_type,center,40000,0.9747,0.21935,0.24465
imagenet_mnv2_050_exact_k3,imagenet,margin_drop,preset:lenient,preset,lenient,cell_type,corner,40000,0.9662,0.09525,0.12905
imagenet_mnv2_050_exact_k3,imagenet,margin_drop,preset:lenient,preset,lenient,cell_type,edge,80000,0.9698125,0.1283875,0.158575
imagenet_mnv2_050_exact_k3,imagenet,margin_drop,preset:conservative,preset,conservative,cell,r0/c0,10000,0.8951,0.091,0.0364
imagenet_mnv2_050_exact_k3,imagenet,margin_drop,preset:conservative,preset,conservative,cell,r0/c1,10000,0.9061,0.1424,0.0746
imagenet_mnv2_050_exact_k3,imagenet,margin_drop,preset:conservative,preset,conservative,cell,r0/c2,10000,0.9141,0.1373,0.0743
imagenet_mnv2_050_exact_k3,imagenet,margin_drop,preset:conservative,preset,conservative,cell,r0/c3,10000,0.8861,0.0972,0.0363
imagenet_mnv2_050_exact_k3,imagenet,margin_drop,preset:conservative,preset,conservative,cell,r1/c0,10000,0.906,0.1189,0.0551
imagenet_mnv2_050_exact_k3,imagenet,margin_drop,preset:conservative,preset,conservative,cell,r1/c1,10000,0.9162,0.2212,0.1472
imagenet_mnv2_050_exact_k3,imagenet,margin_drop,preset:conservative,preset,conservative,cell,r1/c2,10000,0.9188,0.2215,0.1502
imagenet_mnv2_050_exact_k3,imagenet,margin_drop,preset:conservative,preset,conservative,cell,r1/c3,10000,0.9035,0.1171,0.0509
imagenet_mnv2_050_exact_k3,imagenet,margin_drop,preset:conservative,preset,conservative,cell,r2/c0,10000,0.9063,0.1205,0.0557
imagenet_mnv2_050_exact_k3,imagenet,margin_drop,preset:conservative,preset,conservative,cell,r2/c1,10000,0.9149,0.215,0.1393
imagenet_mnv2_050_exact_k3,imagenet,margin_drop,preset:conservative,preset,conservative,cell,r2/c2,10000,0.9169,0.2197,0.1467
imagenet_mnv2_050_exact_k3,imagenet,margin_drop,preset:conservative,preset,conservative,cell,r2/c3,10000,0.9056,0.116,0.0525
imagenet_mnv2_050_exact_k3,imagenet,margin_drop,preset:conservative,preset,conservative,cell,r3/c0,10000,0.8904,0.0967,0.0348
imagenet_mnv2_050_exact_k3,imagenet,margin_drop,preset:conservative,preset,conservative,cell,r3/c1,10000,0.9056,0.1403,0.0698
imagenet_mnv2_050_exact_k3,imagenet,margin_drop,preset:conservative,preset,conservative,cell,r3/c2,10000,0.9086,0.1346,0.0658
imagenet_mnv2_050_exact_k3,imagenet,margin_drop,preset:conservative,preset,conservative,cell,r3/c3,10000,0.8853,0.0961,0.0345
imagenet_mnv2_050_exact_k3,imagenet,margin_drop,preset:conservative,preset,conservative,cell_type,center,40000,0.9167,0.21935,0.14585
imagenet_mnv2_050_exact_k3,imagenet,margin_drop,preset:conservative,preset,conservative,cell_type,corner,40000,0.889225,0.09525,0.0355
imagenet_mnv2_050_exact_k3,imagenet,margin_drop,preset:conservative,preset,conservative,cell_type,edge,80000,0.906975,0.1283875,0.0623375
imagenet_mnv2_050_exact_k3,imagenet,margin_drop,alt:zero_abstain:sign_alpha=0.01,zero_abstain_alpha,0.01,cell,r0/c0,10000,0.9871,0.091,0.0933
imagenet_mnv2_050_exact_k3,imagenet,margin_drop,alt:zero_abstain:sign_alpha=0.01,zero_abstain_alpha,0.01,cell,r0/c1,10000,0.9935,0.1424,0.1444
imagenet_mnv2_050_exact_k3,imagenet,margin_drop,alt:zero_abstain:sign_alpha=0.01,zero_abstain_alpha,0.01,cell,r0/c2,10000,0.9936,0.1373,0.1389
imagenet_mnv2_050_exact_k3,imagenet,margin_drop,alt:zero_abstain:sign_alpha=0.01,zero_abstain_alpha,0.01,cell,r0/c3,10000,0.9843,0.0972,0.099
imagenet_mnv2_050_exact_k3,imagenet,margin_drop,alt:zero_abstain:sign_alpha=0.01,zero_abstain_alpha,0.01,cell,r1/c0,10000,0.9933,0.1189,0.1205
imagenet_mnv2_050_exact_k3,imagenet,margin_drop,alt:zero_abstain:sign_alpha=0.01,zero_abstain_alpha,0.01,cell,r1/c1,10000,0.9967,0.2212,0.2225
imagenet_mnv2_050_exact_k3,imagenet,margin_drop,alt:zero_abstain:sign_alpha=0.01,zero_abstain_alpha,0.01,cell,r1/c2,10000,0.9972,0.2215,0.2225
imagenet_mnv2_050_exact_k3,imagenet,margin_drop,alt:zero_abstain:sign_alpha=0.01,zero_abstain_alpha,0.01,cell,r1/c3,10000,0.99,0.1171,0.1189
imagenet_mnv2_050_exact_k3,imagenet,margin_drop,alt:zero_abstain:sign_alpha=0.01,zero_abstain_alpha,0.01,cell,r2/c0,10000,0.9917,0.1205,0.1224
imagenet_mnv2_050_exact_k3,imagenet,margin_drop,alt:zero_abstain:sign_alpha=0.01,zero_abstain_alpha,0.01,cell,r2/c1,10000,0.9963,0.215,0.2158
imagenet_mnv2_050_exact_k3,imagenet,margin_drop,alt:zero_abstain:sign_alpha=0.01,zero_abstain_alpha,0.01,cell,r2/c2,10000,0.9974,0.2197,0.2205
imagenet_mnv2_050_exact_k3,imagenet,margin_drop,alt:zero_abstain:sign_alpha=0.01,zero_abstain_alpha,0.01,cell,r2/c3,10000,0.9941,0.116,0.1173
imagenet_mnv2_050_exact_k3,imagenet,margin_drop,alt:zero_abstain:sign_alpha=0.01,zero_abstain_alpha,0.01,cell,r3/c0,10000,0.9871,0.0967,0.0993
imagenet_mnv2_050_exact_k3,imagenet,margin_drop,alt:zero_abstain:sign_alpha=0.01,zero_abstain_alpha,0.01,cell,r3/c1,10000,0.993,0.1403,0.1423
imagenet_mnv2_050_exact_k3,imagenet,margin_drop,alt:zero_abstain:sign_alpha=0.01,zero_abstain_alpha,0.01,cell,r3/c2,10000,0.9936,0.1346,0.1359
imagenet_mnv2_050_exact_k3,imagenet,margin_drop,alt:zero_abstain:sign_alpha=0.01,zero_abstain_alpha,0.01,cell,r3/c3,10000,0.9865,0.0961,0.0994
imagenet_mnv2_050_exact_k3,imagenet,margin_drop,alt:zero_abstain:sign_alpha=0.01,zero_abstain_alpha,0.01,cell_type,center,40000,0.9969,0.21935,0.220325
imagenet_mnv2_050_exact_k3,imagenet,margin_drop,alt:zero_abstain:sign_alpha=0.01,zero_abstain_alpha,0.01,cell_type,corner,40000,0.98625,0.09525,0.09775
imagenet_mnv2_050_exact_k3,imagenet,margin_drop,alt:zero_abstain:sign_alpha=0.01,zero_abstain_alpha,0.01,cell_type,edge,80000,0.99285,0.1283875,0.130075
imagenet_mnv2_050_exact_k3,imagenet,margin_drop,alt:zero_abstain:sign_alpha=0.05,zero_abstain_alpha,0.05,cell,r0/c0,10000,0.9304,0.091,0.1021
imagenet_mnv2_050_exact_k3,imagenet,margin_drop,alt:zero_abstain:sign_alpha=0.05,zero_abstain_alpha,0.05,cell,r0/c1,10000,0.9692,0.1424,0.1491
imagenet_mnv2_050_exact_k3,imagenet,margin_drop,alt:zero_abstain:sign_alpha=0.05,zero_abstain_alpha,0.05,cell,r0/c2,10000,0.9697,0.1373,0.1449
imagenet_mnv2_050_exact_k3,imagenet,margin_drop,alt:zero_abstain:sign_alpha=0.05,zero_abstain_alpha,0.05,cell,r0/c3,10000,0.9279,0.0972,0.1053
imagenet_mnv2_050_exact_k3,imagenet,margin_drop,alt:zero_abstain:sign_alpha=0.05,zero_abstain_alpha,0.05,cell,r1/c0,10000,0.9658,0.1189,0.1247
imagenet_mnv2_050_exact_k3,imagenet,margin_drop,alt:zero_abstain:sign_alpha=0.05,zero_abstain_alpha,0.05,cell,r1/c1,10000,0.9832,0.2212,0.227
imagenet_mnv2_050_exact_k3,imagenet,margin_drop,alt:zero_abstain:sign_alpha=0.05,zero_abstain_alpha,0.05,cell,r1/c2,10000,0.9856,0.2215,0.2268
imagenet_mnv2_050_exact_k3,imagenet,margin_drop,alt:zero_abstain:sign_alpha=0.05,zero_abstain_alpha,0.05,cell,r1/c3,10000,0.9577,0.1171,0.1231
imagenet_mnv2_050_exact_k3,imagenet,margin_drop,alt:zero_abstain:sign_alpha=0.05,zero_abstain_alpha,0.05,cell,r2/c0,10000,0.9598,0.1205,0.1265
imagenet_mnv2_050_exact_k3,imagenet,margin_drop,alt:zero_abstain:sign_alpha=0.05,zero_abstain_alpha,0.05,cell,r2/c1,10000,0.9841,0.215,0.2203
imagenet_mnv2_050_exact_k3,imagenet,margin_drop,alt:zero_abstain:sign_alpha=0.05,zero_abstain_alpha,0.05,cell,r2/c2,10000,0.9836,0.2197,0.2258
imagenet_mnv2_050_exact_k3,imagenet,margin_drop,alt:zero_abstain:sign_alpha=0.05,zero_abstain_alpha,0.05,cell,r2/c3,10000,0.964,0.116,0.1221
imagenet_mnv2_050_exact_k3,imagenet,margin_drop,alt:zero_abstain:sign_alpha=0.05,zero_abstain_alpha,0.05,cell,r3/c0,10000,0.9357,0.0967,0.1061
imagenet_mnv2_050_exact_k3,imagenet,margin_drop,alt:zero_abstain:sign_alpha=0.05,zero_abstain_alpha,0.05,cell,r3/c1,10000,0.9684,0.1403,0.1458
imagenet_mnv2_050_exact_k3,imagenet,margin_drop,alt:zero_abstain:sign_alpha=0.05,zero_abstain_alpha,0.05,cell,r3/c2,10000,0.968,0.1346,0.1408
imagenet_mnv2_050_exact_k3,imagenet,margin_drop,alt:zero_abstain:sign_alpha=0.05,zero_abstain_alpha,0.05,cell,r3/c3,10000,0.9323,0.0961,0.1057
imagenet_mnv2_050_exact_k3,imagenet,margin_drop,alt:zero_abstain:sign_alpha=0.05,zero_abstain_alpha,0.05,cell_type,center,40000,0.984125,0.21935,0.224975
imagenet_mnv2_050_exact_k3,imagenet,margin_drop,alt:zero_abstain:sign_alpha=0.05,zero_abstain_alpha,0.05,cell_type,corner,40000,0.931575,0.09525,0.1048
imagenet_mnv2_050_exact_k3,imagenet,margin_drop,alt:zero_abstain:sign_alpha=0.05,zero_abstain_alpha,0.05,cell_type,edge,80000,0.965325,0.1283875,0.134625
imagenet_mnv2_050_exact_k3,imagenet,margin_drop,alt:zero_abstain:sign_alpha=0.1,zero_abstain_alpha,0.1,cell,r0/c0,10000,0.8631,0.091,0.1049
imagenet_mnv2_050_exact_k3,imagenet,margin_drop,alt:zero_abstain:sign_alpha=0.1,zero_abstain_alpha,0.1,cell,r0/c1,10000,0.935,0.1424,0.157
imagenet_mnv2_050_exact_k3,imagenet,margin_drop,alt:zero_abstain:sign_alpha=0.1,zero_abstain_alpha,0.1,cell,r0/c2,10000,0.9392,0.1373,0.1519
imagenet_mnv2_050_exact_k3,imagenet,margin_drop,alt:zero_abstain:sign_alpha=0.1,zero_abstain_alpha,0.1,cell,r0/c3,10000,0.862,0.0972,0.1097
imagenet_mnv2_050_exact_k3,imagenet,margin_drop,alt:zero_abstain:sign_alpha=0.1,zero_abstain_alpha,0.1,cell,r1/c0,10000,0.9261,0.1189,0.1296
imagenet_mnv2_050_exact_k3,imagenet,margin_drop,alt:zero_abstain:sign_alpha=0.1,zero_abstain_alpha,0.1,cell,r1/c1,10000,0.9664,0.2212,0.2327
imagenet_mnv2_050_exact_k3,imagenet,margin_drop,alt:zero_abstain:sign_alpha=0.1,zero_abstain_alpha,0.1,cell,r1/c2,10000,0.9713,0.2215,0.2323
imagenet_mnv2_050_exact_k3,imagenet,margin_drop,alt:zero_abstain:sign_alpha=0.1,zero_abstain_alpha,0.1,cell,r1/c3,10000,0.9149,0.1171,0.129
imagenet_mnv2_050_exact_k3,imagenet,margin_drop,alt:zero_abstain:sign_alpha=0.1,zero_abstain_alpha,0.1,cell,r2/c0,10000,0.9211,0.1205,0.1327
imagenet_mnv2_050_exact_k3,imagenet,margin_drop,alt:zero_abstain:sign_alpha=0.1,zero_abstain_alpha,0.1,cell,r2/c1,10000,0.9685,0.215,0.2253
imagenet_mnv2_050_exact_k3,imagenet,margin_drop,alt:zero_abstain:sign_alpha=0.1,zero_abstain_alpha,0.1,cell,r2/c2,10000,0.9657,0.2197,0.2317
imagenet_mnv2_050_exact_k3,imagenet,margin_drop,alt:zero_abstain:sign_alpha=0.1,zero_abstain_alpha,0.1,cell,r2/c3,10000,0.9188,0.116,0.1293
imagenet_mnv2_050_exact_k3,imagenet,margin_drop,alt:zero_abstain:sign_alpha=0.1,zero_abstain_alpha,0.1,cell,r3/c0,10000,0.8702,0.0967,0.1106
imagenet_mnv2_050_exact_k3,imagenet,margin_drop,alt:zero_abstain:sign_alpha=0.1,zero_abstain_alpha,0.1,cell,r3/c1,10000,0.9382,0.1403,0.1502
imagenet_mnv2_050_exact_k3,imagenet,margin_drop,alt:zero_abstain:sign_alpha=0.1,zero_abstain_alpha,0.1,cell,r3/c2,10000,0.9372,0.1346,0.1457
imagenet_mnv2_050_exact_k3,imagenet,margin_drop,alt:zero_abstain:sign_alpha=0.1,zero_abstain_alpha,0.1,cell,r3/c3,10000,0.8678,0.0961,0.1104
imagenet_mnv2_050_exact_k3,imagenet,margin_drop,alt:zero_abstain:sign_alpha=0.1,zero_abstain_alpha,0.1,cell_type,center,40000,0.967975,0.21935,0.2305
imagenet_mnv2_050_exact_k3,imagenet,margin_drop,alt:zero_abstain:sign_alpha=0.1,zero_abstain_alpha,0.1,cell_type,corner,40000,0.865775,0.09525,0.1089
imagenet_mnv2_050_exact_k3,imagenet,margin_drop,alt:zero_abstain:sign_alpha=0.1,zero_abstain_alpha,0.1,cell_type,edge,80000,0.9288125,0.1283875,0.140675
imagenet_mnv2_050_exact_k3,imagenet,margin_drop,alt:zero_abstain:sign_alpha=0.25,zero_abstain_alpha,0.25,cell,r0/c0,10000,0.7046,0.091,0.107
imagenet_mnv2_050_exact_k3,imagenet,margin_drop,alt:zero_abstain:sign_alpha=0.25,zero_abstain_alpha,0.25,cell,r0/c1,10000,0.8444,0.1424,0.1671
imagenet_mnv2_050_exact_k3,imagenet,margin_drop,alt:zero_abstain:sign_alpha=0.25,zero_abstain_alpha,0.25,cell,r0/c2,10000,0.8489,0.1373,0.1609
imagenet_mnv2_050_exact_k3,imagenet,margin_drop,alt:zero_abstain:sign_alpha=0.25,zero_abstain_alpha,0.25,cell,r0/c3,10000,0.692,0.0972,0.1107
imagenet_mnv2_050_exact_k3,imagenet,margin_drop,alt:zero_abstain:sign_alpha=0.25,zero_abstain_alpha,0.25,cell,r1/c0,10000,0.8191,0.1189,0.1414
imagenet_mnv2_050_exact_k3,imagenet,margin_drop,alt:zero_abstain:sign_alpha=0.25,zero_abstain_alpha,0.25,cell,r1/c1,10000,0.9183,0.2212,0.2469
imagenet_mnv2_050_exact_k3,imagenet,margin_drop,alt:zero_abstain:sign_alpha=0.25,zero_abstain_alpha,0.25,cell,r1/c2,10000,0.9212,0.2215,0.2458
imagenet_mnv2_050_exact_k3,imagenet,margin_drop,alt:zero_abstain:sign_alpha=0.25,zero_abstain_alpha,0.25,cell,r1/c3,10000,0.8052,0.1171,0.1377
imagenet_mnv2_050_exact_k3,imagenet,margin_drop,alt:zero_abstain:sign_alpha=0.25,zero_abstain_alpha,0.25,cell,r2/c0,10000,0.8129,0.1205,0.1391
imagenet_mnv2_050_exact_k3,imagenet,margin_drop,alt:zero_abstain:sign_alpha=0.25,zero_abstain_alpha,0.25,cell,r2/c1,10000,0.9222,0.215,0.2392
imagenet_mnv2_050_exact_k3,imagenet,margin_drop,alt:zero_abstain:sign_alpha=0.25,zero_abstain_alpha,0.25,cell,r2/c2,10000,0.9192,0.2197,0.2446
imagenet_mnv2_050_exact_k3,imagenet,margin_drop,alt:zero_abstain:sign_alpha=0.25,zero_abstain_alpha,0.25,cell,r2/c3,10000,0.8068,0.116,0.1361
imagenet_mnv2_050_exact_k3,imagenet,margin_drop,alt:zero_abstain:sign_alpha=0.25,zero_abstain_alpha,0.25,cell,r3/c0,10000,0.7148,0.0967,0.1107
imagenet_mnv2_050_exact_k3,imagenet,margin_drop,alt:zero_abstain:sign_alpha=0.25,zero_abstain_alpha,0.25,cell,r3/c1,10000,0.8501,0.1403,0.1606
imagenet_mnv2_050_exact_k3,imagenet,margin_drop,alt:zero_abstain:sign_alpha=0.25,zero_abstain_alpha,0.25,cell,r3/c2,10000,0.8429,0.1346,0.1546
imagenet_mnv2_050_exact_k3,imagenet,margin_drop,alt:zero_abstain:sign_alpha=0.25,zero_abstain_alpha,0.25,cell,r3/c3,10000,0.7123,0.0961,0.1093
imagenet_mnv2_050_exact_k3,imagenet,margin_drop,alt:zero_abstain:sign_alpha=0.25,zero_abstain_alpha,0.25,cell_type,center,40000,0.920225,0.21935,0.244125
imagenet_mnv2_050_exact_k3,imagenet,margin_drop,alt:zero_abstain:sign_alpha=0.25,zero_abstain_alpha,0.25,cell_type,corner,40000,0.705925,0.09525,0.109425
imagenet_mnv2_050_exact_k3,imagenet,margin_drop,alt:zero_abstain:sign_alpha=0.25,zero_abstain_alpha,0.25,cell_type,edge,80000,0.8287875,0.1283875,0.1496875
imagenet_mnv2_050_crop_free_k3,imagenet,margin_drop,default,default,,cell,r0/c0,10000,1.0,0.1103,0.1103
imagenet_mnv2_050_crop_free_k3,imagenet,margin_drop,default,default,,cell,r0/c1,10000,1.0,0.1412,0.1412
imagenet_mnv2_050_crop_free_k3,imagenet,margin_drop,default,default,,cell,r0/c2,10000,1.0,0.1378,0.1378
imagenet_mnv2_050_crop_free_k3,imagenet,margin_drop,default,default,,cell,r0/c3,10000,1.0,0.1113,0.1113
imagenet_mnv2_050_crop_free_k3,imagenet,margin_drop,default,default,,cell,r1/c0,10000,1.0,0.1355,0.1355
imagenet_mnv2_050_crop_free_k3,imagenet,margin_drop,default,default,,cell,r1/c1,10000,1.0,0.1977,0.1977
imagenet_mnv2_050_crop_free_k3,imagenet,margin_drop,default,default,,cell,r1/c2,10000,1.0,0.1995,0.1995
imagenet_mnv2_050_crop_free_k3,imagenet,margin_drop,default,default,,cell,r1/c3,10000,1.0,0.128,0.128
imagenet_mnv2_050_crop_free_k3,imagenet,margin_drop,default,default,,cell,r2/c0,10000,1.0,0.1314,0.1314
imagenet_mnv2_050_crop_free_k3,imagenet,margin_drop,default,default,,cell,r2/c1,10000,1.0,0.1919,0.1919
imagenet_mnv2_050_crop_free_k3,imagenet,margin_drop,default,default,,cell,r2/c2,10000,1.0,0.1925,0.1925
imagenet_mnv2_050_crop_free_k3,imagenet,margin_drop,default,default,,cell,r2/c3,10000,1.0,0.1372,0.1372
imagenet_mnv2_050_crop_free_k3,imagenet,margin_drop,default,default,,cell,r3/c0,10000,1.0,0.1237,0.1237
imagenet_mnv2_050_crop_free_k3,imagenet,margin_drop,default,default,,cell,r3/c1,10000,1.0,0.139,0.139
imagenet_mnv2_050_crop_free_k3,imagenet,margin_drop,default,default,,cell,r3/c2,10000,1.0,0.1358,0.1358
imagenet_mnv2_050_crop_free_k3,imagenet,margin_drop,default,default,,cell,r3/c3,10000,1.0,0.1137,0.1137
imagenet_mnv2_050_crop_free_k3,imagenet,margin_drop,default,default,,cell_type,center,40000,1.0,0.1954,0.1954
imagenet_mnv2_050_crop_free_k3,imagenet,margin_drop,default,default,,cell_type,corner,40000,1.0,0.11475,0.11475
imagenet_mnv2_050_crop_free_k3,imagenet,margin_drop,default,default,,cell_type,edge,80000,1.0,0.1357375,0.1357375
imagenet_mnv2_050_crop_free_k3,imagenet,margin_drop,oat:z_threshold=1.0,z_threshold,1.0,cell,r0/c0,10000,0.9355,0.1103,0.1748
imagenet_mnv2_050_crop_free_k3,imagenet,margin_drop,oat:z_threshold=1.0,z_threshold,1.0,cell,r0/c1,10000,0.9389,0.1412,0.2023
imagenet_mnv2_050_crop_free_k3,imagenet,margin_drop,oat:z_threshold=1.0,z_threshold,1.0,cell,r0/c2,10000,0.9387,0.1378,0.1991
imagenet_mnv2_050_crop_free_k3,imagenet,margin_drop,oat:z_threshold=1.0,z_threshold,1.0,cell,r0/c3,10000,0.9347,0.1113,0.1766
imagenet_mnv2_050_crop_free_k3,imagenet,margin_drop,oat:z_threshold=1.0,z_threshold,1.0,cell,r1/c0,10000,0.9358,0.1355,0.1997
imagenet_mnv2_050_crop_free_k3,imagenet,margin_drop,oat:z_threshold=1.0,z_threshold,1.0,cell,r1/c1,10000,0.9485,0.1977,0.2492
imagenet_mnv2_050_crop_free_k3,imagenet,margin_drop,oat:z_threshold=1.0,z_threshold,1.0,cell,r1/c2,10000,0.9448,0.1995,0.2547
imagenet_mnv2_050_crop_free_k3,imagenet,margin_drop,oat:z_threshold=1.0,z_threshold,1.0,cell,r1/c3,10000,0.9301,0.128,0.1979
imagenet_mnv2_050_crop_free_k3,imagenet,margin_drop,oat:z_threshold=1.0,z_threshold,1.0,cell,r2/c0,10000,0.935,0.1314,0.1964
imagenet_mnv2_050_crop_free_k3,imagenet,margin_drop,oat:z_threshold=1.0,z_threshold,1.0,cell,r2/c1,10000,0.9481,0.1919,0.2438
imagenet_mnv2_050_crop_free_k3,imagenet,margin_drop,oat:z_threshold=1.0,z_threshold,1.0,cell,r2/c2,10000,0.9469,0.1925,0.2456
imagenet_mnv2_050_crop_free_k3,imagenet,margin_drop,oat:z_threshold=1.0,z_threshold,1.0,cell,r2/c3,10000,0.9376,0.1372,0.1996
imagenet_mnv2_050_crop_free_k3,imagenet,margin_drop,oat:z_threshold=1.0,z_threshold,1.0,cell,r3/c0,10000,0.9371,0.1237,0.1866
imagenet_mnv2_050_crop_free_k3,imagenet,margin_drop,oat:z_threshold=1.0,z_threshold,1.0,cell,r3/c1,10000,0.9358,0.139,0.2032
imagenet_mnv2_050_crop_free_k3,imagenet,margin_drop,oat:z_threshold=1.0,z_threshold,1.0,cell,r3/c2,10000,0.9357,0.1358,0.2001
imagenet_mnv2_050_crop_free_k3,imagenet,margin_drop,oat:z_threshold=1.0,z_threshold,1.0,cell,r3/c3,10000,0.9338,0.1137,0.1799
imagenet_mnv2_050_crop_free_k3,imagenet,margin_drop,oat:z_threshold=1.0,z_threshold,1.0,cell_type,center,40000,0.947075,0.1954,0.248325
imagenet_mnv2_050_crop_free_k3,imagenet,margin_drop,oat:z_threshold=1.0,z_threshold,1.0,cell_type,corner,40000,0.935275,0.11475,0.179475
imagenet_mnv2_050_crop_free_k3,imagenet,margin_drop,oat:z_threshold=1.0,z_threshold,1.0,cell_type,edge,80000,0.93595,0.1357375,0.1997875
imagenet_mnv2_050_crop_free_k3,imagenet,margin_drop,oat:z_threshold=1.5,z_threshold,1.5,cell,r0/c0,10000,0.9718,0.1103,0.1385
imagenet_mnv2_050_crop_free_k3,imagenet,margin_drop,oat:z_threshold=1.5,z_threshold,1.5,cell,r0/c1,10000,0.9719,0.1412,0.1693
imagenet_mnv2_050_crop_free_k3,imagenet,margin_drop,oat:z_threshold=1.5,z_threshold,1.5,cell,r0/c2,10000,0.9718,0.1378,0.166
imagenet_mnv2_050_crop_free_k3,imagenet,margin_drop,oat:z_threshold=1.5,z_threshold,1.5,cell,r0/c3,10000,0.9711,0.1113,0.1402
imagenet_mnv2_050_crop_free_k3,imagenet,margin_drop,oat:z_threshold=1.5,z_threshold,1.5,cell,r1/c0,10000,0.9684,0.1355,0.1671
imagenet_mnv2_050_crop_free_k3,imagenet,margin_drop,oat:z_threshold=1.5,z_threshold,1.5,cell,r1/c1,10000,0.9734,0.1977,0.2243
imagenet_mnv2_050_crop_free_k3,imagenet,margin_drop,oat:z_threshold=1.5,z_threshold,1.5,cell,r1/c2,10000,0.9734,0.1995,0.2261
imagenet_mnv2_050_crop_free_k3,imagenet,margin_drop,oat:z_threshold=1.5,z_threshold,1.5,cell,r1/c3,10000,0.9665,0.128,0.1615
imagenet_mnv2_050_crop_free_k3,imagenet,margin_drop,oat:z_threshold=1.5,z_threshold,1.5,cell,r2/c0,10000,0.9705,0.1314,0.1609
imagenet_mnv2_050_crop_free_k3,imagenet,margin_drop,oat:z_threshold=1.5,z_threshold,1.5,cell,r2/c1,10000,0.9743,0.1919,0.2176
imagenet_mnv2_050_crop_free_k3,imagenet,margin_drop,oat:z_threshold=1.5,z_threshold,1.5,cell,r2/c2,10000,0.9754,0.1925,0.2171
imagenet_mnv2_050_crop_free_k3,imagenet,margin_drop,oat:z_threshold=1.5,z_threshold,1.5,cell,r2/c3,10000,0.9727,0.1372,0.1645
imagenet_mnv2_050_crop_free_k3,imagenet,margin_drop,oat:z_threshold=1.5,z_threshold,1.5,cell,r3/c0,10000,0.9734,0.1237,0.1503
imagenet_mnv2_050_crop_free_k3,imagenet,margin_drop,oat:z_threshold=1.5,z_threshold,1.5,cell,r3/c1,10000,0.9716,0.139,0.1674
imagenet_mnv2_050_crop_free_k3,imagenet,margin_drop,oat:z_threshold=1.5,z_threshold,1.5,cell,r3/c2,10000,0.9724,0.1358,0.1634
imagenet_mnv2_050_crop_free_k3,imagenet,margin_drop,oat:z_threshold=1.5,z_threshold,1.5,cell,r3/c3,10000,0.9729,0.1137,0.1408
imagenet_mnv2_050_crop_free_k3,imagenet,margin_drop,oat:z_threshold=1.5,z_threshold,1.5,cell_type,center,40000,0.974125,0.1954,0.221275
imagenet_mnv2_050_crop_free_k3,imagenet,margin_drop,oat:z_threshold=1.5,z_threshold,1.5,cell_type,corner,40000,0.9723,0.11475,0.14245
imagenet_mnv2_050_crop_free_k3,imagenet,margin_drop,oat:z_threshold=1.5,z_threshold,1.5,cell_type,edge,80000,0.970725,0.1357375,0.1650125
imagenet_mnv2_050_crop_free_k3,imagenet,margin_drop,oat:z_threshold=2.0,z_threshold,2.0,cell,r0/c0,10000,1.0,0.1103,0.1103
imagenet_mnv2_050_crop_free_k3,imagenet,margin_drop,oat:z_threshold=2.0,z_threshold,2.0,cell,r0/c1,10000,1.0,0.1412,0.1412
imagenet_mnv2_050_crop_free_k3,imagenet,margin_drop,oat:z_threshold=2.0,z_threshold,2.0,cell,r0/c2,10000,1.0,0.1378,0.1378
imagenet_mnv2_050_crop_free_k3,imagenet,margin_drop,oat:z_threshold=2.0,z_threshold,2.0,cell,r0/c3,10000,1.0,0.1113,0.1113
imagenet_mnv2_050_crop_free_k3,imagenet,margin_drop,oat:z_threshold=2.0,z_threshold,2.0,cell,r1/c0,10000,1.0,0.1355,0.1355
imagenet_mnv2_050_crop_free_k3,imagenet,margin_drop,oat:z_threshold=2.0,z_threshold,2.0,cell,r1/c1,10000,1.0,0.1977,0.1977
imagenet_mnv2_050_crop_free_k3,imagenet,margin_drop,oat:z_threshold=2.0,z_threshold,2.0,cell,r1/c2,10000,1.0,0.1995,0.1995
imagenet_mnv2_050_crop_free_k3,imagenet,margin_drop,oat:z_threshold=2.0,z_threshold,2.0,cell,r1/c3,10000,1.0,0.128,0.128
imagenet_mnv2_050_crop_free_k3,imagenet,margin_drop,oat:z_threshold=2.0,z_threshold,2.0,cell,r2/c0,10000,1.0,0.1314,0.1314
imagenet_mnv2_050_crop_free_k3,imagenet,margin_drop,oat:z_threshold=2.0,z_threshold,2.0,cell,r2/c1,10000,1.0,0.1919,0.1919
imagenet_mnv2_050_crop_free_k3,imagenet,margin_drop,oat:z_threshold=2.0,z_threshold,2.0,cell,r2/c2,10000,1.0,0.1925,0.1925
imagenet_mnv2_050_crop_free_k3,imagenet,margin_drop,oat:z_threshold=2.0,z_threshold,2.0,cell,r2/c3,10000,1.0,0.1372,0.1372
imagenet_mnv2_050_crop_free_k3,imagenet,margin_drop,oat:z_threshold=2.0,z_threshold,2.0,cell,r3/c0,10000,1.0,0.1237,0.1237
imagenet_mnv2_050_crop_free_k3,imagenet,margin_drop,oat:z_threshold=2.0,z_threshold,2.0,cell,r3/c1,10000,1.0,0.139,0.139
imagenet_mnv2_050_crop_free_k3,imagenet,margin_drop,oat:z_threshold=2.0,z_threshold,2.0,cell,r3/c2,10000,1.0,0.1358,0.1358
imagenet_mnv2_050_crop_free_k3,imagenet,margin_drop,oat:z_threshold=2.0,z_threshold,2.0,cell,r3/c3,10000,1.0,0.1137,0.1137
imagenet_mnv2_050_crop_free_k3,imagenet,margin_drop,oat:z_threshold=2.0,z_threshold,2.0,cell_type,center,40000,1.0,0.1954,0.1954
imagenet_mnv2_050_crop_free_k3,imagenet,margin_drop,oat:z_threshold=2.0,z_threshold,2.0,cell_type,corner,40000,1.0,0.11475,0.11475
imagenet_mnv2_050_crop_free_k3,imagenet,margin_drop,oat:z_threshold=2.0,z_threshold,2.0,cell_type,edge,80000,1.0,0.1357375,0.1357375
imagenet_mnv2_050_crop_free_k3,imagenet,margin_drop,oat:z_threshold=2.5,z_threshold,2.5,cell,r0/c0,10000,0.98,0.1103,0.0903
imagenet_mnv2_050_crop_free_k3,imagenet,margin_drop,oat:z_threshold=2.5,z_threshold,2.5,cell,r0/c1,10000,0.9779,0.1412,0.1191
imagenet_mnv2_050_crop_free_k3,imagenet,margin_drop,oat:z_threshold=2.5,z_threshold,2.5,cell,r0/c2,10000,0.9772,0.1378,0.115
imagenet_mnv2_050_crop_free_k3,imagenet,margin_drop,oat:z_threshold=2.5,z_threshold,2.5,cell,r0/c3,10000,0.9783,0.1113,0.0896
imagenet_mnv2_050_crop_free_k3,imagenet,margin_drop,oat:z_threshold=2.5,z_threshold,2.5,cell,r1/c0,10000,0.9771,0.1355,0.1126
imagenet_mnv2_050_crop_free_k3,imagenet,margin_drop,oat:z_threshold=2.5,z_threshold,2.5,cell,r1/c1,10000,0.9768,0.1977,0.1745
imagenet_mnv2_050_crop_free_k3,imagenet,margin_drop,oat:z_threshold=2.5,z_threshold,2.5,cell,r1/c2,10000,0.9755,0.1995,0.175
imagenet_mnv2_050_crop_free_k3,imagenet,margin_drop,oat:z_threshold=2.5,z_threshold,2.5,cell,r1/c3,10000,0.9766,0.128,0.1046
imagenet_mnv2_050_crop_free_k3,imagenet,margin_drop,oat:z_threshold=2.5,z_threshold,2.5,cell,r2/c0,10000,0.9788,0.1314,0.1102
imagenet_mnv2_050_crop_free_k3,imagenet,margin_drop,oat:z_threshold=2.5,z_threshold,2.5,cell,r2/c1,10000,0.9783,0.1919,0.1702
imagenet_mnv2_050_crop_free_k3,imagenet,margin_drop,oat:z_threshold=2.5,z_threshold,2.5,cell,r2/c2,10000,0.9755,0.1925,0.168
imagenet_mnv2_050_crop_free_k3,imagenet,margin_drop,oat:z_threshold=2.5,z_threshold,2.5,cell,r2/c3,10000,0.977,0.1372,0.1142
imagenet_mnv2_050_crop_free_k3,imagenet,margin_drop,oat:z_threshold=2.5,z_threshold,2.5,cell,r3/c0,10000,0.9782,0.1237,0.1019
imagenet_mnv2_050_crop_free_k3,imagenet,margin_drop,oat:z_threshold=2.5,z_threshold,2.5,cell,r3/c1,10000,0.9769,0.139,0.1159
imagenet_mnv2_050_crop_free_k3,imagenet,margin_drop,oat:z_threshold=2.5,z_threshold,2.5,cell,r3/c2,10000,0.9762,0.1358,0.112
imagenet_mnv2_050_crop_free_k3,imagenet,margin_drop,oat:z_threshold=2.5,z_threshold,2.5,cell,r3/c3,10000,0.9784,0.1137,0.0921
imagenet_mnv2_050_crop_free_k3,imagenet,margin_drop,oat:z_threshold=2.5,z_threshold,2.5,cell_type,center,40000,0.976525,0.1954,0.171925
imagenet_mnv2_050_crop_free_k3,imagenet,margin_drop,oat:z_threshold=2.5,z_threshold,2.5,cell_type,corner,40000,0.978725,0.11475,0.093475
imagenet_mnv2_050_crop_free_k3,imagenet,margin_drop,oat:z_threshold=2.5,z_threshold,2.5,cell_type,edge,80000,0.9772125,0.1357375,0.11295
imagenet_mnv2_050_crop_free_k3,imagenet,margin_drop,oat:z_threshold=3.0,z_threshold,3.0,cell,r0/c0,10000,0.9644,0.1103,0.0747
imagenet_mnv2_050_crop_free_k3,imagenet,margin_drop,oat:z_threshold=3.0,z_threshold,3.0,cell,r0/c1,10000,0.9599,0.1412,0.1011
imagenet_mnv2_050_crop_free_k3,imagenet,margin_drop,oat:z_threshold=3.0,z_threshold,3.0,cell,r0/c2,10000,0.9593,0.1378,0.0971
imagenet_mnv2_050_crop_free_k3,imagenet,margin_drop,oat:z_threshold=3.0,z_threshold,3.0,cell,r0/c3,10000,0.963,0.1113,0.0743
imagenet_mnv2_050_crop_free_k3,imagenet,margin_drop,oat:z_threshold=3.0,z_threshold,3.0,cell,r1/c0,10000,0.9575,0.1355,0.093
imagenet_mnv2_050_crop_free_k3,imagenet,margin_drop,oat:z_threshold=3.0,z_threshold,3.0,cell,r1/c1,10000,0.9583,0.1977,0.156
imagenet_mnv2_050_crop_free_k3,imagenet,margin_drop,oat:z_threshold=3.0,z_threshold,3.0,cell,r1/c2,10000,0.9549,0.1995,0.1544
imagenet_mnv2_050_crop_free_k3,imagenet,margin_drop,oat:z_threshold=3.0,z_threshold,3.0,cell,r1/c3,10000,0.959,0.128,0.087
imagenet_mnv2_050_crop_free_k3,imagenet,margin_drop,oat:z_threshold=3.0,z_threshold,3.0,cell,r2/c0,10000,0.9612,0.1314,0.0926
imagenet_mnv2_050_crop_free_k3,imagenet,margin_drop,oat:z_threshold=3.0,z_threshold,3.0,cell,r2/c1,10000,0.9571,0.1919,0.149
imagenet_mnv2_050_crop_free_k3,imagenet,margin_drop,oat:z_threshold=3.0,z_threshold,3.0,cell,r2/c2,10000,0.9522,0.1925,0.1447
imagenet_mnv2_050_crop_free_k3,imagenet,margin_drop,oat:z_threshold=3.0,z_threshold,3.0,cell,r2/c3,10000,0.9574,0.1372,0.0946
imagenet_mnv2_050_crop_free_k3,imagenet,margin_drop,oat:z_threshold=3.0,z_threshold,3.0,cell,r3/c0,10000,0.9598,0.1237,0.0835
imagenet_mnv2_050_crop_free_k3,imagenet,margin_drop,oat:z_threshold=3.0,z_threshold,3.0,cell,r3/c1,10000,0.957,0.139,0.096
imagenet_mnv2_050_crop_free_k3,imagenet,margin_drop,oat:z_threshold=3.0,z_threshold,3.0,cell,r3/c2,10000,0.9589,0.1358,0.0947
imagenet_mnv2_050_crop_free_k3,imagenet,margin_drop,oat:z_threshold=3.0,z_threshold,3.0,cell,r3/c3,10000,0.9617,0.1137,0.0754
imagenet_mnv2_050_crop_free_k3,imagenet,margin_drop,oat:z_threshold=3.0,z_threshold,3.0,cell_type,center,40000,0.955625,0.1954,0.151025
imagenet_mnv2_050_crop_free_k3,imagenet,margin_drop,oat:z_threshold=3.0,z_threshold,3.0,cell_type,corner,40000,0.962225,0.11475,0.076975
imagenet_mnv2_050_crop_free_k3,imagenet,margin_drop,oat:z_threshold=3.0,z_threshold,3.0,cell_type,edge,80000,0.958775,0.1357375,0.0945125
imagenet_mnv2_050_crop_free_k3,imagenet,margin_drop,oat:z_threshold=4.0,z_threshold,4.0,cell,r0/c0,10000,0.9429,0.1103,0.0532
imagenet_mnv2_050_crop_free_k3,imagenet,margin_drop,oat:z_threshold=4.0,z_threshold,4.0,cell,r0/c1,10000,0.9326,0.1412,0.0738
imagenet_mnv2_050_crop_free_k3,imagenet,margin_drop,oat:z_threshold=4.0,z_threshold,4.0,cell,r0/c2,10000,0.9347,0.1378,0.0725
imagenet_mnv2_050_crop_free_k3,imagenet,margin_drop,oat:z_threshold=4.0,z_threshold,4.0,cell,r0/c3,10000,0.9406,0.1113,0.0519
imagenet_mnv2_050_crop_free_k3,imagenet,margin_drop,oat:z_threshold=4.0,z_threshold,4.0,cell,r1/c0,10000,0.9318,0.1355,0.0673
imagenet_mnv2_050_crop_free_k3,imagenet,margin_drop,oat:z_threshold=4.0,z_threshold,4.0,cell,r1/c1,10000,0.9219,0.1977,0.1196
imagenet_mnv2_050_crop_free_k3,imagenet,margin_drop,oat:z_threshold=4.0,z_threshold,4.0,cell,r1/c2,10000,0.9189,0.1995,0.1184
imagenet_mnv2_050_crop_free_k3,imagenet,margin_drop,oat:z_threshold=4.0,z_threshold,4.0,cell,r1/c3,10000,0.9351,0.128,0.0631
imagenet_mnv2_050_crop_free_k3,imagenet,margin_drop,oat:z_threshold=4.0,z_threshold,4.0,cell,r2/c0,10000,0.9331,0.1314,0.0645
imagenet_mnv2_050_crop_free_k3,imagenet,margin_drop,oat:z_threshold=4.0,z_threshold,4.0,cell,r2/c1,10000,0.9207,0.1919,0.1126
imagenet_mnv2_050_crop_free_k3,imagenet,margin_drop,oat:z_threshold=4.0,z_threshold,4.0,cell,r2/c2,10000,0.9212,0.1925,0.1137
imagenet_mnv2_050_crop_free_k3,imagenet,margin_drop,oat:z_threshold=4.0,z_threshold,4.0,cell,r2/c3,10000,0.9312,0.1372,0.0684
imagenet_mnv2_050_crop_free_k3,imagenet,margin_drop,oat:z_threshold=4.0,z_threshold,4.0,cell,r3/c0,10000,0.9353,0.1237,0.059
imagenet_mnv2_050_crop_free_k3,imagenet,margin_drop,oat:z_threshold=4.0,z_threshold,4.0,cell,r3/c1,10000,0.9304,0.139,0.0694
imagenet_mnv2_050_crop_free_k3,imagenet,margin_drop,oat:z_threshold=4.0,z_threshold,4.0,cell,r3/c2,10000,0.9312,0.1358,0.067
imagenet_mnv2_050_crop_free_k3,imagenet,margin_drop,oat:z_threshold=4.0,z_threshold,4.0,cell,r3/c3,10000,0.9395,0.1137,0.0532
imagenet_mnv2_050_crop_free_k3,imagenet,margin_drop,oat:z_threshold=4.0,z_threshold,4.0,cell_type,center,40000,0.920675,0.1954,0.116075
imagenet_mnv2_050_crop_free_k3,imagenet,margin_drop,oat:z_threshold=4.0,z_threshold,4.0,cell_type,corner,40000,0.939575,0.11475,0.054325
imagenet_mnv2_050_crop_free_k3,imagenet,margin_drop,oat:z_threshold=4.0,z_threshold,4.0,cell_type,edge,80000,0.9325125,0.1357375,0.06825
imagenet_mnv2_050_crop_free_k3,imagenet,margin_drop,oat:sign_alpha=0.0,sign_alpha,0.0,cell,r0/c0,10000,1.0,0.1103,0.1103
imagenet_mnv2_050_crop_free_k3,imagenet,margin_drop,oat:sign_alpha=0.0,sign_alpha,0.0,cell,r0/c1,10000,1.0,0.1412,0.1412
imagenet_mnv2_050_crop_free_k3,imagenet,margin_drop,oat:sign_alpha=0.0,sign_alpha,0.0,cell,r0/c2,10000,1.0,0.1378,0.1378
imagenet_mnv2_050_crop_free_k3,imagenet,margin_drop,oat:sign_alpha=0.0,sign_alpha,0.0,cell,r0/c3,10000,1.0,0.1113,0.1113
imagenet_mnv2_050_crop_free_k3,imagenet,margin_drop,oat:sign_alpha=0.0,sign_alpha,0.0,cell,r1/c0,10000,1.0,0.1355,0.1355
imagenet_mnv2_050_crop_free_k3,imagenet,margin_drop,oat:sign_alpha=0.0,sign_alpha,0.0,cell,r1/c1,10000,1.0,0.1977,0.1977
imagenet_mnv2_050_crop_free_k3,imagenet,margin_drop,oat:sign_alpha=0.0,sign_alpha,0.0,cell,r1/c2,10000,1.0,0.1995,0.1995
imagenet_mnv2_050_crop_free_k3,imagenet,margin_drop,oat:sign_alpha=0.0,sign_alpha,0.0,cell,r1/c3,10000,1.0,0.128,0.128
imagenet_mnv2_050_crop_free_k3,imagenet,margin_drop,oat:sign_alpha=0.0,sign_alpha,0.0,cell,r2/c0,10000,1.0,0.1314,0.1314
imagenet_mnv2_050_crop_free_k3,imagenet,margin_drop,oat:sign_alpha=0.0,sign_alpha,0.0,cell,r2/c1,10000,1.0,0.1919,0.1919
imagenet_mnv2_050_crop_free_k3,imagenet,margin_drop,oat:sign_alpha=0.0,sign_alpha,0.0,cell,r2/c2,10000,1.0,0.1925,0.1925
imagenet_mnv2_050_crop_free_k3,imagenet,margin_drop,oat:sign_alpha=0.0,sign_alpha,0.0,cell,r2/c3,10000,1.0,0.1372,0.1372
imagenet_mnv2_050_crop_free_k3,imagenet,margin_drop,oat:sign_alpha=0.0,sign_alpha,0.0,cell,r3/c0,10000,1.0,0.1237,0.1237
imagenet_mnv2_050_crop_free_k3,imagenet,margin_drop,oat:sign_alpha=0.0,sign_alpha,0.0,cell,r3/c1,10000,1.0,0.139,0.139
imagenet_mnv2_050_crop_free_k3,imagenet,margin_drop,oat:sign_alpha=0.0,sign_alpha,0.0,cell,r3/c2,10000,1.0,0.1358,0.1358
imagenet_mnv2_050_crop_free_k3,imagenet,margin_drop,oat:sign_alpha=0.0,sign_alpha,0.0,cell,r3/c3,10000,1.0,0.1137,0.1137
imagenet_mnv2_050_crop_free_k3,imagenet,margin_drop,oat:sign_alpha=0.0,sign_alpha,0.0,cell_type,center,40000,1.0,0.1954,0.1954
imagenet_mnv2_050_crop_free_k3,imagenet,margin_drop,oat:sign_alpha=0.0,sign_alpha,0.0,cell_type,corner,40000,1.0,0.11475,0.11475
imagenet_mnv2_050_crop_free_k3,imagenet,margin_drop,oat:sign_alpha=0.0,sign_alpha,0.0,cell_type,edge,80000,1.0,0.1357375,0.1357375
imagenet_mnv2_050_crop_free_k3,imagenet,margin_drop,oat:sign_alpha=0.01,sign_alpha,0.01,cell,r0/c0,10000,0.9902,0.1103,0.1072
imagenet_mnv2_050_crop_free_k3,imagenet,margin_drop,oat:sign_alpha=0.01,sign_alpha,0.01,cell,r0/c1,10000,0.9914,0.1412,0.1392
imagenet_mnv2_050_crop_free_k3,imagenet,margin_drop,oat:sign_alpha=0.01,sign_alpha,0.01,cell,r0/c2,10000,0.9935,0.1378,0.1365
imagenet_mnv2_050_crop_free_k3,imagenet,margin_drop,oat:sign_alpha=0.01,sign_alpha,0.01,cell,r0/c3,10000,0.9884,0.1113,0.1077
imagenet_mnv2_050_crop_free_k3,imagenet,margin_drop,oat:sign_alpha=0.01,sign_alpha,0.01,cell,r1/c0,10000,0.9931,0.1355,0.1335
imagenet_mnv2_050_crop_free_k3,imagenet,margin_drop,oat:sign_alpha=0.01,sign_alpha,0.01,cell,r1/c1,10000,0.9947,0.1977,0.1953
imagenet_mnv2_050_crop_free_k3,imagenet,margin_drop,oat:sign_alpha=0.01,sign_alpha,0.01,cell,r1/c2,10000,0.9955,0.1995,0.1981
imagenet_mnv2_050_crop_free_k3,imagenet,margin_drop,oat:sign_alpha=0.01,sign_alpha,0.01,cell,r1/c3,10000,0.9926,0.128,0.1253
imagenet_mnv2_050_crop_free_k3,imagenet,margin_drop,oat:sign_alpha=0.01,sign_alpha,0.01,cell,r2/c0,10000,0.9933,0.1314,0.1298
imagenet_mnv2_050_crop_free_k3,imagenet,margin_drop,oat:sign_alpha=0.01,sign_alpha,0.01,cell,r2/c1,10000,0.996,0.1919,0.1901
imagenet_mnv2_050_crop_free_k3,imagenet,margin_drop,oat:sign_alpha=0.01,sign_alpha,0.01,cell,r2/c2,10000,0.9953,0.1925,0.1904
imagenet_mnv2_050_crop_free_k3,imagenet,margin_drop,oat:sign_alpha=0.01,sign_alpha,0.01,cell,r2/c3,10000,0.9916,0.1372,0.135
imagenet_mnv2_050_crop_free_k3,imagenet,margin_drop,oat:sign_alpha=0.01,sign_alpha,0.01,cell,r3/c0,10000,0.9903,0.1237,0.1215
imagenet_mnv2_050_crop_free_k3,imagenet,margin_drop,oat:sign_alpha=0.01,sign_alpha,0.01,cell,r3/c1,10000,0.9928,0.139,0.1361
imagenet_mnv2_050_crop_free_k3,imagenet,margin_drop,oat:sign_alpha=0.01,sign_alpha,0.01,cell,r3/c2,10000,0.9916,0.1358,0.1337
imagenet_mnv2_050_crop_free_k3,imagenet,margin_drop,oat:sign_alpha=0.01,sign_alpha,0.01,cell,r3/c3,10000,0.9922,0.1137,0.1118
imagenet_mnv2_050_crop_free_k3,imagenet,margin_drop,oat:sign_alpha=0.01,sign_alpha,0.01,cell_type,center,40000,0.995375,0.1954,0.193475
imagenet_mnv2_050_crop_free_k3,imagenet,margin_drop,oat:sign_alpha=0.01,sign_alpha,0.01,cell_type,corner,40000,0.990275,0.11475,0.11205
imagenet_mnv2_050_crop_free_k3,imagenet,margin_drop,oat:sign_alpha=0.01,sign_alpha,0.01,cell_type,edge,80000,0.9924875,0.1357375,0.1336375
imagenet_mnv2_050_crop_free_k3,imagenet,margin_drop,oat:sign_alpha=0.05,sign_alpha,0.05,cell,r0/c0,10000,0.954,0.1103,0.0991
imagenet_mnv2_050_crop_free_k3,imagenet,margin_drop,oat:sign_alpha=0.05,sign_alpha,0.05,cell,r0/c1,10000,0.9618,0.1412,0.1317
imagenet_mnv2_050_crop_free_k3,imagenet,margin_drop,oat:sign_alpha=0.05,sign_alpha,0.05,cell,r0/c2,10000,0.9671,0.1378,0.1287
imagenet_mnv2_050_crop_free_k3,imagenet,margin_drop,oat:sign_alpha=0.05,sign_alpha,0.05,cell,r0/c3,10000,0.9491,0.1113,0.0985
imagenet_mnv2_050_crop_free_k3,imagenet,margin_drop,oat:sign_alpha=0.05,sign_alpha,0.05,cell,r1/c0,10000,0.9648,0.1355,0.1254
imagenet_mnv2_050_crop_free_k3,imagenet,margin_drop,oat:sign_alpha=0.05,sign_alpha,0.05,cell,r1/c1,10000,0.9757,0.1977,0.1891
imagenet_mnv2_050_crop_free_k3,imagenet,margin_drop,oat:sign_alpha=0.05,sign_alpha,0.05,cell,r1/c2,10000,0.9751,0.1995,0.1899
imagenet_mnv2_050_crop_free_k3,imagenet,margin_drop,oat:sign_alpha=0.05,sign_alpha,0.05,cell,r1/c3,10000,0.9649,0.128,0.1198
imagenet_mnv2_050_crop_free_k3,imagenet,margin_drop,oat:sign_alpha=0.05,sign_alpha,0.05,cell,r2/c0,10000,0.9677,0.1314,0.1234
imagenet_mnv2_050_crop_free_k3,imagenet,margin_drop,oat:sign_alpha=0.05,sign_alpha,0.05,cell,r2/c1,10000,0.9793,0.1919,0.1842
imagenet_mnv2_050_crop_free_k3,imagenet,margin_drop,oat:sign_alpha=0.05,sign_alpha,0.05,cell,r2/c2,10000,0.9767,0.1925,0.184
imagenet_mnv2_050_crop_free_k3,imagenet,margin_drop,oat:sign_alpha=0.05,sign_alpha,0.05,cell,r2/c3,10000,0.9624,0.1372,0.1262
imagenet_mnv2_050_crop_free_k3,imagenet,margin_drop,oat:sign_alpha=0.05,sign_alpha,0.05,cell,r3/c0,10000,0.9505,0.1237,0.1109
imagenet_mnv2_050_crop_free_k3,imagenet,margin_drop,oat:sign_alpha=0.05,sign_alpha,0.05,cell,r3/c1,10000,0.9639,0.139,0.1273
imagenet_mnv2_050_crop_free_k3,imagenet,margin_drop,oat:sign_alpha=0.05,sign_alpha,0.05,cell,r3/c2,10000,0.9656,0.1358,0.1266
imagenet_mnv2_050_crop_free_k3,imagenet,margin_drop,oat:sign_alpha=0.05,sign_alpha,0.05,cell,r3/c3,10000,0.9525,0.1137,0.1025
imagenet_mnv2_050_crop_free_k3,imagenet,margin_drop,oat:sign_alpha=0.05,sign_alpha,0.05,cell_type,center,40000,0.9767,0.1954,0.1868
imagenet_mnv2_050_crop_free_k3,imagenet,margin_drop,oat:sign_alpha=0.05,sign_alpha,0.05,cell_type,corner,40000,0.951525,0.11475,0.10275
imagenet_mnv2_050_crop_free_k3,imagenet,margin_drop,oat:sign_alpha=0.05,sign_alpha,0.05,cell_type,edge,80000,0.964775,0.1357375,0.1261375
imagenet_mnv2_050_crop_free_k3,imagenet,margin_drop,oat:sign_alpha=0.1,sign_alpha,0.1,cell,r0/c0,10000,0.9122,0.1103,0.0909
imagenet_mnv2_050_crop_free_k3,imagenet,margin_drop,oat:sign_alpha=0.1,sign_alpha,0.1,cell,r0/c1,10000,0.93,0.1412,0.1229
imagenet_mnv2_050_crop_free_k3,imagenet,margin_drop,oat:sign_alpha=0.1,sign_alpha,0.1,cell,r0/c2,10000,0.9372,0.1378,0.12
imagenet_mnv2_050_crop_free_k3,imagenet,margin_drop,oat:sign_alpha=0.1,sign_alpha,0.1,cell,r0/c3,10000,0.9059,0.1113,0.0891
imagenet_mnv2_050_crop_free_k3,imagenet,margin_drop,oat:sign_alpha=0.1,sign_alpha,0.1,cell,r1/c0,10000,0.9318,0.1355,0.1159
imagenet_mnv2_050_crop_free_k3,imagenet,margin_drop,oat:sign_alpha=0.1,sign_alpha,0.1,cell,r1/c1,10000,0.9497,0.1977,0.1782
imagenet_mnv2_050_crop_free_k3,imagenet,margin_drop,oat:sign_alpha=0.1,sign_alpha,0.1,cell,r1/c2,10000,0.9524,0.1995,0.1812
imagenet_mnv2_050_crop_free_k3,imagenet,margin_drop,oat:sign_alpha=0.1,sign_alpha,0.1,cell,r1/c3,10000,0.9284,0.128,0.1094
imagenet_mnv2_050_crop_free_k3,imagenet,margin_drop,oat:sign_alpha=0.1,sign_alpha,0.1,cell,r2/c0,10000,0.9327,0.1314,0.1144
imagenet_mnv2_050_crop_free_k3,imagenet,margin_drop,oat:sign_alpha=0.1,sign_alpha,0.1,cell,r2/c1,10000,0.9587,0.1919,0.1777
imagenet_mnv2_050_crop_free_k3,imagenet,margin_drop,oat:sign_alpha=0.1,sign_alpha,0.1,cell,r2/c2,10000,0.9531,0.1925,0.176
imagenet_mnv2_050_crop_free_k3,imagenet,margin_drop,oat:sign_alpha=0.1,sign_alpha,0.1,cell,r2/c3,10000,0.9265,0.1372,0.1163
imagenet_mnv2_050_crop_free_k3,imagenet,margin_drop,oat:sign_alpha=0.1,sign_alpha,0.1,cell,r3/c0,10000,0.9091,0.1237,0.1015
imagenet_mnv2_050_crop_free_k3,imagenet,margin_drop,oat:sign_alpha=0.1,sign_alpha,0.1,cell,r3/c1,10000,0.9288,0.139,0.1168
imagenet_mnv2_050_crop_free_k3,imagenet,margin_drop,oat:sign_alpha=0.1,sign_alpha,0.1,cell,r3/c2,10000,0.9337,0.1358,0.1183
imagenet_mnv2_050_crop_free_k3,imagenet,margin_drop,oat:sign_alpha=0.1,sign_alpha,0.1,cell,r3/c3,10000,0.9083,0.1137,0.0914
imagenet_mnv2_050_crop_free_k3,imagenet,margin_drop,oat:sign_alpha=0.1,sign_alpha,0.1,cell_type,center,40000,0.953475,0.1954,0.178275
imagenet_mnv2_050_crop_free_k3,imagenet,margin_drop,oat:sign_alpha=0.1,sign_alpha,0.1,cell_type,corner,40000,0.908875,0.11475,0.093225
imagenet_mnv2_050_crop_free_k3,imagenet,margin_drop,oat:sign_alpha=0.1,sign_alpha,0.1,cell_type,edge,80000,0.9311375,0.1357375,0.11675
imagenet_mnv2_050_crop_free_k3,imagenet,margin_drop,oat:sign_alpha=0.25,sign_alpha,0.25,cell,r0/c0,10000,0.8148,0.1103,0.0706
imagenet_mnv2_050_crop_free_k3,imagenet,margin_drop,oat:sign_alpha=0.25,sign_alpha,0.25,cell,r0/c1,10000,0.8463,0.1412,0.1
imagenet_mnv2_050_crop_free_k3,imagenet,margin_drop,oat:sign_alpha=0.25,sign_alpha,0.25,cell,r0/c2,10000,0.8521,0.1378,0.0944
imagenet_mnv2_050_crop_free_k3,imagenet,margin_drop,oat:sign_alpha=0.25,sign_alpha,0.25,cell,r0/c3,10000,0.8043,0.1113,0.0681
imagenet_mnv2_050_crop_free_k3,imagenet,margin_drop,oat:sign_alpha=0.25,sign_alpha,0.25,cell,r1/c0,10000,0.8457,0.1355,0.0939
imagenet_mnv2_050_crop_free_k3,imagenet,margin_drop,oat:sign_alpha=0.25,sign_alpha,0.25,cell,r1/c1,10000,0.89,0.1977,0.1542
imagenet_mnv2_050_crop_free_k3,imagenet,margin_drop,oat:sign_alpha=0.25,sign_alpha,0.25,cell,r1/c2,10000,0.8943,0.1995,0.1589
imagenet_mnv2_050_crop_free_k3,imagenet,margin_drop,oat:sign_alpha=0.25,sign_alpha,0.25,cell,r1/c3,10000,0.8385,0.128,0.0869
imagenet_mnv2_050_crop_free_k3,imagenet,margin_drop,oat:sign_alpha=0.25,sign_alpha,0.25,cell,r2/c0,10000,0.8478,0.1314,0.0932
imagenet_mnv2_050_crop_free_k3,imagenet,margin_drop,oat:sign_alpha=0.25,sign_alpha,0.25,cell,r2/c1,10000,0.8967,0.1919,0.1551
imagenet_mnv2_050_crop_free_k3,imagenet,margin_drop,oat:sign_alpha=0.25,sign_alpha,0.25,cell,r2/c2,10000,0.8926,0.1925,0.1532
imagenet_mnv2_050_crop_free_k3,imagenet,margin_drop,oat:sign_alpha=0.25,sign_alpha,0.25,cell,r2/c3,10000,0.8369,0.1372,0.0922
imagenet_mnv2_050_crop_free_k3,imagenet,margin_drop,oat:sign_alpha=0.25,sign_alpha,0.25,cell,r3/c0,10000,0.8119,0.1237,0.0777
imagenet_mnv2_050_crop_free_k3,imagenet,margin_drop,oat:sign_alpha=0.25,sign_alpha,0.25,cell,r3/c1,10000,0.8435,0.139,0.0931
imagenet_mnv2_050_crop_free_k3,imagenet,margin_drop,oat:sign_alpha=0.25,sign_alpha,0.25,cell,r3/c2,10000,0.8454,0.1358,0.0945
imagenet_mnv2_050_crop_free_k3,imagenet,margin_drop,oat:sign_alpha=0.25,sign_alpha,0.25,cell,r3/c3,10000,0.8109,0.1137,0.0711
imagenet_mnv2_050_crop_free_k3,imagenet,margin_drop,oat:sign_alpha=0.25,sign_alpha,0.25,cell_type,center,40000,0.8934,0.1954,0.15535
imagenet_mnv2_050_crop_free_k3,imagenet,margin_drop,oat:sign_alpha=0.25,sign_alpha,0.25,cell_type,corner,40000,0.810475,0.11475,0.071875
imagenet_mnv2_050_crop_free_k3,imagenet,margin_drop,oat:sign_alpha=0.25,sign_alpha,0.25,cell_type,edge,80000,0.844525,0.1357375,0.093525
imagenet_mnv2_050_crop_free_k3,imagenet,margin_drop,oat:min_multi_strategy=2,min_multi_strategy,2,cell,r0/c0,10000,1.0,0.1103,0.1103
imagenet_mnv2_050_crop_free_k3,imagenet,margin_drop,oat:min_multi_strategy=2,min_multi_strategy,2,cell,r0/c1,10000,1.0,0.1412,0.1412
imagenet_mnv2_050_crop_free_k3,imagenet,margin_drop,oat:min_multi_strategy=2,min_multi_strategy,2,cell,r0/c2,10000,1.0,0.1378,0.1378
imagenet_mnv2_050_crop_free_k3,imagenet,margin_drop,oat:min_multi_strategy=2,min_multi_strategy,2,cell,r0/c3,10000,1.0,0.1113,0.1113
imagenet_mnv2_050_crop_free_k3,imagenet,margin_drop,oat:min_multi_strategy=2,min_multi_strategy,2,cell,r1/c0,10000,1.0,0.1355,0.1355
imagenet_mnv2_050_crop_free_k3,imagenet,margin_drop,oat:min_multi_strategy=2,min_multi_strategy,2,cell,r1/c1,10000,1.0,0.1977,0.1977
imagenet_mnv2_050_crop_free_k3,imagenet,margin_drop,oat:min_multi_strategy=2,min_multi_strategy,2,cell,r1/c2,10000,1.0,0.1995,0.1995
imagenet_mnv2_050_crop_free_k3,imagenet,margin_drop,oat:min_multi_strategy=2,min_multi_strategy,2,cell,r1/c3,10000,1.0,0.128,0.128
imagenet_mnv2_050_crop_free_k3,imagenet,margin_drop,oat:min_multi_strategy=2,min_multi_strategy,2,cell,r2/c0,10000,1.0,0.1314,0.1314
imagenet_mnv2_050_crop_free_k3,imagenet,margin_drop,oat:min_multi_strategy=2,min_multi_strategy,2,cell,r2/c1,10000,1.0,0.1919,0.1919
imagenet_mnv2_050_crop_free_k3,imagenet,margin_drop,oat:min_multi_strategy=2,min_multi_strategy,2,cell,r2/c2,10000,1.0,0.1925,0.1925
imagenet_mnv2_050_crop_free_k3,imagenet,margin_drop,oat:min_multi_strategy=2,min_multi_strategy,2,cell,r2/c3,10000,1.0,0.1372,0.1372
imagenet_mnv2_050_crop_free_k3,imagenet,margin_drop,oat:min_multi_strategy=2,min_multi_strategy,2,cell,r3/c0,10000,1.0,0.1237,0.1237
imagenet_mnv2_050_crop_free_k3,imagenet,margin_drop,oat:min_multi_strategy=2,min_multi_strategy,2,cell,r3/c1,10000,1.0,0.139,0.139
imagenet_mnv2_050_crop_free_k3,imagenet,margin_drop,oat:min_multi_strategy=2,min_multi_strategy,2,cell,r3/c2,10000,1.0,0.1358,0.1358
imagenet_mnv2_050_crop_free_k3,imagenet,margin_drop,oat:min_multi_strategy=2,min_multi_strategy,2,cell,r3/c3,10000,1.0,0.1137,0.1137
imagenet_mnv2_050_crop_free_k3,imagenet,margin_drop,oat:min_multi_strategy=2,min_multi_strategy,2,cell_type,center,40000,1.0,0.1954,0.1954
imagenet_mnv2_050_crop_free_k3,imagenet,margin_drop,oat:min_multi_strategy=2,min_multi_strategy,2,cell_type,corner,40000,1.0,0.11475,0.11475
imagenet_mnv2_050_crop_free_k3,imagenet,margin_drop,oat:min_multi_strategy=2,min_multi_strategy,2,cell_type,edge,80000,1.0,0.1357375,0.1357375
imagenet_mnv2_050_crop_free_k3,imagenet,margin_drop,oat:min_multi_strategy=3,min_multi_strategy,3,cell,r0/c0,10000,1.0,0.1103,0.1103
imagenet_mnv2_050_crop_free_k3,imagenet,margin_drop,oat:min_multi_strategy=3,min_multi_strategy,3,cell,r0/c1,10000,1.0,0.1412,0.1412
imagenet_mnv2_050_crop_free_k3,imagenet,margin_drop,oat:min_multi_strategy=3,min_multi_strategy,3,cell,r0/c2,10000,1.0,0.1378,0.1378
imagenet_mnv2_050_crop_free_k3,imagenet,margin_drop,oat:min_multi_strategy=3,min_multi_strategy,3,cell,r0/c3,10000,1.0,0.1113,0.1113
imagenet_mnv2_050_crop_free_k3,imagenet,margin_drop,oat:min_multi_strategy=3,min_multi_strategy,3,cell,r1/c0,10000,1.0,0.1355,0.1355
imagenet_mnv2_050_crop_free_k3,imagenet,margin_drop,oat:min_multi_strategy=3,min_multi_strategy,3,cell,r1/c1,10000,1.0,0.1977,0.1977
imagenet_mnv2_050_crop_free_k3,imagenet,margin_drop,oat:min_multi_strategy=3,min_multi_strategy,3,cell,r1/c2,10000,1.0,0.1995,0.1995
imagenet_mnv2_050_crop_free_k3,imagenet,margin_drop,oat:min_multi_strategy=3,min_multi_strategy,3,cell,r1/c3,10000,1.0,0.128,0.128
imagenet_mnv2_050_crop_free_k3,imagenet,margin_drop,oat:min_multi_strategy=3,min_multi_strategy,3,cell,r2/c0,10000,1.0,0.1314,0.1314
imagenet_mnv2_050_crop_free_k3,imagenet,margin_drop,oat:min_multi_strategy=3,min_multi_strategy,3,cell,r2/c1,10000,1.0,0.1919,0.1919
imagenet_mnv2_050_crop_free_k3,imagenet,margin_drop,oat:min_multi_strategy=3,min_multi_strategy,3,cell,r2/c2,10000,1.0,0.1925,0.1925
imagenet_mnv2_050_crop_free_k3,imagenet,margin_drop,oat:min_multi_strategy=3,min_multi_strategy,3,cell,r2/c3,10000,1.0,0.1372,0.1372
imagenet_mnv2_050_crop_free_k3,imagenet,margin_drop,oat:min_multi_strategy=3,min_multi_strategy,3,cell,r3/c0,10000,1.0,0.1237,0.1237
imagenet_mnv2_050_crop_free_k3,imagenet,margin_drop,oat:min_multi_strategy=3,min_multi_strategy,3,cell,r3/c1,10000,1.0,0.139,0.139
imagenet_mnv2_050_crop_free_k3,imagenet,margin_drop,oat:min_multi_strategy=3,min_multi_strategy,3,cell,r3/c2,10000,1.0,0.1358,0.1358
imagenet_mnv2_050_crop_free_k3,imagenet,margin_drop,oat:min_multi_strategy=3,min_multi_strategy,3,cell,r3/c3,10000,1.0,0.1137,0.1137
imagenet_mnv2_050_crop_free_k3,imagenet,margin_drop,oat:min_multi_strategy=3,min_multi_strategy,3,cell_type,center,40000,1.0,0.1954,0.1954
imagenet_mnv2_050_crop_free_k3,imagenet,margin_drop,oat:min_multi_strategy=3,min_multi_strategy,3,cell_type,corner,40000,1.0,0.11475,0.11475
imagenet_mnv2_050_crop_free_k3,imagenet,margin_drop,oat:min_multi_strategy=3,min_multi_strategy,3,cell_type,edge,80000,1.0,0.1357375,0.1357375
imagenet_mnv2_050_crop_free_k3,imagenet,margin_drop,oat:ci_level=90,ci_level,90,cell,r0/c0,10000,1.0,0.1103,0.1103
imagenet_mnv2_050_crop_free_k3,imagenet,margin_drop,oat:ci_level=90,ci_level,90,cell,r0/c1,10000,1.0,0.1412,0.1412
imagenet_mnv2_050_crop_free_k3,imagenet,margin_drop,oat:ci_level=90,ci_level,90,cell,r0/c2,10000,1.0,0.1378,0.1378
imagenet_mnv2_050_crop_free_k3,imagenet,margin_drop,oat:ci_level=90,ci_level,90,cell,r0/c3,10000,1.0,0.1113,0.1113
imagenet_mnv2_050_crop_free_k3,imagenet,margin_drop,oat:ci_level=90,ci_level,90,cell,r1/c0,10000,1.0,0.1355,0.1355
imagenet_mnv2_050_crop_free_k3,imagenet,margin_drop,oat:ci_level=90,ci_level,90,cell,r1/c1,10000,1.0,0.1977,0.1977
imagenet_mnv2_050_crop_free_k3,imagenet,margin_drop,oat:ci_level=90,ci_level,90,cell,r1/c2,10000,1.0,0.1995,0.1995
imagenet_mnv2_050_crop_free_k3,imagenet,margin_drop,oat:ci_level=90,ci_level,90,cell,r1/c3,10000,1.0,0.128,0.128
imagenet_mnv2_050_crop_free_k3,imagenet,margin_drop,oat:ci_level=90,ci_level,90,cell,r2/c0,10000,1.0,0.1314,0.1314
imagenet_mnv2_050_crop_free_k3,imagenet,margin_drop,oat:ci_level=90,ci_level,90,cell,r2/c1,10000,1.0,0.1919,0.1919
imagenet_mnv2_050_crop_free_k3,imagenet,margin_drop,oat:ci_level=90,ci_level,90,cell,r2/c2,10000,1.0,0.1925,0.1925
imagenet_mnv2_050_crop_free_k3,imagenet,margin_drop,oat:ci_level=90,ci_level,90,cell,r2/c3,10000,1.0,0.1372,0.1372
imagenet_mnv2_050_crop_free_k3,imagenet,margin_drop,oat:ci_level=90,ci_level,90,cell,r3/c0,10000,1.0,0.1237,0.1237
imagenet_mnv2_050_crop_free_k3,imagenet,margin_drop,oat:ci_level=90,ci_level,90,cell,r3/c1,10000,1.0,0.139,0.139
imagenet_mnv2_050_crop_free_k3,imagenet,margin_drop,oat:ci_level=90,ci_level,90,cell,r3/c2,10000,1.0,0.1358,0.1358
imagenet_mnv2_050_crop_free_k3,imagenet,margin_drop,oat:ci_level=90,ci_level,90,cell,r3/c3,10000,1.0,0.1137,0.1137
imagenet_mnv2_050_crop_free_k3,imagenet,margin_drop,oat:ci_level=90,ci_level,90,cell_type,center,40000,1.0,0.1954,0.1954
imagenet_mnv2_050_crop_free_k3,imagenet,margin_drop,oat:ci_level=90,ci_level,90,cell_type,corner,40000,1.0,0.11475,0.11475
imagenet_mnv2_050_crop_free_k3,imagenet,margin_drop,oat:ci_level=90,ci_level,90,cell_type,edge,80000,1.0,0.1357375,0.1357375
imagenet_mnv2_050_crop_free_k3,imagenet,margin_drop,oat:ci_level=95,ci_level,95,cell,r0/c0,10000,1.0,0.1103,0.1103
imagenet_mnv2_050_crop_free_k3,imagenet,margin_drop,oat:ci_level=95,ci_level,95,cell,r0/c1,10000,1.0,0.1412,0.1412
imagenet_mnv2_050_crop_free_k3,imagenet,margin_drop,oat:ci_level=95,ci_level,95,cell,r0/c2,10000,1.0,0.1378,0.1378
imagenet_mnv2_050_crop_free_k3,imagenet,margin_drop,oat:ci_level=95,ci_level,95,cell,r0/c3,10000,1.0,0.1113,0.1113
imagenet_mnv2_050_crop_free_k3,imagenet,margin_drop,oat:ci_level=95,ci_level,95,cell,r1/c0,10000,1.0,0.1355,0.1355
imagenet_mnv2_050_crop_free_k3,imagenet,margin_drop,oat:ci_level=95,ci_level,95,cell,r1/c1,10000,1.0,0.1977,0.1977
imagenet_mnv2_050_crop_free_k3,imagenet,margin_drop,oat:ci_level=95,ci_level,95,cell,r1/c2,10000,1.0,0.1995,0.1995
imagenet_mnv2_050_crop_free_k3,imagenet,margin_drop,oat:ci_level=95,ci_level,95,cell,r1/c3,10000,1.0,0.128,0.128
imagenet_mnv2_050_crop_free_k3,imagenet,margin_drop,oat:ci_level=95,ci_level,95,cell,r2/c0,10000,1.0,0.1314,0.1314
imagenet_mnv2_050_crop_free_k3,imagenet,margin_drop,oat:ci_level=95,ci_level,95,cell,r2/c1,10000,1.0,0.1919,0.1919
imagenet_mnv2_050_crop_free_k3,imagenet,margin_drop,oat:ci_level=95,ci_level,95,cell,r2/c2,10000,1.0,0.1925,0.1925
imagenet_mnv2_050_crop_free_k3,imagenet,margin_drop,oat:ci_level=95,ci_level,95,cell,r2/c3,10000,1.0,0.1372,0.1372
imagenet_mnv2_050_crop_free_k3,imagenet,margin_drop,oat:ci_level=95,ci_level,95,cell,r3/c0,10000,1.0,0.1237,0.1237
imagenet_mnv2_050_crop_free_k3,imagenet,margin_drop,oat:ci_level=95,ci_level,95,cell,r3/c1,10000,1.0,0.139,0.139
imagenet_mnv2_050_crop_free_k3,imagenet,margin_drop,oat:ci_level=95,ci_level,95,cell,r3/c2,10000,1.0,0.1358,0.1358
imagenet_mnv2_050_crop_free_k3,imagenet,margin_drop,oat:ci_level=95,ci_level,95,cell,r3/c3,10000,1.0,0.1137,0.1137
imagenet_mnv2_050_crop_free_k3,imagenet,margin_drop,oat:ci_level=95,ci_level,95,cell_type,center,40000,1.0,0.1954,0.1954
imagenet_mnv2_050_crop_free_k3,imagenet,margin_drop,oat:ci_level=95,ci_level,95,cell_type,corner,40000,1.0,0.11475,0.11475
imagenet_mnv2_050_crop_free_k3,imagenet,margin_drop,oat:ci_level=95,ci_level,95,cell_type,edge,80000,1.0,0.1357375,0.1357375
imagenet_mnv2_050_crop_free_k3,imagenet,margin_drop,oat:ci_level=99,ci_level,99,cell,r0/c0,10000,1.0,0.1103,0.1103
imagenet_mnv2_050_crop_free_k3,imagenet,margin_drop,oat:ci_level=99,ci_level,99,cell,r0/c1,10000,1.0,0.1412,0.1412
imagenet_mnv2_050_crop_free_k3,imagenet,margin_drop,oat:ci_level=99,ci_level,99,cell,r0/c2,10000,1.0,0.1378,0.1378
imagenet_mnv2_050_crop_free_k3,imagenet,margin_drop,oat:ci_level=99,ci_level,99,cell,r0/c3,10000,1.0,0.1113,0.1113
imagenet_mnv2_050_crop_free_k3,imagenet,margin_drop,oat:ci_level=99,ci_level,99,cell,r1/c0,10000,1.0,0.1355,0.1355
imagenet_mnv2_050_crop_free_k3,imagenet,margin_drop,oat:ci_level=99,ci_level,99,cell,r1/c1,10000,1.0,0.1977,0.1977
imagenet_mnv2_050_crop_free_k3,imagenet,margin_drop,oat:ci_level=99,ci_level,99,cell,r1/c2,10000,1.0,0.1995,0.1995
imagenet_mnv2_050_crop_free_k3,imagenet,margin_drop,oat:ci_level=99,ci_level,99,cell,r1/c3,10000,1.0,0.128,0.128
imagenet_mnv2_050_crop_free_k3,imagenet,margin_drop,oat:ci_level=99,ci_level,99,cell,r2/c0,10000,1.0,0.1314,0.1314
imagenet_mnv2_050_crop_free_k3,imagenet,margin_drop,oat:ci_level=99,ci_level,99,cell,r2/c1,10000,1.0,0.1919,0.1919
imagenet_mnv2_050_crop_free_k3,imagenet,margin_drop,oat:ci_level=99,ci_level,99,cell,r2/c2,10000,1.0,0.1925,0.1925
imagenet_mnv2_050_crop_free_k3,imagenet,margin_drop,oat:ci_level=99,ci_level,99,cell,r2/c3,10000,1.0,0.1372,0.1372
imagenet_mnv2_050_crop_free_k3,imagenet,margin_drop,oat:ci_level=99,ci_level,99,cell,r3/c0,10000,1.0,0.1237,0.1237
imagenet_mnv2_050_crop_free_k3,imagenet,margin_drop,oat:ci_level=99,ci_level,99,cell,r3/c1,10000,1.0,0.139,0.139
imagenet_mnv2_050_crop_free_k3,imagenet,margin_drop,oat:ci_level=99,ci_level,99,cell,r3/c2,10000,1.0,0.1358,0.1358
imagenet_mnv2_050_crop_free_k3,imagenet,margin_drop,oat:ci_level=99,ci_level,99,cell,r3/c3,10000,1.0,0.1137,0.1137
imagenet_mnv2_050_crop_free_k3,imagenet,margin_drop,oat:ci_level=99,ci_level,99,cell_type,center,40000,1.0,0.1954,0.1954
imagenet_mnv2_050_crop_free_k3,imagenet,margin_drop,oat:ci_level=99,ci_level,99,cell_type,corner,40000,1.0,0.11475,0.11475
imagenet_mnv2_050_crop_free_k3,imagenet,margin_drop,oat:ci_level=99,ci_level,99,cell_type,edge,80000,1.0,0.1357375,0.1357375
imagenet_mnv2_050_crop_free_k3,imagenet,margin_drop,oat:ci_level=999,ci_level,999,cell,r0/c0,10000,1.0,0.1103,0.1103
imagenet_mnv2_050_crop_free_k3,imagenet,margin_drop,oat:ci_level=999,ci_level,999,cell,r0/c1,10000,1.0,0.1412,0.1412
imagenet_mnv2_050_crop_free_k3,imagenet,margin_drop,oat:ci_level=999,ci_level,999,cell,r0/c2,10000,1.0,0.1378,0.1378
imagenet_mnv2_050_crop_free_k3,imagenet,margin_drop,oat:ci_level=999,ci_level,999,cell,r0/c3,10000,1.0,0.1113,0.1113
imagenet_mnv2_050_crop_free_k3,imagenet,margin_drop,oat:ci_level=999,ci_level,999,cell,r1/c0,10000,1.0,0.1355,0.1355
imagenet_mnv2_050_crop_free_k3,imagenet,margin_drop,oat:ci_level=999,ci_level,999,cell,r1/c1,10000,1.0,0.1977,0.1977
imagenet_mnv2_050_crop_free_k3,imagenet,margin_drop,oat:ci_level=999,ci_level,999,cell,r1/c2,10000,1.0,0.1995,0.1995
imagenet_mnv2_050_crop_free_k3,imagenet,margin_drop,oat:ci_level=999,ci_level,999,cell,r1/c3,10000,1.0,0.128,0.128
imagenet_mnv2_050_crop_free_k3,imagenet,margin_drop,oat:ci_level=999,ci_level,999,cell,r2/c0,10000,1.0,0.1314,0.1314
imagenet_mnv2_050_crop_free_k3,imagenet,margin_drop,oat:ci_level=999,ci_level,999,cell,r2/c1,10000,1.0,0.1919,0.1919
imagenet_mnv2_050_crop_free_k3,imagenet,margin_drop,oat:ci_level=999,ci_level,999,cell,r2/c2,10000,1.0,0.1925,0.1925
imagenet_mnv2_050_crop_free_k3,imagenet,margin_drop,oat:ci_level=999,ci_level,999,cell,r2/c3,10000,1.0,0.1372,0.1372
imagenet_mnv2_050_crop_free_k3,imagenet,margin_drop,oat:ci_level=999,ci_level,999,cell,r3/c0,10000,1.0,0.1237,0.1237
imagenet_mnv2_050_crop_free_k3,imagenet,margin_drop,oat:ci_level=999,ci_level,999,cell,r3/c1,10000,1.0,0.139,0.139
imagenet_mnv2_050_crop_free_k3,imagenet,margin_drop,oat:ci_level=999,ci_level,999,cell,r3/c2,10000,1.0,0.1358,0.1358
imagenet_mnv2_050_crop_free_k3,imagenet,margin_drop,oat:ci_level=999,ci_level,999,cell,r3/c3,10000,1.0,0.1137,0.1137
imagenet_mnv2_050_crop_free_k3,imagenet,margin_drop,oat:ci_level=999,ci_level,999,cell_type,center,40000,1.0,0.1954,0.1954
imagenet_mnv2_050_crop_free_k3,imagenet,margin_drop,oat:ci_level=999,ci_level,999,cell_type,corner,40000,1.0,0.11475,0.11475
imagenet_mnv2_050_crop_free_k3,imagenet,margin_drop,oat:ci_level=999,ci_level,999,cell_type,edge,80000,1.0,0.1357375,0.1357375
imagenet_mnv2_050_crop_free_k3,imagenet,margin_drop,oat:ddof=0,ddof,0,cell,r0/c0,10000,1.0,0.1103,0.1103
imagenet_mnv2_050_crop_free_k3,imagenet,margin_drop,oat:ddof=0,ddof,0,cell,r0/c1,10000,1.0,0.1412,0.1412
imagenet_mnv2_050_crop_free_k3,imagenet,margin_drop,oat:ddof=0,ddof,0,cell,r0/c2,10000,1.0,0.1378,0.1378
imagenet_mnv2_050_crop_free_k3,imagenet,margin_drop,oat:ddof=0,ddof,0,cell,r0/c3,10000,1.0,0.1113,0.1113
imagenet_mnv2_050_crop_free_k3,imagenet,margin_drop,oat:ddof=0,ddof,0,cell,r1/c0,10000,1.0,0.1355,0.1355
imagenet_mnv2_050_crop_free_k3,imagenet,margin_drop,oat:ddof=0,ddof,0,cell,r1/c1,10000,1.0,0.1977,0.1977
imagenet_mnv2_050_crop_free_k3,imagenet,margin_drop,oat:ddof=0,ddof,0,cell,r1/c2,10000,1.0,0.1995,0.1995
imagenet_mnv2_050_crop_free_k3,imagenet,margin_drop,oat:ddof=0,ddof,0,cell,r1/c3,10000,1.0,0.128,0.128
imagenet_mnv2_050_crop_free_k3,imagenet,margin_drop,oat:ddof=0,ddof,0,cell,r2/c0,10000,1.0,0.1314,0.1314
imagenet_mnv2_050_crop_free_k3,imagenet,margin_drop,oat:ddof=0,ddof,0,cell,r2/c1,10000,1.0,0.1919,0.1919
imagenet_mnv2_050_crop_free_k3,imagenet,margin_drop,oat:ddof=0,ddof,0,cell,r2/c2,10000,1.0,0.1925,0.1925
imagenet_mnv2_050_crop_free_k3,imagenet,margin_drop,oat:ddof=0,ddof,0,cell,r2/c3,10000,1.0,0.1372,0.1372
imagenet_mnv2_050_crop_free_k3,imagenet,margin_drop,oat:ddof=0,ddof,0,cell,r3/c0,10000,1.0,0.1237,0.1237
imagenet_mnv2_050_crop_free_k3,imagenet,margin_drop,oat:ddof=0,ddof,0,cell,r3/c1,10000,1.0,0.139,0.139
imagenet_mnv2_050_crop_free_k3,imagenet,margin_drop,oat:ddof=0,ddof,0,cell,r3/c2,10000,1.0,0.1358,0.1358
imagenet_mnv2_050_crop_free_k3,imagenet,margin_drop,oat:ddof=0,ddof,0,cell,r3/c3,10000,1.0,0.1137,0.1137
imagenet_mnv2_050_crop_free_k3,imagenet,margin_drop,oat:ddof=0,ddof,0,cell_type,center,40000,1.0,0.1954,0.1954
imagenet_mnv2_050_crop_free_k3,imagenet,margin_drop,oat:ddof=0,ddof,0,cell_type,corner,40000,1.0,0.11475,0.11475
imagenet_mnv2_050_crop_free_k3,imagenet,margin_drop,oat:ddof=0,ddof,0,cell_type,edge,80000,1.0,0.1357375,0.1357375
imagenet_mnv2_050_crop_free_k3,imagenet,margin_drop,oat:ddof=1,ddof,1,cell,r0/c0,10000,0.9812,0.1103,0.0915
imagenet_mnv2_050_crop_free_k3,imagenet,margin_drop,oat:ddof=1,ddof,1,cell,r0/c1,10000,0.9795,0.1412,0.1207
imagenet_mnv2_050_crop_free_k3,imagenet,margin_drop,oat:ddof=1,ddof,1,cell,r0/c2,10000,0.979,0.1378,0.1168
imagenet_mnv2_050_crop_free_k3,imagenet,margin_drop,oat:ddof=1,ddof,1,cell,r0/c3,10000,0.9805,0.1113,0.0918
imagenet_mnv2_050_crop_free_k3,imagenet,margin_drop,oat:ddof=1,ddof,1,cell,r1/c0,10000,0.9791,0.1355,0.1146
imagenet_mnv2_050_crop_free_k3,imagenet,margin_drop,oat:ddof=1,ddof,1,cell,r1/c1,10000,0.9791,0.1977,0.1768
imagenet_mnv2_050_crop_free_k3,imagenet,margin_drop,oat:ddof=1,ddof,1,cell,r1/c2,10000,0.9779,0.1995,0.1774
imagenet_mnv2_050_crop_free_k3,imagenet,margin_drop,oat:ddof=1,ddof,1,cell,r1/c3,10000,0.9789,0.128,0.1069
imagenet_mnv2_050_crop_free_k3,imagenet,margin_drop,oat:ddof=1,ddof,1,cell,r2/c0,10000,0.9804,0.1314,0.1118
imagenet_mnv2_050_crop_free_k3,imagenet,margin_drop,oat:ddof=1,ddof,1,cell,r2/c1,10000,0.9804,0.1919,0.1723
imagenet_mnv2_050_crop_free_k3,imagenet,margin_drop,oat:ddof=1,ddof,1,cell,r2/c2,10000,0.978,0.1925,0.1705
imagenet_mnv2_050_crop_free_k3,imagenet,margin_drop,oat:ddof=1,ddof,1,cell,r2/c3,10000,0.9787,0.1372,0.1159
imagenet_mnv2_050_crop_free_k3,imagenet,margin_drop,oat:ddof=1,ddof,1,cell,r3/c0,10000,0.9795,0.1237,0.1032
imagenet_mnv2_050_crop_free_k3,imagenet,margin_drop,oat:ddof=1,ddof,1,cell,r3/c1,10000,0.9789,0.139,0.1179
imagenet_mnv2_050_crop_free_k3,imagenet,margin_drop,oat:ddof=1,ddof,1,cell,r3/c2,10000,0.9789,0.1358,0.1147
imagenet_mnv2_050_crop_free_k3,imagenet,margin_drop,oat:ddof=1,ddof,1,cell,r3/c3,10000,0.9803,0.1137,0.094
imagenet_mnv2_050_crop_free_k3,imagenet,margin_drop,oat:ddof=1,ddof,1,cell_type,center,40000,0.97885,0.1954,0.17425
imagenet_mnv2_050_crop_free_k3,imagenet,margin_drop,oat:ddof=1,ddof,1,cell_type,corner,40000,0.980375,0.11475,0.095125
imagenet_mnv2_050_crop_free_k3,imagenet,margin_drop,oat:ddof=1,ddof,1,cell_type,edge,80000,0.979175,0.1357375,0.1149125
imagenet_mnv2_050_crop_free_k3,imagenet,margin_drop,oat:std_floor_beta=0.0,std_floor_beta,0.0,cell,r0/c0,10000,1.0,0.1103,0.1103
imagenet_mnv2_050_crop_free_k3,imagenet,margin_drop,oat:std_floor_beta=0.0,std_floor_beta,0.0,cell,r0/c1,10000,1.0,0.1412,0.1412
imagenet_mnv2_050_crop_free_k3,imagenet,margin_drop,oat:std_floor_beta=0.0,std_floor_beta,0.0,cell,r0/c2,10000,1.0,0.1378,0.1378
imagenet_mnv2_050_crop_free_k3,imagenet,margin_drop,oat:std_floor_beta=0.0,std_floor_beta,0.0,cell,r0/c3,10000,1.0,0.1113,0.1113
imagenet_mnv2_050_crop_free_k3,imagenet,margin_drop,oat:std_floor_beta=0.0,std_floor_beta,0.0,cell,r1/c0,10000,1.0,0.1355,0.1355
imagenet_mnv2_050_crop_free_k3,imagenet,margin_drop,oat:std_floor_beta=0.0,std_floor_beta,0.0,cell,r1/c1,10000,1.0,0.1977,0.1977
imagenet_mnv2_050_crop_free_k3,imagenet,margin_drop,oat:std_floor_beta=0.0,std_floor_beta,0.0,cell,r1/c2,10000,1.0,0.1995,0.1995
imagenet_mnv2_050_crop_free_k3,imagenet,margin_drop,oat:std_floor_beta=0.0,std_floor_beta,0.0,cell,r1/c3,10000,1.0,0.128,0.128
imagenet_mnv2_050_crop_free_k3,imagenet,margin_drop,oat:std_floor_beta=0.0,std_floor_beta,0.0,cell,r2/c0,10000,1.0,0.1314,0.1314
imagenet_mnv2_050_crop_free_k3,imagenet,margin_drop,oat:std_floor_beta=0.0,std_floor_beta,0.0,cell,r2/c1,10000,1.0,0.1919,0.1919
imagenet_mnv2_050_crop_free_k3,imagenet,margin_drop,oat:std_floor_beta=0.0,std_floor_beta,0.0,cell,r2/c2,10000,1.0,0.1925,0.1925
imagenet_mnv2_050_crop_free_k3,imagenet,margin_drop,oat:std_floor_beta=0.0,std_floor_beta,0.0,cell,r2/c3,10000,1.0,0.1372,0.1372
imagenet_mnv2_050_crop_free_k3,imagenet,margin_drop,oat:std_floor_beta=0.0,std_floor_beta,0.0,cell,r3/c0,10000,1.0,0.1237,0.1237
imagenet_mnv2_050_crop_free_k3,imagenet,margin_drop,oat:std_floor_beta=0.0,std_floor_beta,0.0,cell,r3/c1,10000,1.0,0.139,0.139
imagenet_mnv2_050_crop_free_k3,imagenet,margin_drop,oat:std_floor_beta=0.0,std_floor_beta,0.0,cell,r3/c2,10000,1.0,0.1358,0.1358
imagenet_mnv2_050_crop_free_k3,imagenet,margin_drop,oat:std_floor_beta=0.0,std_floor_beta,0.0,cell,r3/c3,10000,1.0,0.1137,0.1137
imagenet_mnv2_050_crop_free_k3,imagenet,margin_drop,oat:std_floor_beta=0.0,std_floor_beta,0.0,cell_type,center,40000,1.0,0.1954,0.1954
imagenet_mnv2_050_crop_free_k3,imagenet,margin_drop,oat:std_floor_beta=0.0,std_floor_beta,0.0,cell_type,corner,40000,1.0,0.11475,0.11475
imagenet_mnv2_050_crop_free_k3,imagenet,margin_drop,oat:std_floor_beta=0.0,std_floor_beta,0.0,cell_type,edge,80000,1.0,0.1357375,0.1357375
imagenet_mnv2_050_crop_free_k3,imagenet,margin_drop,oat:std_floor_beta=0.1,std_floor_beta,0.1,cell,r0/c0,10000,0.998,0.1103,0.1083
imagenet_mnv2_050_crop_free_k3,imagenet,margin_drop,oat:std_floor_beta=0.1,std_floor_beta,0.1,cell,r0/c1,10000,0.9979,0.1412,0.1391
imagenet_mnv2_050_crop_free_k3,imagenet,margin_drop,oat:std_floor_beta=0.1,std_floor_beta,0.1,cell,r0/c2,10000,0.9983,0.1378,0.1361
imagenet_mnv2_050_crop_free_k3,imagenet,margin_drop,oat:std_floor_beta=0.1,std_floor_beta,0.1,cell,r0/c3,10000,0.9966,0.1113,0.1079
imagenet_mnv2_050_crop_free_k3,imagenet,margin_drop,oat:std_floor_beta=0.1,std_floor_beta,0.1,cell,r1/c0,10000,0.9986,0.1355,0.1341
imagenet_mnv2_050_crop_free_k3,imagenet,margin_drop,oat:std_floor_beta=0.1,std_floor_beta,0.1,cell,r1/c1,10000,0.9983,0.1977,0.196
imagenet_mnv2_050_crop_free_k3,imagenet,margin_drop,oat:std_floor_beta=0.1,std_floor_beta,0.1,cell,r1/c2,10000,0.9983,0.1995,0.1978
imagenet_mnv2_050_crop_free_k3,imagenet,margin_drop,oat:std_floor_beta=0.1,std_floor_beta,0.1,cell,r1/c3,10000,0.9977,0.128,0.1257
imagenet_mnv2_050_crop_free_k3,imagenet,margin_drop,oat:std_floor_beta=0.1,std_floor_beta,0.1,cell,r2/c0,10000,0.9984,0.1314,0.1298
imagenet_mnv2_050_crop_free_k3,imagenet,margin_drop,oat:std_floor_beta=0.1,std_floor_beta,0.1,cell,r2/c1,10000,0.9984,0.1919,0.1903
imagenet_mnv2_050_crop_free_k3,imagenet,margin_drop,oat:std_floor_beta=0.1,std_floor_beta,0.1,cell,r2/c2,10000,0.9971,0.1925,0.1896
imagenet_mnv2_050_crop_free_k3,imagenet,margin_drop,oat:std_floor_beta=0.1,std_floor_beta,0.1,cell,r2/c3,10000,0.9968,0.1372,0.134
imagenet_mnv2_050_crop_free_k3,imagenet,margin_drop,oat:std_floor_beta=0.1,std_floor_beta,0.1,cell,r3/c0,10000,0.9986,0.1237,0.1223
imagenet_mnv2_050_crop_free_k3,imagenet,margin_drop,oat:std_floor_beta=0.1,std_floor_beta,0.1,cell,r3/c1,10000,0.9976,0.139,0.1366
imagenet_mnv2_050_crop_free_k3,imagenet,margin_drop,oat:std_floor_beta=0.1,std_floor_beta,0.1,cell,r3/c2,10000,0.9976,0.1358,0.1334
imagenet_mnv2_050_crop_free_k3,imagenet,margin_drop,oat:std_floor_beta=0.1,std_floor_beta,0.1,cell,r3/c3,10000,0.9972,0.1137,0.1109
imagenet_mnv2_050_crop_free_k3,imagenet,margin_drop,oat:std_floor_beta=0.1,std_floor_beta,0.1,cell_type,center,40000,0.998025,0.1954,0.193425
imagenet_mnv2_050_crop_free_k3,imagenet,margin_drop,oat:std_floor_beta=0.1,std_floor_beta,0.1,cell_type,corner,40000,0.9976,0.11475,0.11235
imagenet_mnv2_050_crop_free_k3,imagenet,margin_drop,oat:std_floor_beta=0.1,std_floor_beta,0.1,cell_type,edge,80000,0.9978625,0.1357375,0.1336
imagenet_mnv2_050_crop_free_k3,imagenet,margin_drop,oat:std_floor_beta=0.25,std_floor_beta,0.25,cell,r0/c0,10000,0.9879,0.1103,0.0982
imagenet_mnv2_050_crop_free_k3,imagenet,margin_drop,oat:std_floor_beta=0.25,std_floor_beta,0.25,cell,r0/c1,10000,0.988,0.1412,0.1292
imagenet_mnv2_050_crop_free_k3,imagenet,margin_drop,oat:std_floor_beta=0.25,std_floor_beta,0.25,cell,r0/c2,10000,0.9882,0.1378,0.126
imagenet_mnv2_050_crop_free_k3,imagenet,margin_drop,oat:std_floor_beta=0.25,std_floor_beta,0.25,cell,r0/c3,10000,0.9862,0.1113,0.0975
imagenet_mnv2_050_crop_free_k3,imagenet,margin_drop,oat:std_floor_beta=0.25,std_floor_beta,0.25,cell,r1/c0,10000,0.9868,0.1355,0.1223
imagenet_mnv2_050_crop_free_k3,imagenet,margin_drop,oat:std_floor_beta=0.25,std_floor_beta,0.25,cell,r1/c1,10000,0.9884,0.1977,0.1861
imagenet_mnv2_050_crop_free_k3,imagenet,margin_drop,oat:std_floor_beta=0.25,std_floor_beta,0.25,cell,r1/c2,10000,0.9885,0.1995,0.188
imagenet_mnv2_050_crop_free_k3,imagenet,margin_drop,oat:std_floor_beta=0.25,std_floor_beta,0.25,cell,r1/c3,10000,0.9855,0.128,0.1135
imagenet_mnv2_050_crop_free_k3,imagenet,margin_drop,oat:std_floor_beta=0.25,std_floor_beta,0.25,cell,r2/c0,10000,0.9874,0.1314,0.1188
imagenet_mnv2_050_crop_free_k3,imagenet,margin_drop,oat:std_floor_beta=0.25,std_floor_beta,0.25,cell,r2/c1,10000,0.9906,0.1919,0.1825
imagenet_mnv2_050_crop_free_k3,imagenet,margin_drop,oat:std_floor_beta=0.25,std_floor_beta,0.25,cell,r2/c2,10000,0.9881,0.1925,0.1806
imagenet_mnv2_050_crop_free_k3,imagenet,margin_drop,oat:std_floor_beta=0.25,std_floor_beta,0.25,cell,r2/c3,10000,0.9837,0.1372,0.1209
imagenet_mnv2_050_crop_free_k3,imagenet,margin_drop,oat:std_floor_beta=0.25,std_floor_beta,0.25,cell,r3/c0,10000,0.9861,0.1237,0.1098
imagenet_mnv2_050_crop_free_k3,imagenet,margin_drop,oat:std_floor_beta=0.25,std_floor_beta,0.25,cell,r3/c1,10000,0.9851,0.139,0.1241
imagenet_mnv2_050_crop_free_k3,imagenet,margin_drop,oat:std_floor_beta=0.25,std_floor_beta,0.25,cell,r3/c2,10000,0.9865,0.1358,0.1223
imagenet_mnv2_050_crop_free_k3,imagenet,margin_drop,oat:std_floor_beta=0.25,std_floor_beta,0.25,cell,r3/c3,10000,0.9871,0.1137,0.1008
imagenet_mnv2_050_crop_free_k3,imagenet,margin_drop,oat:std_floor_beta=0.25,std_floor_beta,0.25,cell_type,center,40000,0.9889,0.1954,0.1843
imagenet_mnv2_050_crop_free_k3,imagenet,margin_drop,oat:std_floor_beta=0.25,std_floor_beta,0.25,cell_type,corner,40000,0.986825,0.11475,0.101575
imagenet_mnv2_050_crop_free_k3,imagenet,margin_drop,oat:std_floor_beta=0.25,std_floor_beta,0.25,cell_type,edge,80000,0.9864,0.1357375,0.1221375
imagenet_mnv2_050_crop_free_k3,imagenet,margin_drop,preset:lenient,preset,lenient,cell,r0/c0,10000,0.9718,0.1103,0.1385
imagenet_mnv2_050_crop_free_k3,imagenet,margin_drop,preset:lenient,preset,lenient,cell,r0/c1,10000,0.9719,0.1412,0.1693
imagenet_mnv2_050_crop_free_k3,imagenet,margin_drop,preset:lenient,preset,lenient,cell,r0/c2,10000,0.9718,0.1378,0.166
imagenet_mnv2_050_crop_free_k3,imagenet,margin_drop,preset:lenient,preset,lenient,cell,r0/c3,10000,0.9711,0.1113,0.1402
imagenet_mnv2_050_crop_free_k3,imagenet,margin_drop,preset:lenient,preset,lenient,cell,r1/c0,10000,0.9684,0.1355,0.1671
imagenet_mnv2_050_crop_free_k3,imagenet,margin_drop,preset:lenient,preset,lenient,cell,r1/c1,10000,0.9734,0.1977,0.2243
imagenet_mnv2_050_crop_free_k3,imagenet,margin_drop,preset:lenient,preset,lenient,cell,r1/c2,10000,0.9734,0.1995,0.2261
imagenet_mnv2_050_crop_free_k3,imagenet,margin_drop,preset:lenient,preset,lenient,cell,r1/c3,10000,0.9665,0.128,0.1615
imagenet_mnv2_050_crop_free_k3,imagenet,margin_drop,preset:lenient,preset,lenient,cell,r2/c0,10000,0.9705,0.1314,0.1609
imagenet_mnv2_050_crop_free_k3,imagenet,margin_drop,preset:lenient,preset,lenient,cell,r2/c1,10000,0.9743,0.1919,0.2176
imagenet_mnv2_050_crop_free_k3,imagenet,margin_drop,preset:lenient,preset,lenient,cell,r2/c2,10000,0.9754,0.1925,0.2171
imagenet_mnv2_050_crop_free_k3,imagenet,margin_drop,preset:lenient,preset,lenient,cell,r2/c3,10000,0.9727,0.1372,0.1645
imagenet_mnv2_050_crop_free_k3,imagenet,margin_drop,preset:lenient,preset,lenient,cell,r3/c0,10000,0.9734,0.1237,0.1503
imagenet_mnv2_050_crop_free_k3,imagenet,margin_drop,preset:lenient,preset,lenient,cell,r3/c1,10000,0.9716,0.139,0.1674
imagenet_mnv2_050_crop_free_k3,imagenet,margin_drop,preset:lenient,preset,lenient,cell,r3/c2,10000,0.9724,0.1358,0.1634
imagenet_mnv2_050_crop_free_k3,imagenet,margin_drop,preset:lenient,preset,lenient,cell,r3/c3,10000,0.9729,0.1137,0.1408
imagenet_mnv2_050_crop_free_k3,imagenet,margin_drop,preset:lenient,preset,lenient,cell_type,center,40000,0.974125,0.1954,0.221275
imagenet_mnv2_050_crop_free_k3,imagenet,margin_drop,preset:lenient,preset,lenient,cell_type,corner,40000,0.9723,0.11475,0.14245
imagenet_mnv2_050_crop_free_k3,imagenet,margin_drop,preset:lenient,preset,lenient,cell_type,edge,80000,0.970725,0.1357375,0.1650125
imagenet_mnv2_050_crop_free_k3,imagenet,margin_drop,preset:conservative,preset,conservative,cell,r0/c0,10000,0.9074,0.1103,0.0524
imagenet_mnv2_050_crop_free_k3,imagenet,margin_drop,preset:conservative,preset,conservative,cell,r0/c1,10000,0.9048,0.1412,0.0746
imagenet_mnv2_050_crop_free_k3,imagenet,margin_drop,preset:conservative,preset,conservative,cell,r0/c2,10000,0.91,0.1378,0.0716
imagenet_mnv2_050_crop_free_k3,imagenet,margin_drop,preset:conservative,preset,conservative,cell,r0/c3,10000,0.9012,0.1113,0.0506
imagenet_mnv2_050_crop_free_k3,imagenet,margin_drop,preset:conservative,preset,conservative,cell,r1/c0,10000,0.9068,0.1355,0.0674
imagenet_mnv2_050_crop_free_k3,imagenet,margin_drop,preset:conservative,preset,conservative,cell,r1/c1,10000,0.9091,0.1977,0.1225
imagenet_mnv2_050_crop_free_k3,imagenet,margin_drop,preset:conservative,preset,conservative,cell,r1/c2,10000,0.9075,0.1995,0.1223
imagenet_mnv2_050_crop_free_k3,imagenet,margin_drop,preset:conservative,preset,conservative,cell,r1/c3,10000,0.9097,0.128,0.0646
imagenet_mnv2_050_crop_free_k3,imagenet,margin_drop,preset:conservative,preset,conservative,cell,r2/c0,10000,0.911,0.1314,0.0667
imagenet_mnv2_050_crop_free_k3,imagenet,margin_drop,preset:conservative,preset,conservative,cell,r2/c1,10000,0.9132,0.1919,0.1181
imagenet_mnv2_050_crop_free_k3,imagenet,margin_drop,preset:conservative,preset,conservative,cell,r2/c2,10000,0.9083,0.1925,0.1156
imagenet_mnv2_050_crop_free_k3,imagenet,margin_drop,preset:conservative,preset,conservative,cell,r2/c3,10000,0.9038,0.1372,0.0676
imagenet_mnv2_050_crop_free_k3,imagenet,margin_drop,preset:conservative,preset,conservative,cell,r3/c0,10000,0.8992,0.1237,0.0595
imagenet_mnv2_050_crop_free_k3,imagenet,margin_drop,preset:conservative,preset,conservative,cell,r3/c1,10000,0.907,0.139,0.0704
imagenet_mnv2_050_crop_free_k3,imagenet,margin_drop,preset:conservative,preset,conservative,cell,r3/c2,10000,0.9065,0.1358,0.0675
imagenet_mnv2_050_crop_free_k3,imagenet,margin_drop,preset:conservative,preset,conservative,cell,r3/c3,10000,0.9016,0.1137,0.0516
imagenet_mnv2_050_crop_free_k3,imagenet,margin_drop,preset:conservative,preset,conservative,cell_type,center,40000,0.909525,0.1954,0.119625
imagenet_mnv2_050_crop_free_k3,imagenet,margin_drop,preset:conservative,preset,conservative,cell_type,corner,40000,0.90235,0.11475,0.053525
imagenet_mnv2_050_crop_free_k3,imagenet,margin_drop,preset:conservative,preset,conservative,cell_type,edge,80000,0.90745,0.1357375,0.0688
imagenet_mnv2_050_crop_free_k3,imagenet,margin_drop,alt:zero_abstain:sign_alpha=0.01,zero_abstain_alpha,0.01,cell,r0/c0,10000,0.9893,0.1103,0.1132
imagenet_mnv2_050_crop_free_k3,imagenet,margin_drop,alt:zero_abstain:sign_alpha=0.01,zero_abstain_alpha,0.01,cell,r0/c1,10000,0.994,0.1412,0.1428
imagenet_mnv2_050_crop_free_k3,imagenet,margin_drop,alt:zero_abstain:sign_alpha=0.01,zero_abstain_alpha,0.01,cell,r0/c2,10000,0.9944,0.1378,0.1395
imagenet_mnv2_050_crop_free_k3,imagenet,margin_drop,alt:zero_abstain:sign_alpha=0.01,zero_abstain_alpha,0.01,cell,r0/c3,10000,0.9915,0.1113,0.1137
imagenet_mnv2_050_crop_free_k3,imagenet,margin_drop,alt:zero_abstain:sign_alpha=0.01,zero_abstain_alpha,0.01,cell,r1/c0,10000,0.9919,0.1355,0.1373
imagenet_mnv2_050_crop_free_k3,imagenet,margin_drop,alt:zero_abstain:sign_alpha=0.01,zero_abstain_alpha,0.01,cell,r1/c1,10000,0.9959,0.1977,0.199
imagenet_mnv2_050_crop_free_k3,imagenet,margin_drop,alt:zero_abstain:sign_alpha=0.01,zero_abstain_alpha,0.01,cell,r1/c2,10000,0.9965,0.1995,0.2012
imagenet_mnv2_050_crop_free_k3,imagenet,margin_drop,alt:zero_abstain:sign_alpha=0.01,zero_abstain_alpha,0.01,cell,r1/c3,10000,0.9925,0.128,0.1302
imagenet_mnv2_050_crop_free_k3,imagenet,margin_drop,alt:zero_abstain:sign_alpha=0.01,zero_abstain_alpha,0.01,cell,r2/c0,10000,0.9929,0.1314,0.134
imagenet_mnv2_050_crop_free_k3,imagenet,margin_drop,alt:zero_abstain:sign_alpha=0.01,zero_abstain_alpha,0.01,cell,r2/c1,10000,0.9948,0.1919,0.1947
imagenet_mnv2_050_crop_free_k3,imagenet,margin_drop,alt:zero_abstain:sign_alpha=0.01,zero_abstain_alpha,0.01,cell,r2/c2,10000,0.9957,0.1925,0.1943
imagenet_mnv2_050_crop_free_k3,imagenet,margin_drop,alt:zero_abstain:sign_alpha=0.01,zero_abstain_alpha,0.01,cell,r2/c3,10000,0.994,0.1372,0.1387
imagenet_mnv2_050_crop_free_k3,imagenet,margin_drop,alt:zero_abstain:sign_alpha=0.01,zero_abstain_alpha,0.01,cell,r3/c0,10000,0.9891,0.1237,0.1263
imagenet_mnv2_050_crop_free_k3,imagenet,margin_drop,alt:zero_abstain:sign_alpha=0.01,zero_abstain_alpha,0.01,cell,r3/c1,10000,0.9931,0.139,0.1407
imagenet_mnv2_050_crop_free_k3,imagenet,margin_drop,alt:zero_abstain:sign_alpha=0.01,zero_abstain_alpha,0.01,cell,r3/c2,10000,0.9922,0.1358,0.138
imagenet_mnv2_050_crop_free_k3,imagenet,margin_drop,alt:zero_abstain:sign_alpha=0.01,zero_abstain_alpha,0.01,cell,r3/c3,10000,0.989,0.1137,0.1156
imagenet_mnv2_050_crop_free_k3,imagenet,margin_drop,alt:zero_abstain:sign_alpha=0.01,zero_abstain_alpha,0.01,cell_type,center,40000,0.995725,0.1954,0.1973
imagenet_mnv2_050_crop_free_k3,imagenet,margin_drop,alt:zero_abstain:sign_alpha=0.01,zero_abstain_alpha,0.01,cell_type,corner,40000,0.989725,0.11475,0.1172
imagenet_mnv2_050_crop_free_k3,imagenet,margin_drop,alt:zero_abstain:sign_alpha=0.01,zero_abstain_alpha,0.01,cell_type,edge,80000,0.993125,0.1357375,0.13765
imagenet_mnv2_050_crop_free_k3,imagenet,margin_drop,alt:zero_abstain:sign_alpha=0.05,zero_abstain_alpha,0.05,cell,r0/c0,10000,0.9456,0.1103,0.1222
imagenet_mnv2_050_crop_free_k3,imagenet,margin_drop,alt:zero_abstain:sign_alpha=0.05,zero_abstain_alpha,0.05,cell,r0/c1,10000,0.9624,0.1412,0.1512
imagenet_mnv2_050_crop_free_k3,imagenet,margin_drop,alt:zero_abstain:sign_alpha=0.05,zero_abstain_alpha,0.05,cell,r0/c2,10000,0.9664,0.1378,0.1462
imagenet_mnv2_050_crop_free_k3,imagenet,margin_drop,alt:zero_abstain:sign_alpha=0.05,zero_abstain_alpha,0.05,cell,r0/c3,10000,0.9503,0.1113,0.1228
imagenet_mnv2_050_crop_free_k3,imagenet,margin_drop,alt:zero_abstain:sign_alpha=0.05,zero_abstain_alpha,0.05,cell,r1/c0,10000,0.9641,0.1355,0.142
imagenet_mnv2_050_crop_free_k3,imagenet,margin_drop,alt:zero_abstain:sign_alpha=0.05,zero_abstain_alpha,0.05,cell,r1/c1,10000,0.9744,0.1977,0.2058
imagenet_mnv2_050_crop_free_k3,imagenet,margin_drop,alt:zero_abstain:sign_alpha=0.05,zero_abstain_alpha,0.05,cell,r1/c2,10000,0.9774,0.1995,0.2086
imagenet_mnv2_050_crop_free_k3,imagenet,margin_drop,alt:zero_abstain:sign_alpha=0.05,zero_abstain_alpha,0.05,cell,r1/c3,10000,0.9605,0.128,0.137
imagenet_mnv2_050_crop_free_k3,imagenet,margin_drop,alt:zero_abstain:sign_alpha=0.05,zero_abstain_alpha,0.05,cell,r2/c0,10000,0.9598,0.1314,0.1416
imagenet_mnv2_050_crop_free_k3,imagenet,margin_drop,alt:zero_abstain:sign_alpha=0.05,zero_abstain_alpha,0.05,cell,r2/c1,10000,0.9732,0.1919,0.2019
imagenet_mnv2_050_crop_free_k3,imagenet,margin_drop,alt:zero_abstain:sign_alpha=0.05,zero_abstain_alpha,0.05,cell,r2/c2,10000,0.9767,0.1925,0.2006
imagenet_mnv2_050_crop_free_k3,imagenet,margin_drop,alt:zero_abstain:sign_alpha=0.05,zero_abstain_alpha,0.05,cell,r2/c3,10000,0.9629,0.1372,0.1453
imagenet_mnv2_050_crop_free_k3,imagenet,margin_drop,alt:zero_abstain:sign_alpha=0.05,zero_abstain_alpha,0.05,cell,r3/c0,10000,0.9498,0.1237,0.1339
imagenet_mnv2_050_crop_free_k3,imagenet,margin_drop,alt:zero_abstain:sign_alpha=0.05,zero_abstain_alpha,0.05,cell,r3/c1,10000,0.9629,0.139,0.147
imagenet_mnv2_050_crop_free_k3,imagenet,margin_drop,alt:zero_abstain:sign_alpha=0.05,zero_abstain_alpha,0.05,cell,r3/c2,10000,0.9632,0.1358,0.1443
imagenet_mnv2_050_crop_free_k3,imagenet,margin_drop,alt:zero_abstain:sign_alpha=0.05,zero_abstain_alpha,0.05,cell,r3/c3,10000,0.9466,0.1137,0.1252
imagenet_mnv2_050_crop_free_k3,imagenet,margin_drop,alt:zero_abstain:sign_alpha=0.05,zero_abstain_alpha,0.05,cell_type,center,40000,0.975425,0.1954,0.204225
imagenet_mnv2_050_crop_free_k3,imagenet,margin_drop,alt:zero_abstain:sign_alpha=0.05,zero_abstain_alpha,0.05,cell_type,corner,40000,0.948075,0.11475,0.126025
imagenet_mnv2_050_crop_free_k3,imagenet,margin_drop,alt:zero_abstain:sign_alpha=0.05,zero_abstain_alpha,0.05,cell_type,edge,80000,0.962775,0.1357375,0.144325
imagenet_mnv2_050_crop_free_k3,imagenet,margin_drop,alt:zero_abstain:sign_alpha=0.1,zero_abstain_alpha,0.1,cell,r0/c0,10000,0.8912,0.1103,0.1297
imagenet_mnv2_050_crop_free_k3,imagenet,margin_drop,alt:zero_abstain:sign_alpha=0.1,zero_abstain_alpha,0.1,cell,r0/c1,10000,0.9242,0.1412,0.1596
imagenet_mnv2_050_crop_free_k3,imagenet,margin_drop,alt:zero_abstain:sign_alpha=0.1,zero_abstain_alpha,0.1,cell,r0/c2,10000,0.9309,0.1378,0.1521
imagenet_mnv2_050_crop_free_k3,imagenet,margin_drop,alt:zero_abstain:sign_alpha=0.1,zero_abstain_alpha,0.1,cell,r0/c3,10000,0.8983,0.1113,0.1289
imagenet_mnv2_050_crop_free_k3,imagenet,margin_drop,alt:zero_abstain:sign_alpha=0.1,zero_abstain_alpha,0.1,cell,r1/c0,10000,0.9284,0.1355,0.1509
imagenet_mnv2_050_crop_free_k3,imagenet,margin_drop,alt:zero_abstain:sign_alpha=0.1,zero_abstain_alpha,0.1,cell,r1/c1,10000,0.9509,0.1977,0.2143
imagenet_mnv2_050_crop_free_k3,imagenet,margin_drop,alt:zero_abstain:sign_alpha=0.1,zero_abstain_alpha,0.1,cell,r1/c2,10000,0.9522,0.1995,0.2169
imagenet_mnv2_050_crop_free_k3,imagenet,margin_drop,alt:zero_abstain:sign_alpha=0.1,zero_abstain_alpha,0.1,cell,r1/c3,10000,0.9253,0.128,0.1427
imagenet_mnv2_050_crop_free_k3,imagenet,margin_drop,alt:zero_abstain:sign_alpha=0.1,zero_abstain_alpha,0.1,cell,r2/c0,10000,0.9181,0.1314,0.1503
imagenet_mnv2_050_crop_free_k3,imagenet,margin_drop,alt:zero_abstain:sign_alpha=0.1,zero_abstain_alpha,0.1,cell,r2/c1,10000,0.9489,0.1919,0.21
imagenet_mnv2_050_crop_free_k3,imagenet,margin_drop,alt:zero_abstain:sign_alpha=0.1,zero_abstain_alpha,0.1,cell,r2/c2,10000,0.952,0.1925,0.208
imagenet_mnv2_050_crop_free_k3,imagenet,margin_drop,alt:zero_abstain:sign_alpha=0.1,zero_abstain_alpha,0.1,cell,r2/c3,10000,0.9256,0.1372,0.1504
imagenet_mnv2_050_crop_free_k3,imagenet,margin_drop,alt:zero_abstain:sign_alpha=0.1,zero_abstain_alpha,0.1,cell,r3/c0,10000,0.903,0.1237,0.1404
imagenet_mnv2_050_crop_free_k3,imagenet,margin_drop,alt:zero_abstain:sign_alpha=0.1,zero_abstain_alpha,0.1,cell,r3/c1,10000,0.926,0.139,0.1543
imagenet_mnv2_050_crop_free_k3,imagenet,margin_drop,alt:zero_abstain:sign_alpha=0.1,zero_abstain_alpha,0.1,cell,r3/c2,10000,0.9245,0.1358,0.1519
imagenet_mnv2_050_crop_free_k3,imagenet,margin_drop,alt:zero_abstain:sign_alpha=0.1,zero_abstain_alpha,0.1,cell,r3/c3,10000,0.9021,0.1137,0.1308
imagenet_mnv2_050_crop_free_k3,imagenet,margin_drop,alt:zero_abstain:sign_alpha=0.1,zero_abstain_alpha,0.1,cell_type,center,40000,0.951,0.1954,0.2123
imagenet_mnv2_050_crop_free_k3,imagenet,margin_drop,alt:zero_abstain:sign_alpha=0.1,zero_abstain_alpha,0.1,cell_type,corner,40000,0.89865,0.11475,0.13245
imagenet_mnv2_050_crop_free_k3,imagenet,margin_drop,alt:zero_abstain:sign_alpha=0.1,zero_abstain_alpha,0.1,cell_type,edge,80000,0.925375,0.1357375,0.151525
imagenet_mnv2_050_crop_free_k3,imagenet,margin_drop,alt:zero_abstain:sign_alpha=0.25,zero_abstain_alpha,0.25,cell,r0/c0,10000,0.752,0.1103,0.1367
imagenet_mnv2_050_crop_free_k3,imagenet,margin_drop,alt:zero_abstain:sign_alpha=0.25,zero_abstain_alpha,0.25,cell,r0/c1,10000,0.8237,0.1412,0.1728
imagenet_mnv2_050_crop_free_k3,imagenet,margin_drop,alt:zero_abstain:sign_alpha=0.25,zero_abstain_alpha,0.25,cell,r0/c2,10000,0.8228,0.1378,0.1658
imagenet_mnv2_050_crop_free_k3,imagenet,margin_drop,alt:zero_abstain:sign_alpha=0.25,zero_abstain_alpha,0.25,cell,r0/c3,10000,0.7565,0.1113,0.1369
imagenet_mnv2_050_crop_free_k3,imagenet,margin_drop,alt:zero_abstain:sign_alpha=0.25,zero_abstain_alpha,0.25,cell,r1/c0,10000,0.819,0.1355,0.1606
imagenet_mnv2_050_crop_free_k3,imagenet,margin_drop,alt:zero_abstain:sign_alpha=0.25,zero_abstain_alpha,0.25,cell,r1/c1,10000,0.8831,0.1977,0.2354
imagenet_mnv2_050_crop_free_k3,imagenet,margin_drop,alt:zero_abstain:sign_alpha=0.25,zero_abstain_alpha,0.25,cell,r1/c2,10000,0.8815,0.1995,0.2368
imagenet_mnv2_050_crop_free_k3,imagenet,margin_drop,alt:zero_abstain:sign_alpha=0.25,zero_abstain_alpha,0.25,cell,r1/c3,10000,0.8121,0.128,0.1548
imagenet_mnv2_050_crop_free_k3,imagenet,margin_drop,alt:zero_abstain:sign_alpha=0.25,zero_abstain_alpha,0.25,cell,r2/c0,10000,0.8153,0.1314,0.1644
imagenet_mnv2_050_crop_free_k3,imagenet,margin_drop,alt:zero_abstain:sign_alpha=0.25,zero_abstain_alpha,0.25,cell,r2/c1,10000,0.8802,0.1919,0.2259
imagenet_mnv2_050_crop_free_k3,imagenet,margin_drop,alt:zero_abstain:sign_alpha=0.25,zero_abstain_alpha,0.25,cell,r2/c2,10000,0.8788,0.1925,0.225
imagenet_mnv2_050_crop_free_k3,imagenet,margin_drop,alt:zero_abstain:sign_alpha=0.25,zero_abstain_alpha,0.25,cell,r2/c3,10000,0.8137,0.1372,0.161
imagenet_mnv2_050_crop_free_k3,imagenet,margin_drop,alt:zero_abstain:sign_alpha=0.25,zero_abstain_alpha,0.25,cell,r3/c0,10000,0.7795,0.1237,0.1482
imagenet_mnv2_050_crop_free_k3,imagenet,margin_drop,alt:zero_abstain:sign_alpha=0.25,zero_abstain_alpha,0.25,cell,r3/c1,10000,0.8167,0.139,0.1692
imagenet_mnv2_050_crop_free_k3,imagenet,margin_drop,alt:zero_abstain:sign_alpha=0.25,zero_abstain_alpha,0.25,cell,r3/c2,10000,0.815,0.1358,0.1662
imagenet_mnv2_050_crop_free_k3,imagenet,margin_drop,alt:zero_abstain:sign_alpha=0.25,zero_abstain_alpha,0.25,cell,r3/c3,10000,0.7626,0.1137,0.1383
imagenet_mnv2_050_crop_free_k3,imagenet,margin_drop,alt:zero_abstain:sign_alpha=0.25,zero_abstain_alpha,0.25,cell_type,center,40000,0.8809,0.1954,0.230775
imagenet_mnv2_050_crop_free_k3,imagenet,margin_drop,alt:zero_abstain:sign_alpha=0.25,zero_abstain_alpha,0.25,cell_type,corner,40000,0.76265,0.11475,0.140025
imagenet_mnv2_050_crop_free_k3,imagenet,margin_drop,alt:zero_abstain:sign_alpha=0.25,zero_abstain_alpha,0.25,cell_type,edge,80000,0.8172875,0.1357375,0.16435
imagenet_mnv2_100_exact_k3,imagenet,margin_drop,default,default,,cell,r0/c0,10000,1.0,0.0916,0.0916
imagenet_mnv2_100_exact_k3,imagenet,margin_drop,default,default,,cell,r0/c1,10000,1.0,0.1375,0.1375
imagenet_mnv2_100_exact_k3,imagenet,margin_drop,default,default,,cell,r0/c2,10000,1.0,0.1354,0.1354
imagenet_mnv2_100_exact_k3,imagenet,margin_drop,default,default,,cell,r0/c3,10000,1.0,0.0861,0.0861
imagenet_mnv2_100_exact_k3,imagenet,margin_drop,default,default,,cell,r1/c0,10000,1.0,0.1201,0.1201
imagenet_mnv2_100_exact_k3,imagenet,margin_drop,default,default,,cell,r1/c1,10000,1.0,0.2213,0.2213
imagenet_mnv2_100_exact_k3,imagenet,margin_drop,default,default,,cell,r1/c2,10000,1.0,0.2138,0.2138
imagenet_mnv2_100_exact_k3,imagenet,margin_drop,default,default,,cell,r1/c3,10000,1.0,0.1144,0.1144
imagenet_mnv2_100_exact_k3,imagenet,margin_drop,default,default,,cell,r2/c0,10000,1.0,0.116,0.116
imagenet_mnv2_100_exact_k3,imagenet,margin_drop,default,default,,cell,r2/c1,10000,1.0,0.2141,0.2141
imagenet_mnv2_100_exact_k3,imagenet,margin_drop,default,default,,cell,r2/c2,10000,1.0,0.2155,0.2155
imagenet_mnv2_100_exact_k3,imagenet,margin_drop,default,default,,cell,r2/c3,10000,1.0,0.1132,0.1132
imagenet_mnv2_100_exact_k3,imagenet,margin_drop,default,default,,cell,r3/c0,10000,1.0,0.0886,0.0886
imagenet_mnv2_100_exact_k3,imagenet,margin_drop,default,default,,cell,r3/c1,10000,1.0,0.1344,0.1344
imagenet_mnv2_100_exact_k3,imagenet,margin_drop,default,default,,cell,r3/c2,10000,1.0,0.1329,0.1329
imagenet_mnv2_100_exact_k3,imagenet,margin_drop,default,default,,cell,r3/c3,10000,1.0,0.0938,0.0938
imagenet_mnv2_100_exact_k3,imagenet,margin_drop,default,default,,cell_type,center,40000,1.0,0.216175,0.216175
imagenet_mnv2_100_exact_k3,imagenet,margin_drop,default,default,,cell_type,corner,40000,1.0,0.090025,0.090025
imagenet_mnv2_100_exact_k3,imagenet,margin_drop,default,default,,cell_type,edge,80000,1.0,0.1254875,0.1254875
imagenet_mnv2_100_exact_k3,imagenet,margin_drop,oat:z_threshold=1.0,z_threshold,1.0,cell,r0/c0,10000,0.9109,0.0916,0.1807
imagenet_mnv2_100_exact_k3,imagenet,margin_drop,oat:z_threshold=1.0,z_threshold,1.0,cell,r0/c1,10000,0.9302,0.1375,0.2073
imagenet_mnv2_100_exact_k3,imagenet,margin_drop,oat:z_threshold=1.0,z_threshold,1.0,cell,r0/c2,10000,0.9298,0.1354,0.2056
imagenet_mnv2_100_exact_k3,imagenet,margin_drop,oat:z_threshold=1.0,z_threshold,1.0,cell,r0/c3,10000,0.9194,0.0861,0.1667
imagenet_mnv2_100_exact_k3,imagenet,margin_drop,oat:z_threshold=1.0,z_threshold,1.0,cell,r1/c0,10000,0.923,0.1201,0.1971
imagenet_mnv2_100_exact_k3,imagenet,margin_drop,oat:z_threshold=1.0,z_threshold,1.0,cell,r1/c1,10000,0.9577,0.2213,0.2636
imagenet_mnv2_100_exact_k3,imagenet,margin_drop,oat:z_threshold=1.0,z_threshold,1.0,cell,r1/c2,10000,0.9551,0.2138,0.2587
imagenet_mnv2_100_exact_k3,imagenet,margin_drop,oat:z_threshold=1.0,z_threshold,1.0,cell,r1/c3,10000,0.9222,0.1144,0.1922
imagenet_mnv2_100_exact_k3,imagenet,margin_drop,oat:z_threshold=1.0,z_threshold,1.0,cell,r2/c0,10000,0.9218,0.116,0.1942
imagenet_mnv2_100_exact_k3,imagenet,margin_drop,oat:z_threshold=1.0,z_threshold,1.0,cell,r2/c1,10000,0.9514,0.2141,0.2627
imagenet_mnv2_100_exact_k3,imagenet,margin_drop,oat:z_threshold=1.0,z_threshold,1.0,cell,r2/c2,10000,0.9508,0.2155,0.2647
imagenet_mnv2_100_exact_k3,imagenet,margin_drop,oat:z_threshold=1.0,z_threshold,1.0,cell,r2/c3,10000,0.9226,0.1132,0.1906
imagenet_mnv2_100_exact_k3,imagenet,margin_drop,oat:z_threshold=1.0,z_threshold,1.0,cell,r3/c0,10000,0.9107,0.0886,0.1779
imagenet_mnv2_100_exact_k3,imagenet,margin_drop,oat:z_threshold=1.0,z_threshold,1.0,cell,r3/c1,10000,0.9289,0.1344,0.2055
imagenet_mnv2_100_exact_k3,imagenet,margin_drop,oat:z_threshold=1.0,z_threshold,1.0,cell,r3/c2,10000,0.9221,0.1329,0.2108
imagenet_mnv2_100_exact_k3,imagenet,margin_drop,oat:z_threshold=1.0,z_threshold,1.0,cell,r3/c3,10000,0.9191,0.0938,0.1747
imagenet_mnv2_100_exact_k3,imagenet,margin_drop,oat:z_threshold=1.0,z_threshold,1.0,cell_type,center,40000,0.95375,0.216175,0.262425
imagenet_mnv2_100_exact_k3,imagenet,margin_drop,oat:z_threshold=1.0,z_threshold,1.0,cell_type,corner,40000,0.915025,0.090025,0.175
imagenet_mnv2_100_exact_k3,imagenet,margin_drop,oat:z_threshold=1.0,z_threshold,1.0,cell_type,edge,80000,0.925075,0.1254875,0.2004125
imagenet_mnv2_100_exact_k3,imagenet,margin_drop,oat:z_threshold=1.5,z_threshold,1.5,cell,r0/c0,10000,0.9619,0.0916,0.1297
imagenet_mnv2_100_exact_k3,imagenet,margin_drop,oat:z_threshold=1.5,z_threshold,1.5,cell,r0/c1,10000,0.9713,0.1375,0.1662
imagenet_mnv2_100_exact_k3,imagenet,margin_drop,oat:z_threshold=1.5,z_threshold,1.5,cell,r0/c2,10000,0.9683,0.1354,0.1671
imagenet_mnv2_100_exact_k3,imagenet,margin_drop,oat:z_threshold=1.5,z_threshold,1.5,cell,r0/c3,10000,0.9691,0.0861,0.117
imagenet_mnv2_100_exact_k3,imagenet,margin_drop,oat:z_threshold=1.5,z_threshold,1.5,cell,r1/c0,10000,0.9657,0.1201,0.1544
imagenet_mnv2_100_exact_k3,imagenet,margin_drop,oat:z_threshold=1.5,z_threshold,1.5,cell,r1/c1,10000,0.9809,0.2213,0.2404
imagenet_mnv2_100_exact_k3,imagenet,margin_drop,oat:z_threshold=1.5,z_threshold,1.5,cell,r1/c2,10000,0.9783,0.2138,0.2355
imagenet_mnv2_100_exact_k3,imagenet,margin_drop,oat:z_threshold=1.5,z_threshold,1.5,cell,r1/c3,10000,0.9647,0.1144,0.1497
imagenet_mnv2_100_exact_k3,imagenet,margin_drop,oat:z_threshold=1.5,z_threshold,1.5,cell,r2/c0,10000,0.9684,0.116,0.1476
imagenet_mnv2_100_exact_k3,imagenet,margin_drop,oat:z_threshold=1.5,z_threshold,1.5,cell,r2/c1,10000,0.9782,0.2141,0.2359
imagenet_mnv2_100_exact_k3,imagenet,margin_drop,oat:z_threshold=1.5,z_threshold,1.5,cell,r2/c2,10000,0.9783,0.2155,0.2372
imagenet_mnv2_100_exact_k3,imagenet,margin_drop,oat:z_threshold=1.5,z_threshold,1.5,cell,r2/c3,10000,0.9686,0.1132,0.1446
imagenet_mnv2_100_exact_k3,imagenet,margin_drop,oat:z_threshold=1.5,z_threshold,1.5,cell,r3/c0,10000,0.966,0.0886,0.1226
imagenet_mnv2_100_exact_k3,imagenet,margin_drop,oat:z_threshold=1.5,z_threshold,1.5,cell,r3/c1,10000,0.9702,0.1344,0.1642
imagenet_mnv2_100_exact_k3,imagenet,margin_drop,oat:z_threshold=1.5,z_threshold,1.5,cell,r3/c2,10000,0.9669,0.1329,0.166
imagenet_mnv2_100_exact_k3,imagenet,margin_drop,oat:z_threshold=1.5,z_threshold,1.5,cell,r3/c3,10000,0.9668,0.0938,0.127
imagenet_mnv2_100_exact_k3,imagenet,margin_drop,oat:z_threshold=1.5,z_threshold,1.5,cell_type,center,40000,0.978925,0.216175,0.23725
imagenet_mnv2_100_exact_k3,imagenet,margin_drop,oat:z_threshold=1.5,z_threshold,1.5,cell_type,corner,40000,0.96595,0.090025,0.124075
imagenet_mnv2_100_exact_k3,imagenet,margin_drop,oat:z_threshold=1.5,z_threshold,1.5,cell_type,edge,80000,0.9680125,0.1254875,0.157475
imagenet_mnv2_100_exact_k3,imagenet,margin_drop,oat:z_threshold=2.0,z_threshold,2.0,cell,r0/c0,10000,1.0,0.0916,0.0916
imagenet_mnv2_100_exact_k3,imagenet,margin_drop,oat:z_threshold=2.0,z_threshold,2.0,cell,r0/c1,10000,1.0,0.1375,0.1375
imagenet_mnv2_100_exact_k3,imagenet,margin_drop,oat:z_threshold=2.0,z_threshold,2.0,cell,r0/c2,10000,1.0,0.1354,0.1354
imagenet_mnv2_100_exact_k3,imagenet,margin_drop,oat:z_threshold=2.0,z_threshold,2.0,cell,r0/c3,10000,1.0,0.0861,0.0861
imagenet_mnv2_100_exact_k3,imagenet,margin_drop,oat:z_threshold=2.0,z_threshold,2.0,cell,r1/c0,10000,1.0,0.1201,0.1201
imagenet_mnv2_100_exact_k3,imagenet,margin_drop,oat:z_threshold=2.0,z_threshold,2.0,cell,r1/c1,10000,1.0,0.2213,0.2213
imagenet_mnv2_100_exact_k3,imagenet,margin_drop,oat:z_threshold=2.0,z_threshold,2.0,cell,r1/c2,10000,1.0,0.2138,0.2138
imagenet_mnv2_100_exact_k3,imagenet,margin_drop,oat:z_threshold=2.0,z_threshold,2.0,cell,r1/c3,10000,1.0,0.1144,0.1144
imagenet_mnv2_100_exact_k3,imagenet,margin_drop,oat:z_threshold=2.0,z_threshold,2.0,cell,r2/c0,10000,1.0,0.116,0.116
imagenet_mnv2_100_exact_k3,imagenet,margin_drop,oat:z_threshold=2.0,z_threshold,2.0,cell,r2/c1,10000,1.0,0.2141,0.2141
imagenet_mnv2_100_exact_k3,imagenet,margin_drop,oat:z_threshold=2.0,z_threshold,2.0,cell,r2/c2,10000,1.0,0.2155,0.2155
imagenet_mnv2_100_exact_k3,imagenet,margin_drop,oat:z_threshold=2.0,z_threshold,2.0,cell,r2/c3,10000,1.0,0.1132,0.1132
imagenet_mnv2_100_exact_k3,imagenet,margin_drop,oat:z_threshold=2.0,z_threshold,2.0,cell,r3/c0,10000,1.0,0.0886,0.0886
imagenet_mnv2_100_exact_k3,imagenet,margin_drop,oat:z_threshold=2.0,z_threshold,2.0,cell,r3/c1,10000,1.0,0.1344,0.1344
imagenet_mnv2_100_exact_k3,imagenet,margin_drop,oat:z_threshold=2.0,z_threshold,2.0,cell,r3/c2,10000,1.0,0.1329,0.1329
imagenet_mnv2_100_exact_k3,imagenet,margin_drop,oat:z_threshold=2.0,z_threshold,2.0,cell,r3/c3,10000,1.0,0.0938,0.0938
imagenet_mnv2_100_exact_k3,imagenet,margin_drop,oat:z_threshold=2.0,z_threshold,2.0,cell_type,center,40000,1.0,0.216175,0.216175
imagenet_mnv2_100_exact_k3,imagenet,margin_drop,oat:z_threshold=2.0,z_threshold,2.0,cell_type,corner,40000,1.0,0.090025,0.090025
imagenet_mnv2_100_exact_k3,imagenet,margin_drop,oat:z_threshold=2.0,z_threshold,2.0,cell_type,edge,80000,1.0,0.1254875,0.1254875
imagenet_mnv2_100_exact_k3,imagenet,margin_drop,oat:z_threshold=2.5,z_threshold,2.5,cell,r0/c0,10000,0.9789,0.0916,0.0705
imagenet_mnv2_100_exact_k3,imagenet,margin_drop,oat:z_threshold=2.5,z_threshold,2.5,cell,r0/c1,10000,0.9758,0.1375,0.1133
imagenet_mnv2_100_exact_k3,imagenet,margin_drop,oat:z_threshold=2.5,z_threshold,2.5,cell,r0/c2,10000,0.9754,0.1354,0.1108
imagenet_mnv2_100_exact_k3,imagenet,margin_drop,oat:z_threshold=2.5,z_threshold,2.5,cell,r0/c3,10000,0.977,0.0861,0.0631
imagenet_mnv2_100_exact_k3,imagenet,margin_drop,oat:z_threshold=2.5,z_threshold,2.5,cell,r1/c0,10000,0.9759,0.1201,0.096
imagenet_mnv2_100_exact_k3,imagenet,margin_drop,oat:z_threshold=2.5,z_threshold,2.5,cell,r1/c1,10000,0.9782,0.2213,0.1995
imagenet_mnv2_100_exact_k3,imagenet,margin_drop,oat:z_threshold=2.5,z_threshold,2.5,cell,r1/c2,10000,0.9786,0.2138,0.1924
imagenet_mnv2_100_exact_k3,imagenet,margin_drop,oat:z_threshold=2.5,z_threshold,2.5,cell,r1/c3,10000,0.9744,0.1144,0.0888
imagenet_mnv2_100_exact_k3,imagenet,margin_drop,oat:z_threshold=2.5,z_threshold,2.5,cell,r2/c0,10000,0.9787,0.116,0.0947
imagenet_mnv2_100_exact_k3,imagenet,margin_drop,oat:z_threshold=2.5,z_threshold,2.5,cell,r2/c1,10000,0.9771,0.2141,0.1912
imagenet_mnv2_100_exact_k3,imagenet,margin_drop,oat:z_threshold=2.5,z_threshold,2.5,cell,r2/c2,10000,0.9776,0.2155,0.1931
imagenet_mnv2_100_exact_k3,imagenet,margin_drop,oat:z_threshold=2.5,z_threshold,2.5,cell,r2/c3,10000,0.9783,0.1132,0.0915
imagenet_mnv2_100_exact_k3,imagenet,margin_drop,oat:z_threshold=2.5,z_threshold,2.5,cell,r3/c0,10000,0.9791,0.0886,0.0677
imagenet_mnv2_100_exact_k3,imagenet,margin_drop,oat:z_threshold=2.5,z_threshold,2.5,cell,r3/c1,10000,0.974,0.1344,0.1084
imagenet_mnv2_100_exact_k3,imagenet,margin_drop,oat:z_threshold=2.5,z_threshold,2.5,cell,r3/c2,10000,0.9764,0.1329,0.1093
imagenet_mnv2_100_exact_k3,imagenet,margin_drop,oat:z_threshold=2.5,z_threshold,2.5,cell,r3/c3,10000,0.977,0.0938,0.0708
imagenet_mnv2_100_exact_k3,imagenet,margin_drop,oat:z_threshold=2.5,z_threshold,2.5,cell_type,center,40000,0.977875,0.216175,0.19405
imagenet_mnv2_100_exact_k3,imagenet,margin_drop,oat:z_threshold=2.5,z_threshold,2.5,cell_type,corner,40000,0.978,0.090025,0.068025
imagenet_mnv2_100_exact_k3,imagenet,margin_drop,oat:z_threshold=2.5,z_threshold,2.5,cell_type,edge,80000,0.9761125,0.1254875,0.1016
imagenet_mnv2_100_exact_k3,imagenet,margin_drop,oat:z_threshold=3.0,z_threshold,3.0,cell,r0/c0,10000,0.9636,0.0916,0.0552
imagenet_mnv2_100_exact_k3,imagenet,margin_drop,oat:z_threshold=3.0,z_threshold,3.0,cell,r0/c1,10000,0.9584,0.1375,0.0959
imagenet_mnv2_100_exact_k3,imagenet,margin_drop,oat:z_threshold=3.0,z_threshold,3.0,cell,r0/c2,10000,0.9566,0.1354,0.092
imagenet_mnv2_100_exact_k3,imagenet,margin_drop,oat:z_threshold=3.0,z_threshold,3.0,cell,r0/c3,10000,0.9623,0.0861,0.0484
imagenet_mnv2_100_exact_k3,imagenet,margin_drop,oat:z_threshold=3.0,z_threshold,3.0,cell,r1/c0,10000,0.9578,0.1201,0.0779
imagenet_mnv2_100_exact_k3,imagenet,margin_drop,oat:z_threshold=3.0,z_threshold,3.0,cell,r1/c1,10000,0.9559,0.2213,0.1772
imagenet_mnv2_100_exact_k3,imagenet,margin_drop,oat:z_threshold=3.0,z_threshold,3.0,cell,r1/c2,10000,0.9582,0.2138,0.172
imagenet_mnv2_100_exact_k3,imagenet,margin_drop,oat:z_threshold=3.0,z_threshold,3.0,cell,r1/c3,10000,0.9579,0.1144,0.0723
imagenet_mnv2_100_exact_k3,imagenet,margin_drop,oat:z_threshold=3.0,z_threshold,3.0,cell,r2/c0,10000,0.9599,0.116,0.0759
imagenet_mnv2_100_exact_k3,imagenet,margin_drop,oat:z_threshold=3.0,z_threshold,3.0,cell,r2/c1,10000,0.957,0.2141,0.1711
imagenet_mnv2_100_exact_k3,imagenet,margin_drop,oat:z_threshold=3.0,z_threshold,3.0,cell,r2/c2,10000,0.9576,0.2155,0.1731
imagenet_mnv2_100_exact_k3,imagenet,margin_drop,oat:z_threshold=3.0,z_threshold,3.0,cell,r2/c3,10000,0.9597,0.1132,0.0729
imagenet_mnv2_100_exact_k3,imagenet,margin_drop,oat:z_threshold=3.0,z_threshold,3.0,cell,r3/c0,10000,0.964,0.0886,0.0526
imagenet_mnv2_100_exact_k3,imagenet,margin_drop,oat:z_threshold=3.0,z_threshold,3.0,cell,r3/c1,10000,0.9562,0.1344,0.0906
imagenet_mnv2_100_exact_k3,imagenet,margin_drop,oat:z_threshold=3.0,z_threshold,3.0,cell,r3/c2,10000,0.958,0.1329,0.0909
imagenet_mnv2_100_exact_k3,imagenet,margin_drop,oat:z_threshold=3.0,z_threshold,3.0,cell,r3/c3,10000,0.9622,0.0938,0.056
imagenet_mnv2_100_exact_k3,imagenet,margin_drop,oat:z_threshold=3.0,z_threshold,3.0,cell_type,center,40000,0.957175,0.216175,0.17335
imagenet_mnv2_100_exact_k3,imagenet,margin_drop,oat:z_threshold=3.0,z_threshold,3.0,cell_type,corner,40000,0.963025,0.090025,0.05305
imagenet_mnv2_100_exact_k3,imagenet,margin_drop,oat:z_threshold=3.0,z_threshold,3.0,cell_type,edge,80000,0.9580625,0.1254875,0.08355
imagenet_mnv2_100_exact_k3,imagenet,margin_drop,oat:z_threshold=4.0,z_threshold,4.0,cell,r0/c0,10000,0.9461,0.0916,0.0377
imagenet_mnv2_100_exact_k3,imagenet,margin_drop,oat:z_threshold=4.0,z_threshold,4.0,cell,r0/c1,10000,0.9338,0.1375,0.0713
imagenet_mnv2_100_exact_k3,imagenet,margin_drop,oat:z_threshold=4.0,z_threshold,4.0,cell,r0/c2,10000,0.9316,0.1354,0.067
imagenet_mnv2_100_exact_k3,imagenet,margin_drop,oat:z_threshold=4.0,z_threshold,4.0,cell,r0/c3,10000,0.9453,0.0861,0.0314
imagenet_mnv2_100_exact_k3,imagenet,margin_drop,oat:z_threshold=4.0,z_threshold,4.0,cell,r1/c0,10000,0.9346,0.1201,0.0547
imagenet_mnv2_100_exact_k3,imagenet,margin_drop,oat:z_threshold=4.0,z_threshold,4.0,cell,r1/c1,10000,0.9233,0.2213,0.1446
imagenet_mnv2_100_exact_k3,imagenet,margin_drop,oat:z_threshold=4.0,z_threshold,4.0,cell,r1/c2,10000,0.9256,0.2138,0.1394
imagenet_mnv2_100_exact_k3,imagenet,margin_drop,oat:z_threshold=4.0,z_threshold,4.0,cell,r1/c3,10000,0.9347,0.1144,0.0491
imagenet_mnv2_100_exact_k3,imagenet,margin_drop,oat:z_threshold=4.0,z_threshold,4.0,cell,r2/c0,10000,0.9351,0.116,0.0511
imagenet_mnv2_100_exact_k3,imagenet,margin_drop,oat:z_threshold=4.0,z_threshold,4.0,cell,r2/c1,10000,0.9209,0.2141,0.135
imagenet_mnv2_100_exact_k3,imagenet,margin_drop,oat:z_threshold=4.0,z_threshold,4.0,cell,r2/c2,10000,0.9259,0.2155,0.1414
imagenet_mnv2_100_exact_k3,imagenet,margin_drop,oat:z_threshold=4.0,z_threshold,4.0,cell,r2/c3,10000,0.9364,0.1132,0.0496
imagenet_mnv2_100_exact_k3,imagenet,margin_drop,oat:z_threshold=4.0,z_threshold,4.0,cell,r3/c0,10000,0.9466,0.0886,0.0352
imagenet_mnv2_100_exact_k3,imagenet,margin_drop,oat:z_threshold=4.0,z_threshold,4.0,cell,r3/c1,10000,0.9265,0.1344,0.0609
imagenet_mnv2_100_exact_k3,imagenet,margin_drop,oat:z_threshold=4.0,z_threshold,4.0,cell,r3/c2,10000,0.9333,0.1329,0.0662
imagenet_mnv2_100_exact_k3,imagenet,margin_drop,oat:z_threshold=4.0,z_threshold,4.0,cell,r3/c3,10000,0.9407,0.0938,0.0345
imagenet_mnv2_100_exact_k3,imagenet,margin_drop,oat:z_threshold=4.0,z_threshold,4.0,cell_type,center,40000,0.923925,0.216175,0.1401
imagenet_mnv2_100_exact_k3,imagenet,margin_drop,oat:z_threshold=4.0,z_threshold,4.0,cell_type,corner,40000,0.944675,0.090025,0.0347
imagenet_mnv2_100_exact_k3,imagenet,margin_drop,oat:z_threshold=4.0,z_threshold,4.0,cell_type,edge,80000,0.93325,0.1254875,0.0587375
imagenet_mnv2_100_exact_k3,imagenet,margin_drop,oat:sign_alpha=0.0,sign_alpha,0.0,cell,r0/c0,10000,1.0,0.0916,0.0916
imagenet_mnv2_100_exact_k3,imagenet,margin_drop,oat:sign_alpha=0.0,sign_alpha,0.0,cell,r0/c1,10000,1.0,0.1375,0.1375
imagenet_mnv2_100_exact_k3,imagenet,margin_drop,oat:sign_alpha=0.0,sign_alpha,0.0,cell,r0/c2,10000,1.0,0.1354,0.1354
imagenet_mnv2_100_exact_k3,imagenet,margin_drop,oat:sign_alpha=0.0,sign_alpha,0.0,cell,r0/c3,10000,1.0,0.0861,0.0861
imagenet_mnv2_100_exact_k3,imagenet,margin_drop,oat:sign_alpha=0.0,sign_alpha,0.0,cell,r1/c0,10000,1.0,0.1201,0.1201
imagenet_mnv2_100_exact_k3,imagenet,margin_drop,oat:sign_alpha=0.0,sign_alpha,0.0,cell,r1/c1,10000,1.0,0.2213,0.2213
imagenet_mnv2_100_exact_k3,imagenet,margin_drop,oat:sign_alpha=0.0,sign_alpha,0.0,cell,r1/c2,10000,1.0,0.2138,0.2138
imagenet_mnv2_100_exact_k3,imagenet,margin_drop,oat:sign_alpha=0.0,sign_alpha,0.0,cell,r1/c3,10000,1.0,0.1144,0.1144
imagenet_mnv2_100_exact_k3,imagenet,margin_drop,oat:sign_alpha=0.0,sign_alpha,0.0,cell,r2/c0,10000,1.0,0.116,0.116
imagenet_mnv2_100_exact_k3,imagenet,margin_drop,oat:sign_alpha=0.0,sign_alpha,0.0,cell,r2/c1,10000,1.0,0.2141,0.2141
imagenet_mnv2_100_exact_k3,imagenet,margin_drop,oat:sign_alpha=0.0,sign_alpha,0.0,cell,r2/c2,10000,1.0,0.2155,0.2155
imagenet_mnv2_100_exact_k3,imagenet,margin_drop,oat:sign_alpha=0.0,sign_alpha,0.0,cell,r2/c3,10000,1.0,0.1132,0.1132
imagenet_mnv2_100_exact_k3,imagenet,margin_drop,oat:sign_alpha=0.0,sign_alpha,0.0,cell,r3/c0,10000,1.0,0.0886,0.0886
imagenet_mnv2_100_exact_k3,imagenet,margin_drop,oat:sign_alpha=0.0,sign_alpha,0.0,cell,r3/c1,10000,1.0,0.1344,0.1344
imagenet_mnv2_100_exact_k3,imagenet,margin_drop,oat:sign_alpha=0.0,sign_alpha,0.0,cell,r3/c2,10000,1.0,0.1329,0.1329
imagenet_mnv2_100_exact_k3,imagenet,margin_drop,oat:sign_alpha=0.0,sign_alpha,0.0,cell,r3/c3,10000,1.0,0.0938,0.0938
imagenet_mnv2_100_exact_k3,imagenet,margin_drop,oat:sign_alpha=0.0,sign_alpha,0.0,cell_type,center,40000,1.0,0.216175,0.216175
imagenet_mnv2_100_exact_k3,imagenet,margin_drop,oat:sign_alpha=0.0,sign_alpha,0.0,cell_type,corner,40000,1.0,0.090025,0.090025
imagenet_mnv2_100_exact_k3,imagenet,margin_drop,oat:sign_alpha=0.0,sign_alpha,0.0,cell_type,edge,80000,1.0,0.1254875,0.1254875
imagenet_mnv2_100_exact_k3,imagenet,margin_drop,oat:sign_alpha=0.01,sign_alpha,0.01,cell,r0/c0,10000,0.9856,0.0916,0.0888
imagenet_mnv2_100_exact_k3,imagenet,margin_drop,oat:sign_alpha=0.01,sign_alpha,0.01,cell,r0/c1,10000,0.9942,0.1375,0.1366
imagenet_mnv2_100_exact_k3,imagenet,margin_drop,oat:sign_alpha=0.01,sign_alpha,0.01,cell,r0/c2,10000,0.9927,0.1354,0.133
imagenet_mnv2_100_exact_k3,imagenet,margin_drop,oat:sign_alpha=0.01,sign_alpha,0.01,cell,r0/c3,10000,0.9847,0.0861,0.0829
imagenet_mnv2_100_exact_k3,imagenet,margin_drop,oat:sign_alpha=0.01,sign_alpha,0.01,cell,r1/c0,10000,0.9913,0.1201,0.1184
imagenet_mnv2_100_exact_k3,imagenet,margin_drop,oat:sign_alpha=0.01,sign_alpha,0.01,cell,r1/c1,10000,0.9978,0.2213,0.2208
imagenet_mnv2_100_exact_k3,imagenet,margin_drop,oat:sign_alpha=0.01,sign_alpha,0.01,cell,r1/c2,10000,0.9972,0.2138,0.2127
imagenet_mnv2_100_exact_k3,imagenet,margin_drop,oat:sign_alpha=0.01,sign_alpha,0.01,cell,r1/c3,10000,0.9909,0.1144,0.1125
imagenet_mnv2_100_exact_k3,imagenet,margin_drop,oat:sign_alpha=0.01,sign_alpha,0.01,cell,r2/c0,10000,0.9925,0.116,0.1144
imagenet_mnv2_100_exact_k3,imagenet,margin_drop,oat:sign_alpha=0.01,sign_alpha,0.01,cell,r2/c1,10000,0.9966,0.2141,0.213
imagenet_mnv2_100_exact_k3,imagenet,margin_drop,oat:sign_alpha=0.01,sign_alpha,0.01,cell,r2/c2,10000,0.9976,0.2155,0.2145
imagenet_mnv2_100_exact_k3,imagenet,margin_drop,oat:sign_alpha=0.01,sign_alpha,0.01,cell,r2/c3,10000,0.9904,0.1132,0.1115
imagenet_mnv2_100_exact_k3,imagenet,margin_drop,oat:sign_alpha=0.01,sign_alpha,0.01,cell,r3/c0,10000,0.987,0.0886,0.0865
imagenet_mnv2_100_exact_k3,imagenet,margin_drop,oat:sign_alpha=0.01,sign_alpha,0.01,cell,r3/c1,10000,0.994,0.1344,0.1329
imagenet_mnv2_100_exact_k3,imagenet,margin_drop,oat:sign_alpha=0.01,sign_alpha,0.01,cell,r3/c2,10000,0.9931,0.1329,0.1311
imagenet_mnv2_100_exact_k3,imagenet,margin_drop,oat:sign_alpha=0.01,sign_alpha,0.01,cell,r3/c3,10000,0.985,0.0938,0.0909
imagenet_mnv2_100_exact_k3,imagenet,margin_drop,oat:sign_alpha=0.01,sign_alpha,0.01,cell_type,center,40000,0.9973,0.216175,0.21525
imagenet_mnv2_100_exact_k3,imagenet,margin_drop,oat:sign_alpha=0.01,sign_alpha,0.01,cell_type,corner,40000,0.985575,0.090025,0.087275
imagenet_mnv2_100_exact_k3,imagenet,margin_drop,oat:sign_alpha=0.01,sign_alpha,0.01,cell_type,edge,80000,0.9923875,0.1254875,0.1238
imagenet_mnv2_100_exact_k3,imagenet,margin_drop,oat:sign_alpha=0.05,sign_alpha,0.05,cell,r0/c0,10000,0.9348,0.0916,0.0777
imagenet_mnv2_100_exact_k3,imagenet,margin_drop,oat:sign_alpha=0.05,sign_alpha,0.05,cell,r0/c1,10000,0.9681,0.1375,0.1309
imagenet_mnv2_100_exact_k3,imagenet,margin_drop,oat:sign_alpha=0.05,sign_alpha,0.05,cell,r0/c2,10000,0.9676,0.1354,0.1275
imagenet_mnv2_100_exact_k3,imagenet,margin_drop,oat:sign_alpha=0.05,sign_alpha,0.05,cell,r0/c3,10000,0.9307,0.0861,0.0725
imagenet_mnv2_100_exact_k3,imagenet,margin_drop,oat:sign_alpha=0.05,sign_alpha,0.05,cell,r1/c0,10000,0.9611,0.1201,0.1123
imagenet_mnv2_100_exact_k3,imagenet,margin_drop,oat:sign_alpha=0.05,sign_alpha,0.05,cell,r1/c1,10000,0.9841,0.2213,0.2154
imagenet_mnv2_100_exact_k3,imagenet,margin_drop,oat:sign_alpha=0.05,sign_alpha,0.05,cell,r1/c2,10000,0.9874,0.2138,0.2095
imagenet_mnv2_100_exact_k3,imagenet,margin_drop,oat:sign_alpha=0.05,sign_alpha,0.05,cell,r1/c3,10000,0.9604,0.1144,0.1059
imagenet_mnv2_100_exact_k3,imagenet,margin_drop,oat:sign_alpha=0.05,sign_alpha,0.05,cell,r2/c0,10000,0.966,0.116,0.1092
imagenet_mnv2_100_exact_k3,imagenet,margin_drop,oat:sign_alpha=0.05,sign_alpha,0.05,cell,r2/c1,10000,0.9835,0.2141,0.2079
imagenet_mnv2_100_exact_k3,imagenet,margin_drop,oat:sign_alpha=0.05,sign_alpha,0.05,cell,r2/c2,10000,0.9852,0.2155,0.2103
imagenet_mnv2_100_exact_k3,imagenet,margin_drop,oat:sign_alpha=0.05,sign_alpha,0.05,cell,r2/c3,10000,0.9585,0.1132,0.105
imagenet_mnv2_100_exact_k3,imagenet,margin_drop,oat:sign_alpha=0.05,sign_alpha,0.05,cell,r3/c0,10000,0.939,0.0886,0.0787
imagenet_mnv2_100_exact_k3,imagenet,margin_drop,oat:sign_alpha=0.05,sign_alpha,0.05,cell,r3/c1,10000,0.9709,0.1344,0.1279
imagenet_mnv2_100_exact_k3,imagenet,margin_drop,oat:sign_alpha=0.05,sign_alpha,0.05,cell,r3/c2,10000,0.9701,0.1329,0.1256
imagenet_mnv2_100_exact_k3,imagenet,margin_drop,oat:sign_alpha=0.05,sign_alpha,0.05,cell,r3/c3,10000,0.9307,0.0938,0.0812
imagenet_mnv2_100_exact_k3,imagenet,margin_drop,oat:sign_alpha=0.05,sign_alpha,0.05,cell_type,center,40000,0.98505,0.216175,0.210775
imagenet_mnv2_100_exact_k3,imagenet,margin_drop,oat:sign_alpha=0.05,sign_alpha,0.05,cell_type,corner,40000,0.9338,0.090025,0.077525
imagenet_mnv2_100_exact_k3,imagenet,margin_drop,oat:sign_alpha=0.05,sign_alpha,0.05,cell_type,edge,80000,0.9653375,0.1254875,0.1180375
imagenet_mnv2_100_exact_k3,imagenet,margin_drop,oat:sign_alpha=0.1,sign_alpha,0.1,cell,r0/c0,10000,0.8802,0.0916,0.0704
imagenet_mnv2_100_exact_k3,imagenet,margin_drop,oat:sign_alpha=0.1,sign_alpha,0.1,cell,r0/c1,10000,0.9386,0.1375,0.1235
imagenet_mnv2_100_exact_k3,imagenet,margin_drop,oat:sign_alpha=0.1,sign_alpha,0.1,cell,r0/c2,10000,0.9408,0.1354,0.1207
imagenet_mnv2_100_exact_k3,imagenet,margin_drop,oat:sign_alpha=0.1,sign_alpha,0.1,cell,r0/c3,10000,0.8715,0.0861,0.0638
imagenet_mnv2_100_exact_k3,imagenet,margin_drop,oat:sign_alpha=0.1,sign_alpha,0.1,cell,r1/c0,10000,0.9296,0.1201,0.1056
imagenet_mnv2_100_exact_k3,imagenet,margin_drop,oat:sign_alpha=0.1,sign_alpha,0.1,cell,r1/c1,10000,0.9711,0.2213,0.2099
imagenet_mnv2_100_exact_k3,imagenet,margin_drop,oat:sign_alpha=0.1,sign_alpha,0.1,cell,r1/c2,10000,0.9722,0.2138,0.2032
imagenet_mnv2_100_exact_k3,imagenet,margin_drop,oat:sign_alpha=0.1,sign_alpha,0.1,cell,r1/c3,10000,0.9221,0.1144,0.0969
imagenet_mnv2_100_exact_k3,imagenet,margin_drop,oat:sign_alpha=0.1,sign_alpha,0.1,cell,r2/c0,10000,0.9328,0.116,0.1016
imagenet_mnv2_100_exact_k3,imagenet,margin_drop,oat:sign_alpha=0.1,sign_alpha,0.1,cell,r2/c1,10000,0.9688,0.2141,0.2005
imagenet_mnv2_100_exact_k3,imagenet,margin_drop,oat:sign_alpha=0.1,sign_alpha,0.1,cell,r2/c2,10000,0.9709,0.2155,0.2036
imagenet_mnv2_100_exact_k3,imagenet,margin_drop,oat:sign_alpha=0.1,sign_alpha,0.1,cell,r2/c3,10000,0.9222,0.1132,0.0985
imagenet_mnv2_100_exact_k3,imagenet,margin_drop,oat:sign_alpha=0.1,sign_alpha,0.1,cell,r3/c0,10000,0.8855,0.0886,0.0692
imagenet_mnv2_100_exact_k3,imagenet,margin_drop,oat:sign_alpha=0.1,sign_alpha,0.1,cell,r3/c1,10000,0.9423,0.1344,0.1215
imagenet_mnv2_100_exact_k3,imagenet,margin_drop,oat:sign_alpha=0.1,sign_alpha,0.1,cell,r3/c2,10000,0.9434,0.1329,0.1188
imagenet_mnv2_100_exact_k3,imagenet,margin_drop,oat:sign_alpha=0.1,sign_alpha,0.1,cell,r3/c3,10000,0.8726,0.0938,0.0718
imagenet_mnv2_100_exact_k3,imagenet,margin_drop,oat:sign_alpha=0.1,sign_alpha,0.1,cell_type,center,40000,0.97075,0.216175,0.2043
imagenet_mnv2_100_exact_k3,imagenet,margin_drop,oat:sign_alpha=0.1,sign_alpha,0.1,cell_type,corner,40000,0.87745,0.090025,0.0688
imagenet_mnv2_100_exact_k3,imagenet,margin_drop,oat:sign_alpha=0.1,sign_alpha,0.1,cell_type,edge,80000,0.933975,0.1254875,0.1108875
imagenet_mnv2_100_exact_k3,imagenet,margin_drop,oat:sign_alpha=0.25,sign_alpha,0.25,cell,r0/c0,10000,0.7594,0.0916,0.0586
imagenet_mnv2_100_exact_k3,imagenet,margin_drop,oat:sign_alpha=0.25,sign_alpha,0.25,cell,r0/c1,10000,0.8682,0.1375,0.1053
imagenet_mnv2_100_exact_k3,imagenet,margin_drop,oat:sign_alpha=0.25,sign_alpha,0.25,cell,r0/c2,10000,0.8677,0.1354,0.1017
imagenet_mnv2_100_exact_k3,imagenet,margin_drop,oat:sign_alpha=0.25,sign_alpha,0.25,cell,r0/c3,10000,0.7449,0.0861,0.0517
imagenet_mnv2_100_exact_k3,imagenet,margin_drop,oat:sign_alpha=0.25,sign_alpha,0.25,cell,r1/c0,10000,0.841,0.1201,0.0881
imagenet_mnv2_100_exact_k3,imagenet,margin_drop,oat:sign_alpha=0.25,sign_alpha,0.25,cell,r1/c1,10000,0.9338,0.2213,0.1954
imagenet_mnv2_100_exact_k3,imagenet,margin_drop,oat:sign_alpha=0.25,sign_alpha,0.25,cell,r1/c2,10000,0.9317,0.2138,0.1869
imagenet_mnv2_100_exact_k3,imagenet,margin_drop,oat:sign_alpha=0.25,sign_alpha,0.25,cell,r1/c3,10000,0.8314,0.1144,0.0801
imagenet_mnv2_100_exact_k3,imagenet,margin_drop,oat:sign_alpha=0.25,sign_alpha,0.25,cell,r2/c0,10000,0.8533,0.116,0.0867
imagenet_mnv2_100_exact_k3,imagenet,margin_drop,oat:sign_alpha=0.25,sign_alpha,0.25,cell,r2/c1,10000,0.9274,0.2141,0.1856
imagenet_mnv2_100_exact_k3,imagenet,margin_drop,oat:sign_alpha=0.25,sign_alpha,0.25,cell,r2/c2,10000,0.9285,0.2155,0.1872
imagenet_mnv2_100_exact_k3,imagenet,margin_drop,oat:sign_alpha=0.25,sign_alpha,0.25,cell,r2/c3,10000,0.8349,0.1132,0.0817
imagenet_mnv2_100_exact_k3,imagenet,margin_drop,oat:sign_alpha=0.25,sign_alpha,0.25,cell,r3/c0,10000,0.7697,0.0886,0.0578
imagenet_mnv2_100_exact_k3,imagenet,margin_drop,oat:sign_alpha=0.25,sign_alpha,0.25,cell,r3/c1,10000,0.8682,0.1344,0.104
imagenet_mnv2_100_exact_k3,imagenet,margin_drop,oat:sign_alpha=0.25,sign_alpha,0.25,cell,r3/c2,10000,0.8672,0.1329,0.1017
imagenet_mnv2_100_exact_k3,imagenet,margin_drop,oat:sign_alpha=0.25,sign_alpha,0.25,cell,r3/c3,10000,0.7442,0.0938,0.0584
imagenet_mnv2_100_exact_k3,imagenet,margin_drop,oat:sign_alpha=0.25,sign_alpha,0.25,cell_type,center,40000,0.93035,0.216175,0.188775
imagenet_mnv2_100_exact_k3,imagenet,margin_drop,oat:sign_alpha=0.25,sign_alpha,0.25,cell_type,corner,40000,0.75455,0.090025,0.056625
imagenet_mnv2_100_exact_k3,imagenet,margin_drop,oat:sign_alpha=0.25,sign_alpha,0.25,cell_type,edge,80000,0.8539875,0.1254875,0.0936625
imagenet_mnv2_100_exact_k3,imagenet,margin_drop,oat:min_multi_strategy=2,min_multi_strategy,2,cell,r0/c0,10000,1.0,0.0916,0.0916
imagenet_mnv2_100_exact_k3,imagenet,margin_drop,oat:min_multi_strategy=2,min_multi_strategy,2,cell,r0/c1,10000,1.0,0.1375,0.1375
imagenet_mnv2_100_exact_k3,imagenet,margin_drop,oat:min_multi_strategy=2,min_multi_strategy,2,cell,r0/c2,10000,1.0,0.1354,0.1354
imagenet_mnv2_100_exact_k3,imagenet,margin_drop,oat:min_multi_strategy=2,min_multi_strategy,2,cell,r0/c3,10000,1.0,0.0861,0.0861
imagenet_mnv2_100_exact_k3,imagenet,margin_drop,oat:min_multi_strategy=2,min_multi_strategy,2,cell,r1/c0,10000,1.0,0.1201,0.1201
imagenet_mnv2_100_exact_k3,imagenet,margin_drop,oat:min_multi_strategy=2,min_multi_strategy,2,cell,r1/c1,10000,1.0,0.2213,0.2213
imagenet_mnv2_100_exact_k3,imagenet,margin_drop,oat:min_multi_strategy=2,min_multi_strategy,2,cell,r1/c2,10000,1.0,0.2138,0.2138
imagenet_mnv2_100_exact_k3,imagenet,margin_drop,oat:min_multi_strategy=2,min_multi_strategy,2,cell,r1/c3,10000,1.0,0.1144,0.1144
imagenet_mnv2_100_exact_k3,imagenet,margin_drop,oat:min_multi_strategy=2,min_multi_strategy,2,cell,r2/c0,10000,1.0,0.116,0.116
imagenet_mnv2_100_exact_k3,imagenet,margin_drop,oat:min_multi_strategy=2,min_multi_strategy,2,cell,r2/c1,10000,1.0,0.2141,0.2141
imagenet_mnv2_100_exact_k3,imagenet,margin_drop,oat:min_multi_strategy=2,min_multi_strategy,2,cell,r2/c2,10000,1.0,0.2155,0.2155
imagenet_mnv2_100_exact_k3,imagenet,margin_drop,oat:min_multi_strategy=2,min_multi_strategy,2,cell,r2/c3,10000,1.0,0.1132,0.1132
imagenet_mnv2_100_exact_k3,imagenet,margin_drop,oat:min_multi_strategy=2,min_multi_strategy,2,cell,r3/c0,10000,1.0,0.0886,0.0886
imagenet_mnv2_100_exact_k3,imagenet,margin_drop,oat:min_multi_strategy=2,min_multi_strategy,2,cell,r3/c1,10000,1.0,0.1344,0.1344
imagenet_mnv2_100_exact_k3,imagenet,margin_drop,oat:min_multi_strategy=2,min_multi_strategy,2,cell,r3/c2,10000,1.0,0.1329,0.1329
imagenet_mnv2_100_exact_k3,imagenet,margin_drop,oat:min_multi_strategy=2,min_multi_strategy,2,cell,r3/c3,10000,1.0,0.0938,0.0938
imagenet_mnv2_100_exact_k3,imagenet,margin_drop,oat:min_multi_strategy=2,min_multi_strategy,2,cell_type,center,40000,1.0,0.216175,0.216175
imagenet_mnv2_100_exact_k3,imagenet,margin_drop,oat:min_multi_strategy=2,min_multi_strategy,2,cell_type,corner,40000,1.0,0.090025,0.090025
imagenet_mnv2_100_exact_k3,imagenet,margin_drop,oat:min_multi_strategy=2,min_multi_strategy,2,cell_type,edge,80000,1.0,0.1254875,0.1254875
imagenet_mnv2_100_exact_k3,imagenet,margin_drop,oat:min_multi_strategy=3,min_multi_strategy,3,cell,r0/c0,10000,1.0,0.0916,0.0916
imagenet_mnv2_100_exact_k3,imagenet,margin_drop,oat:min_multi_strategy=3,min_multi_strategy,3,cell,r0/c1,10000,1.0,0.1375,0.1375
imagenet_mnv2_100_exact_k3,imagenet,margin_drop,oat:min_multi_strategy=3,min_multi_strategy,3,cell,r0/c2,10000,1.0,0.1354,0.1354
imagenet_mnv2_100_exact_k3,imagenet,margin_drop,oat:min_multi_strategy=3,min_multi_strategy,3,cell,r0/c3,10000,1.0,0.0861,0.0861
imagenet_mnv2_100_exact_k3,imagenet,margin_drop,oat:min_multi_strategy=3,min_multi_strategy,3,cell,r1/c0,10000,1.0,0.1201,0.1201
imagenet_mnv2_100_exact_k3,imagenet,margin_drop,oat:min_multi_strategy=3,min_multi_strategy,3,cell,r1/c1,10000,1.0,0.2213,0.2213
imagenet_mnv2_100_exact_k3,imagenet,margin_drop,oat:min_multi_strategy=3,min_multi_strategy,3,cell,r1/c2,10000,1.0,0.2138,0.2138
imagenet_mnv2_100_exact_k3,imagenet,margin_drop,oat:min_multi_strategy=3,min_multi_strategy,3,cell,r1/c3,10000,1.0,0.1144,0.1144
imagenet_mnv2_100_exact_k3,imagenet,margin_drop,oat:min_multi_strategy=3,min_multi_strategy,3,cell,r2/c0,10000,1.0,0.116,0.116
imagenet_mnv2_100_exact_k3,imagenet,margin_drop,oat:min_multi_strategy=3,min_multi_strategy,3,cell,r2/c1,10000,1.0,0.2141,0.2141
imagenet_mnv2_100_exact_k3,imagenet,margin_drop,oat:min_multi_strategy=3,min_multi_strategy,3,cell,r2/c2,10000,1.0,0.2155,0.2155
imagenet_mnv2_100_exact_k3,imagenet,margin_drop,oat:min_multi_strategy=3,min_multi_strategy,3,cell,r2/c3,10000,1.0,0.1132,0.1132
imagenet_mnv2_100_exact_k3,imagenet,margin_drop,oat:min_multi_strategy=3,min_multi_strategy,3,cell,r3/c0,10000,1.0,0.0886,0.0886
imagenet_mnv2_100_exact_k3,imagenet,margin_drop,oat:min_multi_strategy=3,min_multi_strategy,3,cell,r3/c1,10000,1.0,0.1344,0.1344
imagenet_mnv2_100_exact_k3,imagenet,margin_drop,oat:min_multi_strategy=3,min_multi_strategy,3,cell,r3/c2,10000,1.0,0.1329,0.1329
imagenet_mnv2_100_exact_k3,imagenet,margin_drop,oat:min_multi_strategy=3,min_multi_strategy,3,cell,r3/c3,10000,1.0,0.0938,0.0938
imagenet_mnv2_100_exact_k3,imagenet,margin_drop,oat:min_multi_strategy=3,min_multi_strategy,3,cell_type,center,40000,1.0,0.216175,0.216175
imagenet_mnv2_100_exact_k3,imagenet,margin_drop,oat:min_multi_strategy=3,min_multi_strategy,3,cell_type,corner,40000,1.0,0.090025,0.090025
imagenet_mnv2_100_exact_k3,imagenet,margin_drop,oat:min_multi_strategy=3,min_multi_strategy,3,cell_type,edge,80000,1.0,0.1254875,0.1254875
imagenet_mnv2_100_exact_k3,imagenet,margin_drop,oat:ci_level=90,ci_level,90,cell,r0/c0,10000,1.0,0.0916,0.0916
imagenet_mnv2_100_exact_k3,imagenet,margin_drop,oat:ci_level=90,ci_level,90,cell,r0/c1,10000,1.0,0.1375,0.1375
imagenet_mnv2_100_exact_k3,imagenet,margin_drop,oat:ci_level=90,ci_level,90,cell,r0/c2,10000,1.0,0.1354,0.1354
imagenet_mnv2_100_exact_k3,imagenet,margin_drop,oat:ci_level=90,ci_level,90,cell,r0/c3,10000,1.0,0.0861,0.0861
imagenet_mnv2_100_exact_k3,imagenet,margin_drop,oat:ci_level=90,ci_level,90,cell,r1/c0,10000,1.0,0.1201,0.1201
imagenet_mnv2_100_exact_k3,imagenet,margin_drop,oat:ci_level=90,ci_level,90,cell,r1/c1,10000,1.0,0.2213,0.2213
imagenet_mnv2_100_exact_k3,imagenet,margin_drop,oat:ci_level=90,ci_level,90,cell,r1/c2,10000,1.0,0.2138,0.2138
imagenet_mnv2_100_exact_k3,imagenet,margin_drop,oat:ci_level=90,ci_level,90,cell,r1/c3,10000,1.0,0.1144,0.1144
imagenet_mnv2_100_exact_k3,imagenet,margin_drop,oat:ci_level=90,ci_level,90,cell,r2/c0,10000,1.0,0.116,0.116
imagenet_mnv2_100_exact_k3,imagenet,margin_drop,oat:ci_level=90,ci_level,90,cell,r2/c1,10000,1.0,0.2141,0.2141
imagenet_mnv2_100_exact_k3,imagenet,margin_drop,oat:ci_level=90,ci_level,90,cell,r2/c2,10000,1.0,0.2155,0.2155
imagenet_mnv2_100_exact_k3,imagenet,margin_drop,oat:ci_level=90,ci_level,90,cell,r2/c3,10000,1.0,0.1132,0.1132
imagenet_mnv2_100_exact_k3,imagenet,margin_drop,oat:ci_level=90,ci_level,90,cell,r3/c0,10000,1.0,0.0886,0.0886
imagenet_mnv2_100_exact_k3,imagenet,margin_drop,oat:ci_level=90,ci_level,90,cell,r3/c1,10000,1.0,0.1344,0.1344
imagenet_mnv2_100_exact_k3,imagenet,margin_drop,oat:ci_level=90,ci_level,90,cell,r3/c2,10000,1.0,0.1329,0.1329
imagenet_mnv2_100_exact_k3,imagenet,margin_drop,oat:ci_level=90,ci_level,90,cell,r3/c3,10000,1.0,0.0938,0.0938
imagenet_mnv2_100_exact_k3,imagenet,margin_drop,oat:ci_level=90,ci_level,90,cell_type,center,40000,1.0,0.216175,0.216175
imagenet_mnv2_100_exact_k3,imagenet,margin_drop,oat:ci_level=90,ci_level,90,cell_type,corner,40000,1.0,0.090025,0.090025
imagenet_mnv2_100_exact_k3,imagenet,margin_drop,oat:ci_level=90,ci_level,90,cell_type,edge,80000,1.0,0.1254875,0.1254875
imagenet_mnv2_100_exact_k3,imagenet,margin_drop,oat:ci_level=95,ci_level,95,cell,r0/c0,10000,1.0,0.0916,0.0916
imagenet_mnv2_100_exact_k3,imagenet,margin_drop,oat:ci_level=95,ci_level,95,cell,r0/c1,10000,1.0,0.1375,0.1375
imagenet_mnv2_100_exact_k3,imagenet,margin_drop,oat:ci_level=95,ci_level,95,cell,r0/c2,10000,1.0,0.1354,0.1354
imagenet_mnv2_100_exact_k3,imagenet,margin_drop,oat:ci_level=95,ci_level,95,cell,r0/c3,10000,1.0,0.0861,0.0861
imagenet_mnv2_100_exact_k3,imagenet,margin_drop,oat:ci_level=95,ci_level,95,cell,r1/c0,10000,1.0,0.1201,0.1201
imagenet_mnv2_100_exact_k3,imagenet,margin_drop,oat:ci_level=95,ci_level,95,cell,r1/c1,10000,1.0,0.2213,0.2213
imagenet_mnv2_100_exact_k3,imagenet,margin_drop,oat:ci_level=95,ci_level,95,cell,r1/c2,10000,1.0,0.2138,0.2138
imagenet_mnv2_100_exact_k3,imagenet,margin_drop,oat:ci_level=95,ci_level,95,cell,r1/c3,10000,1.0,0.1144,0.1144
imagenet_mnv2_100_exact_k3,imagenet,margin_drop,oat:ci_level=95,ci_level,95,cell,r2/c0,10000,1.0,0.116,0.116
imagenet_mnv2_100_exact_k3,imagenet,margin_drop,oat:ci_level=95,ci_level,95,cell,r2/c1,10000,1.0,0.2141,0.2141
imagenet_mnv2_100_exact_k3,imagenet,margin_drop,oat:ci_level=95,ci_level,95,cell,r2/c2,10000,1.0,0.2155,0.2155
imagenet_mnv2_100_exact_k3,imagenet,margin_drop,oat:ci_level=95,ci_level,95,cell,r2/c3,10000,1.0,0.1132,0.1132
imagenet_mnv2_100_exact_k3,imagenet,margin_drop,oat:ci_level=95,ci_level,95,cell,r3/c0,10000,1.0,0.0886,0.0886
imagenet_mnv2_100_exact_k3,imagenet,margin_drop,oat:ci_level=95,ci_level,95,cell,r3/c1,10000,1.0,0.1344,0.1344
imagenet_mnv2_100_exact_k3,imagenet,margin_drop,oat:ci_level=95,ci_level,95,cell,r3/c2,10000,1.0,0.1329,0.1329
imagenet_mnv2_100_exact_k3,imagenet,margin_drop,oat:ci_level=95,ci_level,95,cell,r3/c3,10000,1.0,0.0938,0.0938
imagenet_mnv2_100_exact_k3,imagenet,margin_drop,oat:ci_level=95,ci_level,95,cell_type,center,40000,1.0,0.216175,0.216175
imagenet_mnv2_100_exact_k3,imagenet,margin_drop,oat:ci_level=95,ci_level,95,cell_type,corner,40000,1.0,0.090025,0.090025
imagenet_mnv2_100_exact_k3,imagenet,margin_drop,oat:ci_level=95,ci_level,95,cell_type,edge,80000,1.0,0.1254875,0.1254875
imagenet_mnv2_100_exact_k3,imagenet,margin_drop,oat:ci_level=99,ci_level,99,cell,r0/c0,10000,1.0,0.0916,0.0916
imagenet_mnv2_100_exact_k3,imagenet,margin_drop,oat:ci_level=99,ci_level,99,cell,r0/c1,10000,1.0,0.1375,0.1375
imagenet_mnv2_100_exact_k3,imagenet,margin_drop,oat:ci_level=99,ci_level,99,cell,r0/c2,10000,1.0,0.1354,0.1354
imagenet_mnv2_100_exact_k3,imagenet,margin_drop,oat:ci_level=99,ci_level,99,cell,r0/c3,10000,1.0,0.0861,0.0861
imagenet_mnv2_100_exact_k3,imagenet,margin_drop,oat:ci_level=99,ci_level,99,cell,r1/c0,10000,1.0,0.1201,0.1201
imagenet_mnv2_100_exact_k3,imagenet,margin_drop,oat:ci_level=99,ci_level,99,cell,r1/c1,10000,1.0,0.2213,0.2213
imagenet_mnv2_100_exact_k3,imagenet,margin_drop,oat:ci_level=99,ci_level,99,cell,r1/c2,10000,1.0,0.2138,0.2138
imagenet_mnv2_100_exact_k3,imagenet,margin_drop,oat:ci_level=99,ci_level,99,cell,r1/c3,10000,1.0,0.1144,0.1144
imagenet_mnv2_100_exact_k3,imagenet,margin_drop,oat:ci_level=99,ci_level,99,cell,r2/c0,10000,1.0,0.116,0.116
imagenet_mnv2_100_exact_k3,imagenet,margin_drop,oat:ci_level=99,ci_level,99,cell,r2/c1,10000,1.0,0.2141,0.2141
imagenet_mnv2_100_exact_k3,imagenet,margin_drop,oat:ci_level=99,ci_level,99,cell,r2/c2,10000,1.0,0.2155,0.2155
imagenet_mnv2_100_exact_k3,imagenet,margin_drop,oat:ci_level=99,ci_level,99,cell,r2/c3,10000,1.0,0.1132,0.1132
imagenet_mnv2_100_exact_k3,imagenet,margin_drop,oat:ci_level=99,ci_level,99,cell,r3/c0,10000,1.0,0.0886,0.0886
imagenet_mnv2_100_exact_k3,imagenet,margin_drop,oat:ci_level=99,ci_level,99,cell,r3/c1,10000,1.0,0.1344,0.1344
imagenet_mnv2_100_exact_k3,imagenet,margin_drop,oat:ci_level=99,ci_level,99,cell,r3/c2,10000,1.0,0.1329,0.1329
imagenet_mnv2_100_exact_k3,imagenet,margin_drop,oat:ci_level=99,ci_level,99,cell,r3/c3,10000,1.0,0.0938,0.0938
imagenet_mnv2_100_exact_k3,imagenet,margin_drop,oat:ci_level=99,ci_level,99,cell_type,center,40000,1.0,0.216175,0.216175
imagenet_mnv2_100_exact_k3,imagenet,margin_drop,oat:ci_level=99,ci_level,99,cell_type,corner,40000,1.0,0.090025,0.090025
imagenet_mnv2_100_exact_k3,imagenet,margin_drop,oat:ci_level=99,ci_level,99,cell_type,edge,80000,1.0,0.1254875,0.1254875
imagenet_mnv2_100_exact_k3,imagenet,margin_drop,oat:ci_level=999,ci_level,999,cell,r0/c0,10000,1.0,0.0916,0.0916
imagenet_mnv2_100_exact_k3,imagenet,margin_drop,oat:ci_level=999,ci_level,999,cell,r0/c1,10000,1.0,0.1375,0.1375
imagenet_mnv2_100_exact_k3,imagenet,margin_drop,oat:ci_level=999,ci_level,999,cell,r0/c2,10000,1.0,0.1354,0.1354
imagenet_mnv2_100_exact_k3,imagenet,margin_drop,oat:ci_level=999,ci_level,999,cell,r0/c3,10000,1.0,0.0861,0.0861
imagenet_mnv2_100_exact_k3,imagenet,margin_drop,oat:ci_level=999,ci_level,999,cell,r1/c0,10000,1.0,0.1201,0.1201
imagenet_mnv2_100_exact_k3,imagenet,margin_drop,oat:ci_level=999,ci_level,999,cell,r1/c1,10000,1.0,0.2213,0.2213
imagenet_mnv2_100_exact_k3,imagenet,margin_drop,oat:ci_level=999,ci_level,999,cell,r1/c2,10000,1.0,0.2138,0.2138
imagenet_mnv2_100_exact_k3,imagenet,margin_drop,oat:ci_level=999,ci_level,999,cell,r1/c3,10000,1.0,0.1144,0.1144
imagenet_mnv2_100_exact_k3,imagenet,margin_drop,oat:ci_level=999,ci_level,999,cell,r2/c0,10000,1.0,0.116,0.116
imagenet_mnv2_100_exact_k3,imagenet,margin_drop,oat:ci_level=999,ci_level,999,cell,r2/c1,10000,1.0,0.2141,0.2141
imagenet_mnv2_100_exact_k3,imagenet,margin_drop,oat:ci_level=999,ci_level,999,cell,r2/c2,10000,1.0,0.2155,0.2155
imagenet_mnv2_100_exact_k3,imagenet,margin_drop,oat:ci_level=999,ci_level,999,cell,r2/c3,10000,1.0,0.1132,0.1132
imagenet_mnv2_100_exact_k3,imagenet,margin_drop,oat:ci_level=999,ci_level,999,cell,r3/c0,10000,1.0,0.0886,0.0886
imagenet_mnv2_100_exact_k3,imagenet,margin_drop,oat:ci_level=999,ci_level,999,cell,r3/c1,10000,1.0,0.1344,0.1344
imagenet_mnv2_100_exact_k3,imagenet,margin_drop,oat:ci_level=999,ci_level,999,cell,r3/c2,10000,1.0,0.1329,0.1329
imagenet_mnv2_100_exact_k3,imagenet,margin_drop,oat:ci_level=999,ci_level,999,cell,r3/c3,10000,1.0,0.0938,0.0938
imagenet_mnv2_100_exact_k3,imagenet,margin_drop,oat:ci_level=999,ci_level,999,cell_type,center,40000,1.0,0.216175,0.216175
imagenet_mnv2_100_exact_k3,imagenet,margin_drop,oat:ci_level=999,ci_level,999,cell_type,corner,40000,1.0,0.090025,0.090025
imagenet_mnv2_100_exact_k3,imagenet,margin_drop,oat:ci_level=999,ci_level,999,cell_type,edge,80000,1.0,0.1254875,0.1254875
imagenet_mnv2_100_exact_k3,imagenet,margin_drop,oat:ddof=0,ddof,0,cell,r0/c0,10000,1.0,0.0916,0.0916
imagenet_mnv2_100_exact_k3,imagenet,margin_drop,oat:ddof=0,ddof,0,cell,r0/c1,10000,1.0,0.1375,0.1375
imagenet_mnv2_100_exact_k3,imagenet,margin_drop,oat:ddof=0,ddof,0,cell,r0/c2,10000,1.0,0.1354,0.1354
imagenet_mnv2_100_exact_k3,imagenet,margin_drop,oat:ddof=0,ddof,0,cell,r0/c3,10000,1.0,0.0861,0.0861
imagenet_mnv2_100_exact_k3,imagenet,margin_drop,oat:ddof=0,ddof,0,cell,r1/c0,10000,1.0,0.1201,0.1201
imagenet_mnv2_100_exact_k3,imagenet,margin_drop,oat:ddof=0,ddof,0,cell,r1/c1,10000,1.0,0.2213,0.2213
imagenet_mnv2_100_exact_k3,imagenet,margin_drop,oat:ddof=0,ddof,0,cell,r1/c2,10000,1.0,0.2138,0.2138
imagenet_mnv2_100_exact_k3,imagenet,margin_drop,oat:ddof=0,ddof,0,cell,r1/c3,10000,1.0,0.1144,0.1144
imagenet_mnv2_100_exact_k3,imagenet,margin_drop,oat:ddof=0,ddof,0,cell,r2/c0,10000,1.0,0.116,0.116
imagenet_mnv2_100_exact_k3,imagenet,margin_drop,oat:ddof=0,ddof,0,cell,r2/c1,10000,1.0,0.2141,0.2141
imagenet_mnv2_100_exact_k3,imagenet,margin_drop,oat:ddof=0,ddof,0,cell,r2/c2,10000,1.0,0.2155,0.2155
imagenet_mnv2_100_exact_k3,imagenet,margin_drop,oat:ddof=0,ddof,0,cell,r2/c3,10000,1.0,0.1132,0.1132
imagenet_mnv2_100_exact_k3,imagenet,margin_drop,oat:ddof=0,ddof,0,cell,r3/c0,10000,1.0,0.0886,0.0886
imagenet_mnv2_100_exact_k3,imagenet,margin_drop,oat:ddof=0,ddof,0,cell,r3/c1,10000,1.0,0.1344,0.1344
imagenet_mnv2_100_exact_k3,imagenet,margin_drop,oat:ddof=0,ddof,0,cell,r3/c2,10000,1.0,0.1329,0.1329
imagenet_mnv2_100_exact_k3,imagenet,margin_drop,oat:ddof=0,ddof,0,cell,r3/c3,10000,1.0,0.0938,0.0938
imagenet_mnv2_100_exact_k3,imagenet,margin_drop,oat:ddof=0,ddof,0,cell_type,center,40000,1.0,0.216175,0.216175
imagenet_mnv2_100_exact_k3,imagenet,margin_drop,oat:ddof=0,ddof,0,cell_type,corner,40000,1.0,0.090025,0.090025
imagenet_mnv2_100_exact_k3,imagenet,margin_drop,oat:ddof=0,ddof,0,cell_type,edge,80000,1.0,0.1254875,0.1254875
imagenet_mnv2_100_exact_k3,imagenet,margin_drop,oat:ddof=1,ddof,1,cell,r0/c0,10000,0.9803,0.0916,0.0719
imagenet_mnv2_100_exact_k3,imagenet,margin_drop,oat:ddof=1,ddof,1,cell,r0/c1,10000,0.9782,0.1375,0.1157
imagenet_mnv2_100_exact_k3,imagenet,margin_drop,oat:ddof=1,ddof,1,cell,r0/c2,10000,0.9782,0.1354,0.1136
imagenet_mnv2_100_exact_k3,imagenet,margin_drop,oat:ddof=1,ddof,1,cell,r0/c3,10000,0.9799,0.0861,0.066
imagenet_mnv2_100_exact_k3,imagenet,margin_drop,oat:ddof=1,ddof,1,cell,r1/c0,10000,0.9775,0.1201,0.0976
imagenet_mnv2_100_exact_k3,imagenet,margin_drop,oat:ddof=1,ddof,1,cell,r1/c1,10000,0.9816,0.2213,0.2029
imagenet_mnv2_100_exact_k3,imagenet,margin_drop,oat:ddof=1,ddof,1,cell,r1/c2,10000,0.9803,0.2138,0.1941
imagenet_mnv2_100_exact_k3,imagenet,margin_drop,oat:ddof=1,ddof,1,cell,r1/c3,10000,0.9761,0.1144,0.0905
imagenet_mnv2_100_exact_k3,imagenet,margin_drop,oat:ddof=1,ddof,1,cell,r2/c0,10000,0.9794,0.116,0.0954
imagenet_mnv2_100_exact_k3,imagenet,margin_drop,oat:ddof=1,ddof,1,cell,r2/c1,10000,0.9793,0.2141,0.1934
imagenet_mnv2_100_exact_k3,imagenet,margin_drop,oat:ddof=1,ddof,1,cell,r2/c2,10000,0.9792,0.2155,0.1947
imagenet_mnv2_100_exact_k3,imagenet,margin_drop,oat:ddof=1,ddof,1,cell,r2/c3,10000,0.9796,0.1132,0.0928
imagenet_mnv2_100_exact_k3,imagenet,margin_drop,oat:ddof=1,ddof,1,cell,r3/c0,10000,0.981,0.0886,0.0696
imagenet_mnv2_100_exact_k3,imagenet,margin_drop,oat:ddof=1,ddof,1,cell,r3/c1,10000,0.9761,0.1344,0.1105
imagenet_mnv2_100_exact_k3,imagenet,margin_drop,oat:ddof=1,ddof,1,cell,r3/c2,10000,0.9788,0.1329,0.1117
imagenet_mnv2_100_exact_k3,imagenet,margin_drop,oat:ddof=1,ddof,1,cell,r3/c3,10000,0.979,0.0938,0.0728
imagenet_mnv2_100_exact_k3,imagenet,margin_drop,oat:ddof=1,ddof,1,cell_type,center,40000,0.9801,0.216175,0.196275
imagenet_mnv2_100_exact_k3,imagenet,margin_drop,oat:ddof=1,ddof,1,cell_type,corner,40000,0.98005,0.090025,0.070075
imagenet_mnv2_100_exact_k3,imagenet,margin_drop,oat:ddof=1,ddof,1,cell_type,edge,80000,0.9779875,0.1254875,0.103475
imagenet_mnv2_100_exact_k3,imagenet,margin_drop,oat:std_floor_beta=0.0,std_floor_beta,0.0,cell,r0/c0,10000,1.0,0.0916,0.0916
imagenet_mnv2_100_exact_k3,imagenet,margin_drop,oat:std_floor_beta=0.0,std_floor_beta,0.0,cell,r0/c1,10000,1.0,0.1375,0.1375
imagenet_mnv2_100_exact_k3,imagenet,margin_drop,oat:std_floor_beta=0.0,std_floor_beta,0.0,cell,r0/c2,10000,1.0,0.1354,0.1354
imagenet_mnv2_100_exact_k3,imagenet,margin_drop,oat:std_floor_beta=0.0,std_floor_beta,0.0,cell,r0/c3,10000,1.0,0.0861,0.0861
imagenet_mnv2_100_exact_k3,imagenet,margin_drop,oat:std_floor_beta=0.0,std_floor_beta,0.0,cell,r1/c0,10000,1.0,0.1201,0.1201
imagenet_mnv2_100_exact_k3,imagenet,margin_drop,oat:std_floor_beta=0.0,std_floor_beta,0.0,cell,r1/c1,10000,1.0,0.2213,0.2213
imagenet_mnv2_100_exact_k3,imagenet,margin_drop,oat:std_floor_beta=0.0,std_floor_beta,0.0,cell,r1/c2,10000,1.0,0.2138,0.2138
imagenet_mnv2_100_exact_k3,imagenet,margin_drop,oat:std_floor_beta=0.0,std_floor_beta,0.0,cell,r1/c3,10000,1.0,0.1144,0.1144
imagenet_mnv2_100_exact_k3,imagenet,margin_drop,oat:std_floor_beta=0.0,std_floor_beta,0.0,cell,r2/c0,10000,1.0,0.116,0.116
imagenet_mnv2_100_exact_k3,imagenet,margin_drop,oat:std_floor_beta=0.0,std_floor_beta,0.0,cell,r2/c1,10000,1.0,0.2141,0.2141
imagenet_mnv2_100_exact_k3,imagenet,margin_drop,oat:std_floor_beta=0.0,std_floor_beta,0.0,cell,r2/c2,10000,1.0,0.2155,0.2155
imagenet_mnv2_100_exact_k3,imagenet,margin_drop,oat:std_floor_beta=0.0,std_floor_beta,0.0,cell,r2/c3,10000,1.0,0.1132,0.1132
imagenet_mnv2_100_exact_k3,imagenet,margin_drop,oat:std_floor_beta=0.0,std_floor_beta,0.0,cell,r3/c0,10000,1.0,0.0886,0.0886
imagenet_mnv2_100_exact_k3,imagenet,margin_drop,oat:std_floor_beta=0.0,std_floor_beta,0.0,cell,r3/c1,10000,1.0,0.1344,0.1344
imagenet_mnv2_100_exact_k3,imagenet,margin_drop,oat:std_floor_beta=0.0,std_floor_beta,0.0,cell,r3/c2,10000,1.0,0.1329,0.1329
imagenet_mnv2_100_exact_k3,imagenet,margin_drop,oat:std_floor_beta=0.0,std_floor_beta,0.0,cell,r3/c3,10000,1.0,0.0938,0.0938
imagenet_mnv2_100_exact_k3,imagenet,margin_drop,oat:std_floor_beta=0.0,std_floor_beta,0.0,cell_type,center,40000,1.0,0.216175,0.216175
imagenet_mnv2_100_exact_k3,imagenet,margin_drop,oat:std_floor_beta=0.0,std_floor_beta,0.0,cell_type,corner,40000,1.0,0.090025,0.090025
imagenet_mnv2_100_exact_k3,imagenet,margin_drop,oat:std_floor_beta=0.0,std_floor_beta,0.0,cell_type,edge,80000,1.0,0.1254875,0.1254875
imagenet_mnv2_100_exact_k3,imagenet,margin_drop,oat:std_floor_beta=0.1,std_floor_beta,0.1,cell,r0/c0,10000,0.9984,0.0916,0.09
imagenet_mnv2_100_exact_k3,imagenet,margin_drop,oat:std_floor_beta=0.1,std_floor_beta,0.1,cell,r0/c1,10000,0.9981,0.1375,0.1356
imagenet_mnv2_100_exact_k3,imagenet,margin_drop,oat:std_floor_beta=0.1,std_floor_beta,0.1,cell,r0/c2,10000,0.9983,0.1354,0.1337
imagenet_mnv2_100_exact_k3,imagenet,margin_drop,oat:std_floor_beta=0.1,std_floor_beta,0.1,cell,r0/c3,10000,0.9983,0.0861,0.0844
imagenet_mnv2_100_exact_k3,imagenet,margin_drop,oat:std_floor_beta=0.1,std_floor_beta,0.1,cell,r1/c0,10000,0.9985,0.1201,0.1186
imagenet_mnv2_100_exact_k3,imagenet,margin_drop,oat:std_floor_beta=0.1,std_floor_beta,0.1,cell,r1/c1,10000,0.9991,0.2213,0.2204
imagenet_mnv2_100_exact_k3,imagenet,margin_drop,oat:std_floor_beta=0.1,std_floor_beta,0.1,cell,r1/c2,10000,0.9996,0.2138,0.2134
imagenet_mnv2_100_exact_k3,imagenet,margin_drop,oat:std_floor_beta=0.1,std_floor_beta,0.1,cell,r1/c3,10000,0.9977,0.1144,0.1121
imagenet_mnv2_100_exact_k3,imagenet,margin_drop,oat:std_floor_beta=0.1,std_floor_beta,0.1,cell,r2/c0,10000,0.9987,0.116,0.1147
imagenet_mnv2_100_exact_k3,imagenet,margin_drop,oat:std_floor_beta=0.1,std_floor_beta,0.1,cell,r2/c1,10000,0.9988,0.2141,0.2131
imagenet_mnv2_100_exact_k3,imagenet,margin_drop,oat:std_floor_beta=0.1,std_floor_beta,0.1,cell,r2/c2,10000,0.9998,0.2155,0.2153
imagenet_mnv2_100_exact_k3,imagenet,margin_drop,oat:std_floor_beta=0.1,std_floor_beta,0.1,cell,r2/c3,10000,0.9985,0.1132,0.1117
imagenet_mnv2_100_exact_k3,imagenet,margin_drop,oat:std_floor_beta=0.1,std_floor_beta,0.1,cell,r3/c0,10000,0.9981,0.0886,0.0867
imagenet_mnv2_100_exact_k3,imagenet,margin_drop,oat:std_floor_beta=0.1,std_floor_beta,0.1,cell,r3/c1,10000,0.9988,0.1344,0.1332
imagenet_mnv2_100_exact_k3,imagenet,margin_drop,oat:std_floor_beta=0.1,std_floor_beta,0.1,cell,r3/c2,10000,0.9984,0.1329,0.1313
imagenet_mnv2_100_exact_k3,imagenet,margin_drop,oat:std_floor_beta=0.1,std_floor_beta,0.1,cell,r3/c3,10000,0.9985,0.0938,0.0923
imagenet_mnv2_100_exact_k3,imagenet,margin_drop,oat:std_floor_beta=0.1,std_floor_beta,0.1,cell_type,center,40000,0.999325,0.216175,0.21555
imagenet_mnv2_100_exact_k3,imagenet,margin_drop,oat:std_floor_beta=0.1,std_floor_beta,0.1,cell_type,corner,40000,0.998325,0.090025,0.08835
imagenet_mnv2_100_exact_k3,imagenet,margin_drop,oat:std_floor_beta=0.1,std_floor_beta,0.1,cell_type,edge,80000,0.998375,0.1254875,0.1238625
imagenet_mnv2_100_exact_k3,imagenet,margin_drop,oat:std_floor_beta=0.25,std_floor_beta,0.25,cell,r0/c0,10000,0.9871,0.0916,0.0787
imagenet_mnv2_100_exact_k3,imagenet,margin_drop,oat:std_floor_beta=0.25,std_floor_beta,0.25,cell,r0/c1,10000,0.9896,0.1375,0.1271
imagenet_mnv2_100_exact_k3,imagenet,margin_drop,oat:std_floor_beta=0.25,std_floor_beta,0.25,cell,r0/c2,10000,0.9882,0.1354,0.1236
imagenet_mnv2_100_exact_k3,imagenet,margin_drop,oat:std_floor_beta=0.25,std_floor_beta,0.25,cell,r0/c3,10000,0.9881,0.0861,0.0742
imagenet_mnv2_100_exact_k3,imagenet,margin_drop,oat:std_floor_beta=0.25,std_floor_beta,0.25,cell,r1/c0,10000,0.99,0.1201,0.1101
imagenet_mnv2_100_exact_k3,imagenet,margin_drop,oat:std_floor_beta=0.25,std_floor_beta,0.25,cell,r1/c1,10000,0.9932,0.2213,0.2145
imagenet_mnv2_100_exact_k3,imagenet,margin_drop,oat:std_floor_beta=0.25,std_floor_beta,0.25,cell,r1/c2,10000,0.9938,0.2138,0.2076
imagenet_mnv2_100_exact_k3,imagenet,margin_drop,oat:std_floor_beta=0.25,std_floor_beta,0.25,cell,r1/c3,10000,0.9872,0.1144,0.1016
imagenet_mnv2_100_exact_k3,imagenet,margin_drop,oat:std_floor_beta=0.25,std_floor_beta,0.25,cell,r2/c0,10000,0.9898,0.116,0.1058
imagenet_mnv2_100_exact_k3,imagenet,margin_drop,oat:std_floor_beta=0.25,std_floor_beta,0.25,cell,r2/c1,10000,0.9929,0.2141,0.2072
imagenet_mnv2_100_exact_k3,imagenet,margin_drop,oat:std_floor_beta=0.25,std_floor_beta,0.25,cell,r2/c2,10000,0.9931,0.2155,0.2086
imagenet_mnv2_100_exact_k3,imagenet,margin_drop,oat:std_floor_beta=0.25,std_floor_beta,0.25,cell,r2/c3,10000,0.9902,0.1132,0.1034
imagenet_mnv2_100_exact_k3,imagenet,margin_drop,oat:std_floor_beta=0.25,std_floor_beta,0.25,cell,r3/c0,10000,0.9881,0.0886,0.0767
imagenet_mnv2_100_exact_k3,imagenet,margin_drop,oat:std_floor_beta=0.25,std_floor_beta,0.25,cell,r3/c1,10000,0.9881,0.1344,0.1225
imagenet_mnv2_100_exact_k3,imagenet,margin_drop,oat:std_floor_beta=0.25,std_floor_beta,0.25,cell,r3/c2,10000,0.9898,0.1329,0.1227
imagenet_mnv2_100_exact_k3,imagenet,margin_drop,oat:std_floor_beta=0.25,std_floor_beta,0.25,cell,r3/c3,10000,0.9881,0.0938,0.0819
imagenet_mnv2_100_exact_k3,imagenet,margin_drop,oat:std_floor_beta=0.25,std_floor_beta,0.25,cell_type,center,40000,0.99325,0.216175,0.209475
imagenet_mnv2_100_exact_k3,imagenet,margin_drop,oat:std_floor_beta=0.25,std_floor_beta,0.25,cell_type,corner,40000,0.98785,0.090025,0.077875
imagenet_mnv2_100_exact_k3,imagenet,margin_drop,oat:std_floor_beta=0.25,std_floor_beta,0.25,cell_type,edge,80000,0.9891125,0.1254875,0.1146
imagenet_mnv2_100_exact_k3,imagenet,margin_drop,preset:lenient,preset,lenient,cell,r0/c0,10000,0.9619,0.0916,0.1297
imagenet_mnv2_100_exact_k3,imagenet,margin_drop,preset:lenient,preset,lenient,cell,r0/c1,10000,0.9713,0.1375,0.1662
imagenet_mnv2_100_exact_k3,imagenet,margin_drop,preset:lenient,preset,lenient,cell,r0/c2,10000,0.9683,0.1354,0.1671
imagenet_mnv2_100_exact_k3,imagenet,margin_drop,preset:lenient,preset,lenient,cell,r0/c3,10000,0.9691,0.0861,0.117
imagenet_mnv2_100_exact_k3,imagenet,margin_drop,preset:lenient,preset,lenient,cell,r1/c0,10000,0.9657,0.1201,0.1544
imagenet_mnv2_100_exact_k3,imagenet,margin_drop,preset:lenient,preset,lenient,cell,r1/c1,10000,0.9809,0.2213,0.2404
imagenet_mnv2_100_exact_k3,imagenet,margin_drop,preset:lenient,preset,lenient,cell,r1/c2,10000,0.9783,0.2138,0.2355
imagenet_mnv2_100_exact_k3,imagenet,margin_drop,preset:lenient,preset,lenient,cell,r1/c3,10000,0.9647,0.1144,0.1497
imagenet_mnv2_100_exact_k3,imagenet,margin_drop,preset:lenient,preset,lenient,cell,r2/c0,10000,0.9684,0.116,0.1476
imagenet_mnv2_100_exact_k3,imagenet,margin_drop,preset:lenient,preset,lenient,cell,r2/c1,10000,0.9782,0.2141,0.2359
imagenet_mnv2_100_exact_k3,imagenet,margin_drop,preset:lenient,preset,lenient,cell,r2/c2,10000,0.9783,0.2155,0.2372
imagenet_mnv2_100_exact_k3,imagenet,margin_drop,preset:lenient,preset,lenient,cell,r2/c3,10000,0.9686,0.1132,0.1446
imagenet_mnv2_100_exact_k3,imagenet,margin_drop,preset:lenient,preset,lenient,cell,r3/c0,10000,0.966,0.0886,0.1226
imagenet_mnv2_100_exact_k3,imagenet,margin_drop,preset:lenient,preset,lenient,cell,r3/c1,10000,0.9702,0.1344,0.1642
imagenet_mnv2_100_exact_k3,imagenet,margin_drop,preset:lenient,preset,lenient,cell,r3/c2,10000,0.9669,0.1329,0.166
imagenet_mnv2_100_exact_k3,imagenet,margin_drop,preset:lenient,preset,lenient,cell,r3/c3,10000,0.9668,0.0938,0.127
imagenet_mnv2_100_exact_k3,imagenet,margin_drop,preset:lenient,preset,lenient,cell_type,center,40000,0.978925,0.216175,0.23725
imagenet_mnv2_100_exact_k3,imagenet,margin_drop,preset:lenient,preset,lenient,cell_type,corner,40000,0.96595,0.090025,0.124075
imagenet_mnv2_100_exact_k3,imagenet,margin_drop,preset:lenient,preset,lenient,cell_type,edge,80000,0.9680125,0.1254875,0.157475
imagenet_mnv2_100_exact_k3,imagenet,margin_drop,preset:conservative,preset,conservative,cell,r0/c0,10000,0.8914,0.0916,0.0342
imagenet_mnv2_100_exact_k3,imagenet,margin_drop,preset:conservative,preset,conservative,cell,r0/c1,10000,0.9103,0.1375,0.0731
imagenet_mnv2_100_exact_k3,imagenet,margin_drop,preset:conservative,preset,conservative,cell,r0/c2,10000,0.9101,0.1354,0.07
imagenet_mnv2_100_exact_k3,imagenet,margin_drop,preset:conservative,preset,conservative,cell,r0/c3,10000,0.8884,0.0861,0.03
imagenet_mnv2_100_exact_k3,imagenet,margin_drop,preset:conservative,preset,conservative,cell,r1/c0,10000,0.9059,0.1201,0.0571
imagenet_mnv2_100_exact_k3,imagenet,margin_drop,preset:conservative,preset,conservative,cell,r1/c1,10000,0.9185,0.2213,0.1498
imagenet_mnv2_100_exact_k3,imagenet,margin_drop,preset:conservative,preset,conservative,cell,r1/c2,10000,0.9246,0.2138,0.1467
imagenet_mnv2_100_exact_k3,imagenet,margin_drop,preset:conservative,preset,conservative,cell,r1/c3,10000,0.9041,0.1144,0.0496
imagenet_mnv2_100_exact_k3,imagenet,margin_drop,preset:conservative,preset,conservative,cell,r2/c0,10000,0.9111,0.116,0.0543
imagenet_mnv2_100_exact_k3,imagenet,margin_drop,preset:conservative,preset,conservative,cell,r2/c1,10000,0.9166,0.2141,0.1412
imagenet_mnv2_100_exact_k3,imagenet,margin_drop,preset:conservative,preset,conservative,cell,r2/c2,10000,0.9216,0.2155,0.1467
imagenet_mnv2_100_exact_k3,imagenet,margin_drop,preset:conservative,preset,conservative,cell,r2/c3,10000,0.9045,0.1132,0.0509
imagenet_mnv2_100_exact_k3,imagenet,margin_drop,preset:conservative,preset,conservative,cell,r3/c0,10000,0.8951,0.0886,0.0346
imagenet_mnv2_100_exact_k3,imagenet,margin_drop,preset:conservative,preset,conservative,cell,r3/c1,10000,0.9077,0.1344,0.0647
imagenet_mnv2_100_exact_k3,imagenet,margin_drop,preset:conservative,preset,conservative,cell,r3/c2,10000,0.9122,0.1329,0.0677
imagenet_mnv2_100_exact_k3,imagenet,margin_drop,preset:conservative,preset,conservative,cell,r3/c3,10000,0.8841,0.0938,0.0346
imagenet_mnv2_100_exact_k3,imagenet,margin_drop,preset:conservative,preset,conservative,cell_type,center,40000,0.920325,0.216175,0.1461
imagenet_mnv2_100_exact_k3,imagenet,margin_drop,preset:conservative,preset,conservative,cell_type,corner,40000,0.88975,0.090025,0.03335
imagenet_mnv2_100_exact_k3,imagenet,margin_drop,preset:conservative,preset,conservative,cell_type,edge,80000,0.9082375,0.1254875,0.060925
imagenet_mnv2_100_exact_k3,imagenet,margin_drop,alt:zero_abstain:sign_alpha=0.01,zero_abstain_alpha,0.01,cell,r0/c0,10000,0.9834,0.0916,0.0943
imagenet_mnv2_100_exact_k3,imagenet,margin_drop,alt:zero_abstain:sign_alpha=0.01,zero_abstain_alpha,0.01,cell,r0/c1,10000,0.9921,0.1375,0.1398
imagenet_mnv2_100_exact_k3,imagenet,margin_drop,alt:zero_abstain:sign_alpha=0.01,zero_abstain_alpha,0.01,cell,r0/c2,10000,0.9943,0.1354,0.1364
imagenet_mnv2_100_exact_k3,imagenet,margin_drop,alt:zero_abstain:sign_alpha=0.01,zero_abstain_alpha,0.01,cell,r0/c3,10000,0.984,0.0861,0.0888
imagenet_mnv2_100_exact_k3,imagenet,margin_drop,alt:zero_abstain:sign_alpha=0.01,zero_abstain_alpha,0.01,cell,r1/c0,10000,0.9908,0.1201,0.1207
imagenet_mnv2_100_exact_k3,imagenet,margin_drop,alt:zero_abstain:sign_alpha=0.01,zero_abstain_alpha,0.01,cell,r1/c1,10000,0.9979,0.2213,0.2216
imagenet_mnv2_100_exact_k3,imagenet,margin_drop,alt:zero_abstain:sign_alpha=0.01,zero_abstain_alpha,0.01,cell,r1/c2,10000,0.9972,0.2138,0.215
imagenet_mnv2_100_exact_k3,imagenet,margin_drop,alt:zero_abstain:sign_alpha=0.01,zero_abstain_alpha,0.01,cell,r1/c3,10000,0.9922,0.1144,0.1154
imagenet_mnv2_100_exact_k3,imagenet,margin_drop,alt:zero_abstain:sign_alpha=0.01,zero_abstain_alpha,0.01,cell,r2/c0,10000,0.9921,0.116,0.1176
imagenet_mnv2_100_exact_k3,imagenet,margin_drop,alt:zero_abstain:sign_alpha=0.01,zero_abstain_alpha,0.01,cell,r2/c1,10000,0.9969,0.2141,0.2156
imagenet_mnv2_100_exact_k3,imagenet,margin_drop,alt:zero_abstain:sign_alpha=0.01,zero_abstain_alpha,0.01,cell,r2/c2,10000,0.9966,0.2155,0.2159
imagenet_mnv2_100_exact_k3,imagenet,margin_drop,alt:zero_abstain:sign_alpha=0.01,zero_abstain_alpha,0.01,cell,r2/c3,10000,0.9905,0.1132,0.1138
imagenet_mnv2_100_exact_k3,imagenet,margin_drop,alt:zero_abstain:sign_alpha=0.01,zero_abstain_alpha,0.01,cell,r3/c0,10000,0.9867,0.0886,0.0913
imagenet_mnv2_100_exact_k3,imagenet,margin_drop,alt:zero_abstain:sign_alpha=0.01,zero_abstain_alpha,0.01,cell,r3/c1,10000,0.9942,0.1344,0.1352
imagenet_mnv2_100_exact_k3,imagenet,margin_drop,alt:zero_abstain:sign_alpha=0.01,zero_abstain_alpha,0.01,cell,r3/c2,10000,0.9933,0.1329,0.1342
imagenet_mnv2_100_exact_k3,imagenet,margin_drop,alt:zero_abstain:sign_alpha=0.01,zero_abstain_alpha,0.01,cell,r3/c3,10000,0.9826,0.0938,0.0967
imagenet_mnv2_100_exact_k3,imagenet,margin_drop,alt:zero_abstain:sign_alpha=0.01,zero_abstain_alpha,0.01,cell_type,center,40000,0.99715,0.216175,0.217025
imagenet_mnv2_100_exact_k3,imagenet,margin_drop,alt:zero_abstain:sign_alpha=0.01,zero_abstain_alpha,0.01,cell_type,corner,40000,0.984175,0.090025,0.092775
imagenet_mnv2_100_exact_k3,imagenet,margin_drop,alt:zero_abstain:sign_alpha=0.01,zero_abstain_alpha,0.01,cell_type,edge,80000,0.9924375,0.1254875,0.1266375
imagenet_mnv2_100_exact_k3,imagenet,margin_drop,alt:zero_abstain:sign_alpha=0.05,zero_abstain_alpha,0.05,cell,r0/c0,10000,0.9206,0.0916,0.1006
imagenet_mnv2_100_exact_k3,imagenet,margin_drop,alt:zero_abstain:sign_alpha=0.05,zero_abstain_alpha,0.05,cell,r0/c1,10000,0.9663,0.1375,0.1449
imagenet_mnv2_100_exact_k3,imagenet,margin_drop,alt:zero_abstain:sign_alpha=0.05,zero_abstain_alpha,0.05,cell,r0/c2,10000,0.9725,0.1354,0.1411
imagenet_mnv2_100_exact_k3,imagenet,margin_drop,alt:zero_abstain:sign_alpha=0.05,zero_abstain_alpha,0.05,cell,r0/c3,10000,0.9184,0.0861,0.0958
imagenet_mnv2_100_exact_k3,imagenet,margin_drop,alt:zero_abstain:sign_alpha=0.05,zero_abstain_alpha,0.05,cell,r1/c0,10000,0.9624,0.1201,0.1255
imagenet_mnv2_100_exact_k3,imagenet,margin_drop,alt:zero_abstain:sign_alpha=0.05,zero_abstain_alpha,0.05,cell,r1/c1,10000,0.986,0.2213,0.2265
imagenet_mnv2_100_exact_k3,imagenet,margin_drop,alt:zero_abstain:sign_alpha=0.05,zero_abstain_alpha,0.05,cell,r1/c2,10000,0.9877,0.2138,0.2185
imagenet_mnv2_100_exact_k3,imagenet,margin_drop,alt:zero_abstain:sign_alpha=0.05,zero_abstain_alpha,0.05,cell,r1/c3,10000,0.9545,0.1144,0.1204
imagenet_mnv2_100_exact_k3,imagenet,margin_drop,alt:zero_abstain:sign_alpha=0.05,zero_abstain_alpha,0.05,cell,r2/c0,10000,0.9563,0.116,0.1246
imagenet_mnv2_100_exact_k3,imagenet,margin_drop,alt:zero_abstain:sign_alpha=0.05,zero_abstain_alpha,0.05,cell,r2/c1,10000,0.9855,0.2141,0.2194
imagenet_mnv2_100_exact_k3,imagenet,margin_drop,alt:zero_abstain:sign_alpha=0.05,zero_abstain_alpha,0.05,cell,r2/c2,10000,0.9851,0.2155,0.2201
imagenet_mnv2_100_exact_k3,imagenet,margin_drop,alt:zero_abstain:sign_alpha=0.05,zero_abstain_alpha,0.05,cell,r2/c3,10000,0.9552,0.1132,0.1197
imagenet_mnv2_100_exact_k3,imagenet,margin_drop,alt:zero_abstain:sign_alpha=0.05,zero_abstain_alpha,0.05,cell,r3/c0,10000,0.9249,0.0886,0.0992
imagenet_mnv2_100_exact_k3,imagenet,margin_drop,alt:zero_abstain:sign_alpha=0.05,zero_abstain_alpha,0.05,cell,r3/c1,10000,0.9678,0.1344,0.141
imagenet_mnv2_100_exact_k3,imagenet,margin_drop,alt:zero_abstain:sign_alpha=0.05,zero_abstain_alpha,0.05,cell,r3/c2,10000,0.9639,0.1329,0.1406
imagenet_mnv2_100_exact_k3,imagenet,margin_drop,alt:zero_abstain:sign_alpha=0.05,zero_abstain_alpha,0.05,cell,r3/c3,10000,0.9165,0.0938,0.1018
imagenet_mnv2_100_exact_k3,imagenet,margin_drop,alt:zero_abstain:sign_alpha=0.05,zero_abstain_alpha,0.05,cell_type,center,40000,0.986075,0.216175,0.221125
imagenet_mnv2_100_exact_k3,imagenet,margin_drop,alt:zero_abstain:sign_alpha=0.05,zero_abstain_alpha,0.05,cell_type,corner,40000,0.9201,0.090025,0.09935
imagenet_mnv2_100_exact_k3,imagenet,margin_drop,alt:zero_abstain:sign_alpha=0.05,zero_abstain_alpha,0.05,cell_type,edge,80000,0.9623625,0.1254875,0.132225
imagenet_mnv2_100_exact_k3,imagenet,margin_drop,alt:zero_abstain:sign_alpha=0.1,zero_abstain_alpha,0.1,cell,r0/c0,10000,0.8531,0.0916,0.1034
imagenet_mnv2_100_exact_k3,imagenet,margin_drop,alt:zero_abstain:sign_alpha=0.1,zero_abstain_alpha,0.1,cell,r0/c1,10000,0.9361,0.1375,0.1495
imagenet_mnv2_100_exact_k3,imagenet,margin_drop,alt:zero_abstain:sign_alpha=0.1,zero_abstain_alpha,0.1,cell,r0/c2,10000,0.9394,0.1354,0.1467
imagenet_mnv2_100_exact_k3,imagenet,margin_drop,alt:zero_abstain:sign_alpha=0.1,zero_abstain_alpha,0.1,cell,r0/c3,10000,0.8478,0.0861,0.0973
imagenet_mnv2_100_exact_k3,imagenet,margin_drop,alt:zero_abstain:sign_alpha=0.1,zero_abstain_alpha,0.1,cell,r1/c0,10000,0.9255,0.1201,0.1316
imagenet_mnv2_100_exact_k3,imagenet,margin_drop,alt:zero_abstain:sign_alpha=0.1,zero_abstain_alpha,0.1,cell,r1/c1,10000,0.9728,0.2213,0.2304
imagenet_mnv2_100_exact_k3,imagenet,margin_drop,alt:zero_abstain:sign_alpha=0.1,zero_abstain_alpha,0.1,cell,r1/c2,10000,0.9741,0.2138,0.224
imagenet_mnv2_100_exact_k3,imagenet,margin_drop,alt:zero_abstain:sign_alpha=0.1,zero_abstain_alpha,0.1,cell,r1/c3,10000,0.9128,0.1144,0.1255
imagenet_mnv2_100_exact_k3,imagenet,margin_drop,alt:zero_abstain:sign_alpha=0.1,zero_abstain_alpha,0.1,cell,r2/c0,10000,0.9168,0.116,0.1301
imagenet_mnv2_100_exact_k3,imagenet,margin_drop,alt:zero_abstain:sign_alpha=0.1,zero_abstain_alpha,0.1,cell,r2/c1,10000,0.9685,0.2141,0.2243
imagenet_mnv2_100_exact_k3,imagenet,margin_drop,alt:zero_abstain:sign_alpha=0.1,zero_abstain_alpha,0.1,cell,r2/c2,10000,0.9694,0.2155,0.2253
imagenet_mnv2_100_exact_k3,imagenet,margin_drop,alt:zero_abstain:sign_alpha=0.1,zero_abstain_alpha,0.1,cell,r2/c3,10000,0.9112,0.1132,0.1253
imagenet_mnv2_100_exact_k3,imagenet,margin_drop,alt:zero_abstain:sign_alpha=0.1,zero_abstain_alpha,0.1,cell,r3/c0,10000,0.8601,0.0886,0.1038
imagenet_mnv2_100_exact_k3,imagenet,margin_drop,alt:zero_abstain:sign_alpha=0.1,zero_abstain_alpha,0.1,cell,r3/c1,10000,0.9342,0.1344,0.1475
imagenet_mnv2_100_exact_k3,imagenet,margin_drop,alt:zero_abstain:sign_alpha=0.1,zero_abstain_alpha,0.1,cell,r3/c2,10000,0.932,0.1329,0.1449
imagenet_mnv2_100_exact_k3,imagenet,margin_drop,alt:zero_abstain:sign_alpha=0.1,zero_abstain_alpha,0.1,cell,r3/c3,10000,0.8455,0.0938,0.1057
imagenet_mnv2_100_exact_k3,imagenet,margin_drop,alt:zero_abstain:sign_alpha=0.1,zero_abstain_alpha,0.1,cell_type,center,40000,0.9712,0.216175,0.226
imagenet_mnv2_100_exact_k3,imagenet,margin_drop,alt:zero_abstain:sign_alpha=0.1,zero_abstain_alpha,0.1,cell_type,corner,40000,0.851625,0.090025,0.10255
imagenet_mnv2_100_exact_k3,imagenet,margin_drop,alt:zero_abstain:sign_alpha=0.1,zero_abstain_alpha,0.1,cell_type,edge,80000,0.926,0.1254875,0.1376375
imagenet_mnv2_100_exact_k3,imagenet,margin_drop,alt:zero_abstain:sign_alpha=0.25,zero_abstain_alpha,0.25,cell,r0/c0,10000,0.6832,0.0916,0.0993
imagenet_mnv2_100_exact_k3,imagenet,margin_drop,alt:zero_abstain:sign_alpha=0.25,zero_abstain_alpha,0.25,cell,r0/c1,10000,0.8421,0.1375,0.16
imagenet_mnv2_100_exact_k3,imagenet,margin_drop,alt:zero_abstain:sign_alpha=0.25,zero_abstain_alpha,0.25,cell,r0/c2,10000,0.8437,0.1354,0.1561
imagenet_mnv2_100_exact_k3,imagenet,margin_drop,alt:zero_abstain:sign_alpha=0.25,zero_abstain_alpha,0.25,cell,r0/c3,10000,0.6776,0.0861,0.0941
imagenet_mnv2_100_exact_k3,imagenet,margin_drop,alt:zero_abstain:sign_alpha=0.25,zero_abstain_alpha,0.25,cell,r1/c0,10000,0.8165,0.1201,0.1398
imagenet_mnv2_100_exact_k3,imagenet,margin_drop,alt:zero_abstain:sign_alpha=0.25,zero_abstain_alpha,0.25,cell,r1/c1,10000,0.9266,0.2213,0.2435
imagenet_mnv2_100_exact_k3,imagenet,margin_drop,alt:zero_abstain:sign_alpha=0.25,zero_abstain_alpha,0.25,cell,r1/c2,10000,0.9307,0.2138,0.2351
imagenet_mnv2_100_exact_k3,imagenet,margin_drop,alt:zero_abstain:sign_alpha=0.25,zero_abstain_alpha,0.25,cell,r1/c3,10000,0.8005,0.1144,0.1305
imagenet_mnv2_100_exact_k3,imagenet,margin_drop,alt:zero_abstain:sign_alpha=0.25,zero_abstain_alpha,0.25,cell,r2/c0,10000,0.8101,0.116,0.1381
imagenet_mnv2_100_exact_k3,imagenet,margin_drop,alt:zero_abstain:sign_alpha=0.25,zero_abstain_alpha,0.25,cell,r2/c1,10000,0.925,0.2141,0.2347
imagenet_mnv2_100_exact_k3,imagenet,margin_drop,alt:zero_abstain:sign_alpha=0.25,zero_abstain_alpha,0.25,cell,r2/c2,10000,0.9266,0.2155,0.238
imagenet_mnv2_100_exact_k3,imagenet,margin_drop,alt:zero_abstain:sign_alpha=0.25,zero_abstain_alpha,0.25,cell,r2/c3,10000,0.8035,0.1132,0.1321
imagenet_mnv2_100_exact_k3,imagenet,margin_drop,alt:zero_abstain:sign_alpha=0.25,zero_abstain_alpha,0.25,cell,r3/c0,10000,0.7024,0.0886,0.1024
imagenet_mnv2_100_exact_k3,imagenet,margin_drop,alt:zero_abstain:sign_alpha=0.25,zero_abstain_alpha,0.25,cell,r3/c1,10000,0.8419,0.1344,0.156
imagenet_mnv2_100_exact_k3,imagenet,margin_drop,alt:zero_abstain:sign_alpha=0.25,zero_abstain_alpha,0.25,cell,r3/c2,10000,0.8395,0.1329,0.1544
imagenet_mnv2_100_exact_k3,imagenet,margin_drop,alt:zero_abstain:sign_alpha=0.25,zero_abstain_alpha,0.25,cell,r3/c3,10000,0.6757,0.0938,0.1059
imagenet_mnv2_100_exact_k3,imagenet,margin_drop,alt:zero_abstain:sign_alpha=0.25,zero_abstain_alpha,0.25,cell_type,center,40000,0.927225,0.216175,0.237825
imagenet_mnv2_100_exact_k3,imagenet,margin_drop,alt:zero_abstain:sign_alpha=0.25,zero_abstain_alpha,0.25,cell_type,corner,40000,0.684725,0.090025,0.100425
imagenet_mnv2_100_exact_k3,imagenet,margin_drop,alt:zero_abstain:sign_alpha=0.25,zero_abstain_alpha,0.25,cell_type,edge,80000,0.824725,0.1254875,0.145875
imagenet_mnv2_100_crop_free_k3,imagenet,margin_drop,default,default,,cell,r0/c0,10000,1.0,0.1102,0.1102
imagenet_mnv2_100_crop_free_k3,imagenet,margin_drop,default,default,,cell,r0/c1,10000,1.0,0.1385,0.1385
imagenet_mnv2_100_crop_free_k3,imagenet,margin_drop,default,default,,cell,r0/c2,10000,1.0,0.1389,0.1389
imagenet_mnv2_100_crop_free_k3,imagenet,margin_drop,default,default,,cell,r0/c3,10000,1.0,0.1064,0.1064
imagenet_mnv2_100_crop_free_k3,imagenet,margin_drop,default,default,,cell,r1/c0,10000,1.0,0.1331,0.1331
imagenet_mnv2_100_crop_free_k3,imagenet,margin_drop,default,default,,cell,r1/c1,10000,1.0,0.1957,0.1957
imagenet_mnv2_100_crop_free_k3,imagenet,margin_drop,default,default,,cell,r1/c2,10000,1.0,0.1997,0.1997
imagenet_mnv2_100_crop_free_k3,imagenet,margin_drop,default,default,,cell,r1/c3,10000,1.0,0.1223,0.1223
imagenet_mnv2_100_crop_free_k3,imagenet,margin_drop,default,default,,cell,r2/c0,10000,1.0,0.1367,0.1367
imagenet_mnv2_100_crop_free_k3,imagenet,margin_drop,default,default,,cell,r2/c1,10000,1.0,0.1903,0.1903
imagenet_mnv2_100_crop_free_k3,imagenet,margin_drop,default,default,,cell,r2/c2,10000,1.0,0.192,0.192
imagenet_mnv2_100_crop_free_k3,imagenet,margin_drop,default,default,,cell,r2/c3,10000,1.0,0.1264,0.1264
imagenet_mnv2_100_crop_free_k3,imagenet,margin_drop,default,default,,cell,r3/c0,10000,1.0,0.1217,0.1217
imagenet_mnv2_100_crop_free_k3,imagenet,margin_drop,default,default,,cell,r3/c1,10000,1.0,0.1331,0.1331
imagenet_mnv2_100_crop_free_k3,imagenet,margin_drop,default,default,,cell,r3/c2,10000,1.0,0.1327,0.1327
imagenet_mnv2_100_crop_free_k3,imagenet,margin_drop,default,default,,cell,r3/c3,10000,1.0,0.1088,0.1088
imagenet_mnv2_100_crop_free_k3,imagenet,margin_drop,default,default,,cell_type,center,40000,1.0,0.194425,0.194425
imagenet_mnv2_100_crop_free_k3,imagenet,margin_drop,default,default,,cell_type,corner,40000,1.0,0.111775,0.111775
imagenet_mnv2_100_crop_free_k3,imagenet,margin_drop,default,default,,cell_type,edge,80000,1.0,0.1327125,0.1327125
imagenet_mnv2_100_crop_free_k3,imagenet,margin_drop,oat:z_threshold=1.0,z_threshold,1.0,cell,r0/c0,10000,0.9326,0.1102,0.1776
imagenet_mnv2_100_crop_free_k3,imagenet,margin_drop,oat:z_threshold=1.0,z_threshold,1.0,cell,r0/c1,10000,0.9351,0.1385,0.2034
imagenet_mnv2_100_crop_free_k3,imagenet,margin_drop,oat:z_threshold=1.0,z_threshold,1.0,cell,r0/c2,10000,0.9382,0.1389,0.2007
imagenet_mnv2_100_crop_free_k3,imagenet,margin_drop,oat:z_threshold=1.0,z_threshold,1.0,cell,r0/c3,10000,0.9336,0.1064,0.1728
imagenet_mnv2_100_crop_free_k3,imagenet,margin_drop,oat:z_threshold=1.0,z_threshold,1.0,cell,r1/c0,10000,0.9401,0.1331,0.193
imagenet_mnv2_100_crop_free_k3,imagenet,margin_drop,oat:z_threshold=1.0,z_threshold,1.0,cell,r1/c1,10000,0.9568,0.1957,0.2389
imagenet_mnv2_100_crop_free_k3,imagenet,margin_drop,oat:z_threshold=1.0,z_threshold,1.0,cell,r1/c2,10000,0.9519,0.1997,0.2478
imagenet_mnv2_100_crop_free_k3,imagenet,margin_drop,oat:z_threshold=1.0,z_threshold,1.0,cell,r1/c3,10000,0.9296,0.1223,0.1927
imagenet_mnv2_100_crop_free_k3,imagenet,margin_drop,oat:z_threshold=1.0,z_threshold,1.0,cell,r2/c0,10000,0.9348,0.1367,0.2019
imagenet_mnv2_100_crop_free_k3,imagenet,margin_drop,oat:z_threshold=1.0,z_threshold,1.0,cell,r2/c1,10000,0.9471,0.1903,0.2432
imagenet_mnv2_100_crop_free_k3,imagenet,margin_drop,oat:z_threshold=1.0,z_threshold,1.0,cell,r2/c2,10000,0.947,0.192,0.245
imagenet_mnv2_100_crop_free_k3,imagenet,margin_drop,oat:z_threshold=1.0,z_threshold,1.0,cell,r2/c3,10000,0.9406,0.1264,0.1858
imagenet_mnv2_100_crop_free_k3,imagenet,margin_drop,oat:z_threshold=1.0,z_threshold,1.0,cell,r3/c0,10000,0.9287,0.1217,0.193
imagenet_mnv2_100_crop_free_k3,imagenet,margin_drop,oat:z_threshold=1.0,z_threshold,1.0,cell,r3/c1,10000,0.9329,0.1331,0.2002
imagenet_mnv2_100_crop_free_k3,imagenet,margin_drop,oat:z_threshold=1.0,z_threshold,1.0,cell,r3/c2,10000,0.9361,0.1327,0.1966
imagenet_mnv2_100_crop_free_k3,imagenet,margin_drop,oat:z_threshold=1.0,z_threshold,1.0,cell,r3/c3,10000,0.9239,0.1088,0.1849
imagenet_mnv2_100_crop_free_k3,imagenet,margin_drop,oat:z_threshold=1.0,z_threshold,1.0,cell_type,center,40000,0.9507,0.194425,0.243725
imagenet_mnv2_100_crop_free_k3,imagenet,margin_drop,oat:z_threshold=1.0,z_threshold,1.0,cell_type,corner,40000,0.9297,0.111775,0.182075
imagenet_mnv2_100_crop_free_k3,imagenet,margin_drop,oat:z_threshold=1.0,z_threshold,1.0,cell_type,edge,80000,0.935925,0.1327125,0.1967875
imagenet_mnv2_100_crop_free_k3,imagenet,margin_drop,oat:z_threshold=1.5,z_threshold,1.5,cell,r0/c0,10000,0.9733,0.1102,0.1369
imagenet_mnv2_100_crop_free_k3,imagenet,margin_drop,oat:z_threshold=1.5,z_threshold,1.5,cell,r0/c1,10000,0.9719,0.1385,0.1666
imagenet_mnv2_100_crop_free_k3,imagenet,margin_drop,oat:z_threshold=1.5,z_threshold,1.5,cell,r0/c2,10000,0.9733,0.1389,0.1656
imagenet_mnv2_100_crop_free_k3,imagenet,margin_drop,oat:z_threshold=1.5,z_threshold,1.5,cell,r0/c3,10000,0.9718,0.1064,0.1346
imagenet_mnv2_100_crop_free_k3,imagenet,margin_drop,oat:z_threshold=1.5,z_threshold,1.5,cell,r1/c0,10000,0.9732,0.1331,0.1599
imagenet_mnv2_100_crop_free_k3,imagenet,margin_drop,oat:z_threshold=1.5,z_threshold,1.5,cell,r1/c1,10000,0.9791,0.1957,0.2166
imagenet_mnv2_100_crop_free_k3,imagenet,margin_drop,oat:z_threshold=1.5,z_threshold,1.5,cell,r1/c2,10000,0.9771,0.1997,0.2226
imagenet_mnv2_100_crop_free_k3,imagenet,margin_drop,oat:z_threshold=1.5,z_threshold,1.5,cell,r1/c3,10000,0.9691,0.1223,0.1532
imagenet_mnv2_100_crop_free_k3,imagenet,margin_drop,oat:z_threshold=1.5,z_threshold,1.5,cell,r2/c0,10000,0.9708,0.1367,0.1659
imagenet_mnv2_100_crop_free_k3,imagenet,margin_drop,oat:z_threshold=1.5,z_threshold,1.5,cell,r2/c1,10000,0.975,0.1903,0.2153
imagenet_mnv2_100_crop_free_k3,imagenet,margin_drop,oat:z_threshold=1.5,z_threshold,1.5,cell,r2/c2,10000,0.974,0.192,0.218
imagenet_mnv2_100_crop_free_k3,imagenet,margin_drop,oat:z_threshold=1.5,z_threshold,1.5,cell,r2/c3,10000,0.9747,0.1264,0.1517
imagenet_mnv2_100_crop_free_k3,imagenet,margin_drop,oat:z_threshold=1.5,z_threshold,1.5,cell,r3/c0,10000,0.968,0.1217,0.1537
imagenet_mnv2_100_crop_free_k3,imagenet,margin_drop,oat:z_threshold=1.5,z_threshold,1.5,cell,r3/c1,10000,0.9705,0.1331,0.1626
imagenet_mnv2_100_crop_free_k3,imagenet,margin_drop,oat:z_threshold=1.5,z_threshold,1.5,cell,r3/c2,10000,0.971,0.1327,0.1617
imagenet_mnv2_100_crop_free_k3,imagenet,margin_drop,oat:z_threshold=1.5,z_threshold,1.5,cell,r3/c3,10000,0.968,0.1088,0.1408
imagenet_mnv2_100_crop_free_k3,imagenet,margin_drop,oat:z_threshold=1.5,z_threshold,1.5,cell_type,center,40000,0.9763,0.194425,0.218125
imagenet_mnv2_100_crop_free_k3,imagenet,margin_drop,oat:z_threshold=1.5,z_threshold,1.5,cell_type,corner,40000,0.970275,0.111775,0.1415
imagenet_mnv2_100_crop_free_k3,imagenet,margin_drop,oat:z_threshold=1.5,z_threshold,1.5,cell_type,edge,80000,0.9718125,0.1327125,0.1609
imagenet_mnv2_100_crop_free_k3,imagenet,margin_drop,oat:z_threshold=2.0,z_threshold,2.0,cell,r0/c0,10000,1.0,0.1102,0.1102
imagenet_mnv2_100_crop_free_k3,imagenet,margin_drop,oat:z_threshold=2.0,z_threshold,2.0,cell,r0/c1,10000,1.0,0.1385,0.1385
imagenet_mnv2_100_crop_free_k3,imagenet,margin_drop,oat:z_threshold=2.0,z_threshold,2.0,cell,r0/c2,10000,1.0,0.1389,0.1389
imagenet_mnv2_100_crop_free_k3,imagenet,margin_drop,oat:z_threshold=2.0,z_threshold,2.0,cell,r0/c3,10000,1.0,0.1064,0.1064
imagenet_mnv2_100_crop_free_k3,imagenet,margin_drop,oat:z_threshold=2.0,z_threshold,2.0,cell,r1/c0,10000,1.0,0.1331,0.1331
imagenet_mnv2_100_crop_free_k3,imagenet,margin_drop,oat:z_threshold=2.0,z_threshold,2.0,cell,r1/c1,10000,1.0,0.1957,0.1957
imagenet_mnv2_100_crop_free_k3,imagenet,margin_drop,oat:z_threshold=2.0,z_threshold,2.0,cell,r1/c2,10000,1.0,0.1997,0.1997
imagenet_mnv2_100_crop_free_k3,imagenet,margin_drop,oat:z_threshold=2.0,z_threshold,2.0,cell,r1/c3,10000,1.0,0.1223,0.1223
imagenet_mnv2_100_crop_free_k3,imagenet,margin_drop,oat:z_threshold=2.0,z_threshold,2.0,cell,r2/c0,10000,1.0,0.1367,0.1367
imagenet_mnv2_100_crop_free_k3,imagenet,margin_drop,oat:z_threshold=2.0,z_threshold,2.0,cell,r2/c1,10000,1.0,0.1903,0.1903
imagenet_mnv2_100_crop_free_k3,imagenet,margin_drop,oat:z_threshold=2.0,z_threshold,2.0,cell,r2/c2,10000,1.0,0.192,0.192
imagenet_mnv2_100_crop_free_k3,imagenet,margin_drop,oat:z_threshold=2.0,z_threshold,2.0,cell,r2/c3,10000,1.0,0.1264,0.1264
imagenet_mnv2_100_crop_free_k3,imagenet,margin_drop,oat:z_threshold=2.0,z_threshold,2.0,cell,r3/c0,10000,1.0,0.1217,0.1217
imagenet_mnv2_100_crop_free_k3,imagenet,margin_drop,oat:z_threshold=2.0,z_threshold,2.0,cell,r3/c1,10000,1.0,0.1331,0.1331
imagenet_mnv2_100_crop_free_k3,imagenet,margin_drop,oat:z_threshold=2.0,z_threshold,2.0,cell,r3/c2,10000,1.0,0.1327,0.1327
imagenet_mnv2_100_crop_free_k3,imagenet,margin_drop,oat:z_threshold=2.0,z_threshold,2.0,cell,r3/c3,10000,1.0,0.1088,0.1088
imagenet_mnv2_100_crop_free_k3,imagenet,margin_drop,oat:z_threshold=2.0,z_threshold,2.0,cell_type,center,40000,1.0,0.194425,0.194425
imagenet_mnv2_100_crop_free_k3,imagenet,margin_drop,oat:z_threshold=2.0,z_threshold,2.0,cell_type,corner,40000,1.0,0.111775,0.111775
imagenet_mnv2_100_crop_free_k3,imagenet,margin_drop,oat:z_threshold=2.0,z_threshold,2.0,cell_type,edge,80000,1.0,0.1327125,0.1327125
imagenet_mnv2_100_crop_free_k3,imagenet,margin_drop,oat:z_threshold=2.5,z_threshold,2.5,cell,r0/c0,10000,0.9805,0.1102,0.0907
imagenet_mnv2_100_crop_free_k3,imagenet,margin_drop,oat:z_threshold=2.5,z_threshold,2.5,cell,r0/c1,10000,0.9772,0.1385,0.1157
imagenet_mnv2_100_crop_free_k3,imagenet,margin_drop,oat:z_threshold=2.5,z_threshold,2.5,cell,r0/c2,10000,0.9763,0.1389,0.1152
imagenet_mnv2_100_crop_free_k3,imagenet,margin_drop,oat:z_threshold=2.5,z_threshold,2.5,cell,r0/c3,10000,0.9793,0.1064,0.0857
imagenet_mnv2_100_crop_free_k3,imagenet,margin_drop,oat:z_threshold=2.5,z_threshold,2.5,cell,r1/c0,10000,0.9756,0.1331,0.1087
imagenet_mnv2_100_crop_free_k3,imagenet,margin_drop,oat:z_threshold=2.5,z_threshold,2.5,cell,r1/c1,10000,0.9766,0.1957,0.1723
imagenet_mnv2_100_crop_free_k3,imagenet,margin_drop,oat:z_threshold=2.5,z_threshold,2.5,cell,r1/c2,10000,0.9783,0.1997,0.178
imagenet_mnv2_100_crop_free_k3,imagenet,margin_drop,oat:z_threshold=2.5,z_threshold,2.5,cell,r1/c3,10000,0.9786,0.1223,0.1009
imagenet_mnv2_100_crop_free_k3,imagenet,margin_drop,oat:z_threshold=2.5,z_threshold,2.5,cell,r2/c0,10000,0.9745,0.1367,0.1112
imagenet_mnv2_100_crop_free_k3,imagenet,margin_drop,oat:z_threshold=2.5,z_threshold,2.5,cell,r2/c1,10000,0.9784,0.1903,0.1687
imagenet_mnv2_100_crop_free_k3,imagenet,margin_drop,oat:z_threshold=2.5,z_threshold,2.5,cell,r2/c2,10000,0.9779,0.192,0.1699
imagenet_mnv2_100_crop_free_k3,imagenet,margin_drop,oat:z_threshold=2.5,z_threshold,2.5,cell,r2/c3,10000,0.9784,0.1264,0.1048
imagenet_mnv2_100_crop_free_k3,imagenet,margin_drop,oat:z_threshold=2.5,z_threshold,2.5,cell,r3/c0,10000,0.9777,0.1217,0.0994
imagenet_mnv2_100_crop_free_k3,imagenet,margin_drop,oat:z_threshold=2.5,z_threshold,2.5,cell,r3/c1,10000,0.976,0.1331,0.1091
imagenet_mnv2_100_crop_free_k3,imagenet,margin_drop,oat:z_threshold=2.5,z_threshold,2.5,cell,r3/c2,10000,0.9762,0.1327,0.1089
imagenet_mnv2_100_crop_free_k3,imagenet,margin_drop,oat:z_threshold=2.5,z_threshold,2.5,cell,r3/c3,10000,0.9764,0.1088,0.0852
imagenet_mnv2_100_crop_free_k3,imagenet,margin_drop,oat:z_threshold=2.5,z_threshold,2.5,cell_type,center,40000,0.9778,0.194425,0.172225
imagenet_mnv2_100_crop_free_k3,imagenet,margin_drop,oat:z_threshold=2.5,z_threshold,2.5,cell_type,corner,40000,0.978475,0.111775,0.09025
imagenet_mnv2_100_crop_free_k3,imagenet,margin_drop,oat:z_threshold=2.5,z_threshold,2.5,cell_type,edge,80000,0.9766,0.1327125,0.1093125
imagenet_mnv2_100_crop_free_k3,imagenet,margin_drop,oat:z_threshold=3.0,z_threshold,3.0,cell,r0/c0,10000,0.9633,0.1102,0.0735
imagenet_mnv2_100_crop_free_k3,imagenet,margin_drop,oat:z_threshold=3.0,z_threshold,3.0,cell,r0/c1,10000,0.9603,0.1385,0.0988
imagenet_mnv2_100_crop_free_k3,imagenet,margin_drop,oat:z_threshold=3.0,z_threshold,3.0,cell,r0/c2,10000,0.9611,0.1389,0.1
imagenet_mnv2_100_crop_free_k3,imagenet,margin_drop,oat:z_threshold=3.0,z_threshold,3.0,cell,r0/c3,10000,0.9653,0.1064,0.0717
imagenet_mnv2_100_crop_free_k3,imagenet,margin_drop,oat:z_threshold=3.0,z_threshold,3.0,cell,r1/c0,10000,0.9567,0.1331,0.0898
imagenet_mnv2_100_crop_free_k3,imagenet,margin_drop,oat:z_threshold=3.0,z_threshold,3.0,cell,r1/c1,10000,0.9585,0.1957,0.1542
imagenet_mnv2_100_crop_free_k3,imagenet,margin_drop,oat:z_threshold=3.0,z_threshold,3.0,cell,r1/c2,10000,0.9582,0.1997,0.1579
imagenet_mnv2_100_crop_free_k3,imagenet,margin_drop,oat:z_threshold=3.0,z_threshold,3.0,cell,r1/c3,10000,0.9598,0.1223,0.0821
imagenet_mnv2_100_crop_free_k3,imagenet,margin_drop,oat:z_threshold=3.0,z_threshold,3.0,cell,r2/c0,10000,0.9593,0.1367,0.096
imagenet_mnv2_100_crop_free_k3,imagenet,margin_drop,oat:z_threshold=3.0,z_threshold,3.0,cell,r2/c1,10000,0.9576,0.1903,0.1479
imagenet_mnv2_100_crop_free_k3,imagenet,margin_drop,oat:z_threshold=3.0,z_threshold,3.0,cell,r2/c2,10000,0.9553,0.192,0.1473
imagenet_mnv2_100_crop_free_k3,imagenet,margin_drop,oat:z_threshold=3.0,z_threshold,3.0,cell,r2/c3,10000,0.9612,0.1264,0.0876
imagenet_mnv2_100_crop_free_k3,imagenet,margin_drop,oat:z_threshold=3.0,z_threshold,3.0,cell,r3/c0,10000,0.9581,0.1217,0.0798
imagenet_mnv2_100_crop_free_k3,imagenet,margin_drop,oat:z_threshold=3.0,z_threshold,3.0,cell,r3/c1,10000,0.96,0.1331,0.0931
imagenet_mnv2_100_crop_free_k3,imagenet,margin_drop,oat:z_threshold=3.0,z_threshold,3.0,cell,r3/c2,10000,0.9551,0.1327,0.0878
imagenet_mnv2_100_crop_free_k3,imagenet,margin_drop,oat:z_threshold=3.0,z_threshold,3.0,cell,r3/c3,10000,0.9619,0.1088,0.0707
imagenet_mnv2_100_crop_free_k3,imagenet,margin_drop,oat:z_threshold=3.0,z_threshold,3.0,cell_type,center,40000,0.9574,0.194425,0.151825
imagenet_mnv2_100_crop_free_k3,imagenet,margin_drop,oat:z_threshold=3.0,z_threshold,3.0,cell_type,corner,40000,0.96215,0.111775,0.073925
imagenet_mnv2_100_crop_free_k3,imagenet,margin_drop,oat:z_threshold=3.0,z_threshold,3.0,cell_type,edge,80000,0.9591875,0.1327125,0.0919
imagenet_mnv2_100_crop_free_k3,imagenet,margin_drop,oat:z_threshold=4.0,z_threshold,4.0,cell,r0/c0,10000,0.9397,0.1102,0.0499
imagenet_mnv2_100_crop_free_k3,imagenet,margin_drop,oat:z_threshold=4.0,z_threshold,4.0,cell,r0/c1,10000,0.9342,0.1385,0.0727
imagenet_mnv2_100_crop_free_k3,imagenet,margin_drop,oat:z_threshold=4.0,z_threshold,4.0,cell,r0/c2,10000,0.9342,0.1389,0.0731
imagenet_mnv2_100_crop_free_k3,imagenet,margin_drop,oat:z_threshold=4.0,z_threshold,4.0,cell,r0/c3,10000,0.9443,0.1064,0.0507
imagenet_mnv2_100_crop_free_k3,imagenet,margin_drop,oat:z_threshold=4.0,z_threshold,4.0,cell,r1/c0,10000,0.9333,0.1331,0.0664
imagenet_mnv2_100_crop_free_k3,imagenet,margin_drop,oat:z_threshold=4.0,z_threshold,4.0,cell,r1/c1,10000,0.9236,0.1957,0.1193
imagenet_mnv2_100_crop_free_k3,imagenet,margin_drop,oat:z_threshold=4.0,z_threshold,4.0,cell,r1/c2,10000,0.924,0.1997,0.1237
imagenet_mnv2_100_crop_free_k3,imagenet,margin_drop,oat:z_threshold=4.0,z_threshold,4.0,cell,r1/c3,10000,0.9353,0.1223,0.0576
imagenet_mnv2_100_crop_free_k3,imagenet,margin_drop,oat:z_threshold=4.0,z_threshold,4.0,cell,r2/c0,10000,0.9326,0.1367,0.0693
imagenet_mnv2_100_crop_free_k3,imagenet,margin_drop,oat:z_threshold=4.0,z_threshold,4.0,cell,r2/c1,10000,0.9273,0.1903,0.1176
imagenet_mnv2_100_crop_free_k3,imagenet,margin_drop,oat:z_threshold=4.0,z_threshold,4.0,cell,r2/c2,10000,0.9246,0.192,0.1166
imagenet_mnv2_100_crop_free_k3,imagenet,margin_drop,oat:z_threshold=4.0,z_threshold,4.0,cell,r2/c3,10000,0.9359,0.1264,0.0623
imagenet_mnv2_100_crop_free_k3,imagenet,margin_drop,oat:z_threshold=4.0,z_threshold,4.0,cell,r3/c0,10000,0.9354,0.1217,0.0571
imagenet_mnv2_100_crop_free_k3,imagenet,margin_drop,oat:z_threshold=4.0,z_threshold,4.0,cell,r3/c1,10000,0.9341,0.1331,0.0672
imagenet_mnv2_100_crop_free_k3,imagenet,margin_drop,oat:z_threshold=4.0,z_threshold,4.0,cell,r3/c2,10000,0.929,0.1327,0.0617
imagenet_mnv2_100_crop_free_k3,imagenet,margin_drop,oat:z_threshold=4.0,z_threshold,4.0,cell,r3/c3,10000,0.9394,0.1088,0.0482
imagenet_mnv2_100_crop_free_k3,imagenet,margin_drop,oat:z_threshold=4.0,z_threshold,4.0,cell_type,center,40000,0.924875,0.194425,0.1193
imagenet_mnv2_100_crop_free_k3,imagenet,margin_drop,oat:z_threshold=4.0,z_threshold,4.0,cell_type,corner,40000,0.9397,0.111775,0.051475
imagenet_mnv2_100_crop_free_k3,imagenet,margin_drop,oat:z_threshold=4.0,z_threshold,4.0,cell_type,edge,80000,0.933575,0.1327125,0.0662875
imagenet_mnv2_100_crop_free_k3,imagenet,margin_drop,oat:sign_alpha=0.0,sign_alpha,0.0,cell,r0/c0,10000,1.0,0.1102,0.1102
imagenet_mnv2_100_crop_free_k3,imagenet,margin_drop,oat:sign_alpha=0.0,sign_alpha,0.0,cell,r0/c1,10000,1.0,0.1385,0.1385
imagenet_mnv2_100_crop_free_k3,imagenet,margin_drop,oat:sign_alpha=0.0,sign_alpha,0.0,cell,r0/c2,10000,1.0,0.1389,0.1389
imagenet_mnv2_100_crop_free_k3,imagenet,margin_drop,oat:sign_alpha=0.0,sign_alpha,0.0,cell,r0/c3,10000,1.0,0.1064,0.1064
imagenet_mnv2_100_crop_free_k3,imagenet,margin_drop,oat:sign_alpha=0.0,sign_alpha,0.0,cell,r1/c0,10000,1.0,0.1331,0.1331
imagenet_mnv2_100_crop_free_k3,imagenet,margin_drop,oat:sign_alpha=0.0,sign_alpha,0.0,cell,r1/c1,10000,1.0,0.1957,0.1957
imagenet_mnv2_100_crop_free_k3,imagenet,margin_drop,oat:sign_alpha=0.0,sign_alpha,0.0,cell,r1/c2,10000,1.0,0.1997,0.1997
imagenet_mnv2_100_crop_free_k3,imagenet,margin_drop,oat:sign_alpha=0.0,sign_alpha,0.0,cell,r1/c3,10000,1.0,0.1223,0.1223
imagenet_mnv2_100_crop_free_k3,imagenet,margin_drop,oat:sign_alpha=0.0,sign_alpha,0.0,cell,r2/c0,10000,1.0,0.1367,0.1367
imagenet_mnv2_100_crop_free_k3,imagenet,margin_drop,oat:sign_alpha=0.0,sign_alpha,0.0,cell,r2/c1,10000,1.0,0.1903,0.1903
imagenet_mnv2_100_crop_free_k3,imagenet,margin_drop,oat:sign_alpha=0.0,sign_alpha,0.0,cell,r2/c2,10000,1.0,0.192,0.192
imagenet_mnv2_100_crop_free_k3,imagenet,margin_drop,oat:sign_alpha=0.0,sign_alpha,0.0,cell,r2/c3,10000,1.0,0.1264,0.1264
imagenet_mnv2_100_crop_free_k3,imagenet,margin_drop,oat:sign_alpha=0.0,sign_alpha,0.0,cell,r3/c0,10000,1.0,0.1217,0.1217
imagenet_mnv2_100_crop_free_k3,imagenet,margin_drop,oat:sign_alpha=0.0,sign_alpha,0.0,cell,r3/c1,10000,1.0,0.1331,0.1331
imagenet_mnv2_100_crop_free_k3,imagenet,margin_drop,oat:sign_alpha=0.0,sign_alpha,0.0,cell,r3/c2,10000,1.0,0.1327,0.1327
imagenet_mnv2_100_crop_free_k3,imagenet,margin_drop,oat:sign_alpha=0.0,sign_alpha,0.0,cell,r3/c3,10000,1.0,0.1088,0.1088
imagenet_mnv2_100_crop_free_k3,imagenet,margin_drop,oat:sign_alpha=0.0,sign_alpha,0.0,cell_type,center,40000,1.0,0.194425,0.194425
imagenet_mnv2_100_crop_free_k3,imagenet,margin_drop,oat:sign_alpha=0.0,sign_alpha,0.0,cell_type,corner,40000,1.0,0.111775,0.111775
imagenet_mnv2_100_crop_free_k3,imagenet,margin_drop,oat:sign_alpha=0.0,sign_alpha,0.0,cell_type,edge,80000,1.0,0.1327125,0.1327125
imagenet_mnv2_100_crop_free_k3,imagenet,margin_drop,oat:sign_alpha=0.01,sign_alpha,0.01,cell,r0/c0,10000,0.9895,0.1102,0.1081
imagenet_mnv2_100_crop_free_k3,imagenet,margin_drop,oat:sign_alpha=0.01,sign_alpha,0.01,cell,r0/c1,10000,0.991,0.1385,0.1362
imagenet_mnv2_100_crop_free_k3,imagenet,margin_drop,oat:sign_alpha=0.01,sign_alpha,0.01,cell,r0/c2,10000,0.9933,0.1389,0.1372
imagenet_mnv2_100_crop_free_k3,imagenet,margin_drop,oat:sign_alpha=0.01,sign_alpha,0.01,cell,r0/c3,10000,0.9908,0.1064,0.1047
imagenet_mnv2_100_crop_free_k3,imagenet,margin_drop,oat:sign_alpha=0.01,sign_alpha,0.01,cell,r1/c0,10000,0.9918,0.1331,0.1307
imagenet_mnv2_100_crop_free_k3,imagenet,margin_drop,oat:sign_alpha=0.01,sign_alpha,0.01,cell,r1/c1,10000,0.9961,0.1957,0.194
imagenet_mnv2_100_crop_free_k3,imagenet,margin_drop,oat:sign_alpha=0.01,sign_alpha,0.01,cell,r1/c2,10000,0.9961,0.1997,0.1983
imagenet_mnv2_100_crop_free_k3,imagenet,margin_drop,oat:sign_alpha=0.01,sign_alpha,0.01,cell,r1/c3,10000,0.9917,0.1223,0.1206
imagenet_mnv2_100_crop_free_k3,imagenet,margin_drop,oat:sign_alpha=0.01,sign_alpha,0.01,cell,r2/c0,10000,0.9934,0.1367,0.1353
imagenet_mnv2_100_crop_free_k3,imagenet,margin_drop,oat:sign_alpha=0.01,sign_alpha,0.01,cell,r2/c1,10000,0.9957,0.1903,0.1887
imagenet_mnv2_100_crop_free_k3,imagenet,margin_drop,oat:sign_alpha=0.01,sign_alpha,0.01,cell,r2/c2,10000,0.9947,0.192,0.1903
imagenet_mnv2_100_crop_free_k3,imagenet,margin_drop,oat:sign_alpha=0.01,sign_alpha,0.01,cell,r2/c3,10000,0.9934,0.1264,0.1247
imagenet_mnv2_100_crop_free_k3,imagenet,margin_drop,oat:sign_alpha=0.01,sign_alpha,0.01,cell,r3/c0,10000,0.9878,0.1217,0.1188
imagenet_mnv2_100_crop_free_k3,imagenet,margin_drop,oat:sign_alpha=0.01,sign_alpha,0.01,cell,r3/c1,10000,0.9919,0.1331,0.1313
imagenet_mnv2_100_crop_free_k3,imagenet,margin_drop,oat:sign_alpha=0.01,sign_alpha,0.01,cell,r3/c2,10000,0.9943,0.1327,0.1313
imagenet_mnv2_100_crop_free_k3,imagenet,margin_drop,oat:sign_alpha=0.01,sign_alpha,0.01,cell,r3/c3,10000,0.988,0.1088,0.1067
imagenet_mnv2_100_crop_free_k3,imagenet,margin_drop,oat:sign_alpha=0.01,sign_alpha,0.01,cell_type,center,40000,0.99565,0.194425,0.192825
imagenet_mnv2_100_crop_free_k3,imagenet,margin_drop,oat:sign_alpha=0.01,sign_alpha,0.01,cell_type,corner,40000,0.989025,0.111775,0.109575
imagenet_mnv2_100_crop_free_k3,imagenet,margin_drop,oat:sign_alpha=0.01,sign_alpha,0.01,cell_type,edge,80000,0.9926,0.1327125,0.1309125
imagenet_mnv2_100_crop_free_k3,imagenet,margin_drop,oat:sign_alpha=0.05,sign_alpha,0.05,cell,r0/c0,10000,0.9516,0.1102,0.0988
imagenet_mnv2_100_crop_free_k3,imagenet,margin_drop,oat:sign_alpha=0.05,sign_alpha,0.05,cell,r0/c1,10000,0.963,0.1385,0.1287
imagenet_mnv2_100_crop_free_k3,imagenet,margin_drop,oat:sign_alpha=0.05,sign_alpha,0.05,cell,r0/c2,10000,0.9631,0.1389,0.129
imagenet_mnv2_100_crop_free_k3,imagenet,margin_drop,oat:sign_alpha=0.05,sign_alpha,0.05,cell,r0/c3,10000,0.9509,0.1064,0.0969
imagenet_mnv2_100_crop_free_k3,imagenet,margin_drop,oat:sign_alpha=0.05,sign_alpha,0.05,cell,r1/c0,10000,0.9631,0.1331,0.1236
imagenet_mnv2_100_crop_free_k3,imagenet,margin_drop,oat:sign_alpha=0.05,sign_alpha,0.05,cell,r1/c1,10000,0.978,0.1957,0.188
imagenet_mnv2_100_crop_free_k3,imagenet,margin_drop,oat:sign_alpha=0.05,sign_alpha,0.05,cell,r1/c2,10000,0.981,0.1997,0.1929
imagenet_mnv2_100_crop_free_k3,imagenet,margin_drop,oat:sign_alpha=0.05,sign_alpha,0.05,cell,r1/c3,10000,0.9622,0.1223,0.1128
imagenet_mnv2_100_crop_free_k3,imagenet,margin_drop,oat:sign_alpha=0.05,sign_alpha,0.05,cell,r2/c0,10000,0.9626,0.1367,0.1273
imagenet_mnv2_100_crop_free_k3,imagenet,margin_drop,oat:sign_alpha=0.05,sign_alpha,0.05,cell,r2/c1,10000,0.978,0.1903,0.1827
imagenet_mnv2_100_crop_free_k3,imagenet,margin_drop,oat:sign_alpha=0.05,sign_alpha,0.05,cell,r2/c2,10000,0.979,0.192,0.1838
imagenet_mnv2_100_crop_free_k3,imagenet,margin_drop,oat:sign_alpha=0.05,sign_alpha,0.05,cell,r2/c3,10000,0.9639,0.1264,0.119
imagenet_mnv2_100_crop_free_k3,imagenet,margin_drop,oat:sign_alpha=0.05,sign_alpha,0.05,cell,r3/c0,10000,0.9459,0.1217,0.1088
imagenet_mnv2_100_crop_free_k3,imagenet,margin_drop,oat:sign_alpha=0.05,sign_alpha,0.05,cell,r3/c1,10000,0.9605,0.1331,0.123
imagenet_mnv2_100_crop_free_k3,imagenet,margin_drop,oat:sign_alpha=0.05,sign_alpha,0.05,cell,r3/c2,10000,0.9636,0.1327,0.1233
imagenet_mnv2_100_crop_free_k3,imagenet,margin_drop,oat:sign_alpha=0.05,sign_alpha,0.05,cell,r3/c3,10000,0.9475,0.1088,0.0983
imagenet_mnv2_100_crop_free_k3,imagenet,margin_drop,oat:sign_alpha=0.05,sign_alpha,0.05,cell_type,center,40000,0.979,0.194425,0.18685
imagenet_mnv2_100_crop_free_k3,imagenet,margin_drop,oat:sign_alpha=0.05,sign_alpha,0.05,cell_type,corner,40000,0.948975,0.111775,0.1007
imagenet_mnv2_100_crop_free_k3,imagenet,margin_drop,oat:sign_alpha=0.05,sign_alpha,0.05,cell_type,edge,80000,0.96275,0.1327125,0.1233375
imagenet_mnv2_100_crop_free_k3,imagenet,margin_drop,oat:sign_alpha=0.1,sign_alpha,0.1,cell,r0/c0,10000,0.9104,0.1102,0.0887
imagenet_mnv2_100_crop_free_k3,imagenet,margin_drop,oat:sign_alpha=0.1,sign_alpha,0.1,cell,r0/c1,10000,0.9309,0.1385,0.1211
imagenet_mnv2_100_crop_free_k3,imagenet,margin_drop,oat:sign_alpha=0.1,sign_alpha,0.1,cell,r0/c2,10000,0.9295,0.1389,0.1206
imagenet_mnv2_100_crop_free_k3,imagenet,margin_drop,oat:sign_alpha=0.1,sign_alpha,0.1,cell,r0/c3,10000,0.9088,0.1064,0.0879
imagenet_mnv2_100_crop_free_k3,imagenet,margin_drop,oat:sign_alpha=0.1,sign_alpha,0.1,cell,r1/c0,10000,0.9306,0.1331,0.1149
imagenet_mnv2_100_crop_free_k3,imagenet,margin_drop,oat:sign_alpha=0.1,sign_alpha,0.1,cell,r1/c1,10000,0.9604,0.1957,0.1814
imagenet_mnv2_100_crop_free_k3,imagenet,margin_drop,oat:sign_alpha=0.1,sign_alpha,0.1,cell,r1/c2,10000,0.9617,0.1997,0.1857
imagenet_mnv2_100_crop_free_k3,imagenet,margin_drop,oat:sign_alpha=0.1,sign_alpha,0.1,cell,r1/c3,10000,0.9301,0.1223,0.1061
imagenet_mnv2_100_crop_free_k3,imagenet,margin_drop,oat:sign_alpha=0.1,sign_alpha,0.1,cell,r2/c0,10000,0.9296,0.1367,0.1195
imagenet_mnv2_100_crop_free_k3,imagenet,margin_drop,oat:sign_alpha=0.1,sign_alpha,0.1,cell,r2/c1,10000,0.9588,0.1903,0.1763
imagenet_mnv2_100_crop_free_k3,imagenet,margin_drop,oat:sign_alpha=0.1,sign_alpha,0.1,cell,r2/c2,10000,0.9573,0.192,0.1762
imagenet_mnv2_100_crop_free_k3,imagenet,margin_drop,oat:sign_alpha=0.1,sign_alpha,0.1,cell,r2/c3,10000,0.9294,0.1264,0.1097
imagenet_mnv2_100_crop_free_k3,imagenet,margin_drop,oat:sign_alpha=0.1,sign_alpha,0.1,cell,r3/c0,10000,0.9047,0.1217,0.0994
imagenet_mnv2_100_crop_free_k3,imagenet,margin_drop,oat:sign_alpha=0.1,sign_alpha,0.1,cell,r3/c1,10000,0.9293,0.1331,0.1152
imagenet_mnv2_100_crop_free_k3,imagenet,margin_drop,oat:sign_alpha=0.1,sign_alpha,0.1,cell,r3/c2,10000,0.9323,0.1327,0.115
imagenet_mnv2_100_crop_free_k3,imagenet,margin_drop,oat:sign_alpha=0.1,sign_alpha,0.1,cell,r3/c3,10000,0.9047,0.1088,0.089
imagenet_mnv2_100_crop_free_k3,imagenet,margin_drop,oat:sign_alpha=0.1,sign_alpha,0.1,cell_type,center,40000,0.95955,0.194425,0.1799
imagenet_mnv2_100_crop_free_k3,imagenet,margin_drop,oat:sign_alpha=0.1,sign_alpha,0.1,cell_type,corner,40000,0.90715,0.111775,0.09125
imagenet_mnv2_100_crop_free_k3,imagenet,margin_drop,oat:sign_alpha=0.1,sign_alpha,0.1,cell_type,edge,80000,0.9302125,0.1327125,0.1152625
imagenet_mnv2_100_crop_free_k3,imagenet,margin_drop,oat:sign_alpha=0.25,sign_alpha,0.25,cell,r0/c0,10000,0.8085,0.1102,0.0721
imagenet_mnv2_100_crop_free_k3,imagenet,margin_drop,oat:sign_alpha=0.25,sign_alpha,0.25,cell,r0/c1,10000,0.8537,0.1385,0.0991
imagenet_mnv2_100_crop_free_k3,imagenet,margin_drop,oat:sign_alpha=0.25,sign_alpha,0.25,cell,r0/c2,10000,0.8553,0.1389,0.1016
imagenet_mnv2_100_crop_free_k3,imagenet,margin_drop,oat:sign_alpha=0.25,sign_alpha,0.25,cell,r0/c3,10000,0.8003,0.1064,0.0664
imagenet_mnv2_100_crop_free_k3,imagenet,margin_drop,oat:sign_alpha=0.25,sign_alpha,0.25,cell,r1/c0,10000,0.8499,0.1331,0.0955
imagenet_mnv2_100_crop_free_k3,imagenet,margin_drop,oat:sign_alpha=0.25,sign_alpha,0.25,cell,r1/c1,10000,0.9086,0.1957,0.1631
imagenet_mnv2_100_crop_free_k3,imagenet,margin_drop,oat:sign_alpha=0.25,sign_alpha,0.25,cell,r1/c2,10000,0.9018,0.1997,0.1637
imagenet_mnv2_100_crop_free_k3,imagenet,margin_drop,oat:sign_alpha=0.25,sign_alpha,0.25,cell,r1/c3,10000,0.8458,0.1223,0.088
imagenet_mnv2_100_crop_free_k3,imagenet,margin_drop,oat:sign_alpha=0.25,sign_alpha,0.25,cell,r2/c0,10000,0.8483,0.1367,0.0983
imagenet_mnv2_100_crop_free_k3,imagenet,margin_drop,oat:sign_alpha=0.25,sign_alpha,0.25,cell,r2/c1,10000,0.9024,0.1903,0.1562
imagenet_mnv2_100_crop_free_k3,imagenet,margin_drop,oat:sign_alpha=0.25,sign_alpha,0.25,cell,r2/c2,10000,0.8993,0.192,0.1533
imagenet_mnv2_100_crop_free_k3,imagenet,margin_drop,oat:sign_alpha=0.25,sign_alpha,0.25,cell,r2/c3,10000,0.8481,0.1264,0.092
imagenet_mnv2_100_crop_free_k3,imagenet,margin_drop,oat:sign_alpha=0.25,sign_alpha,0.25,cell,r3/c0,10000,0.8034,0.1217,0.0799
imagenet_mnv2_100_crop_free_k3,imagenet,margin_drop,oat:sign_alpha=0.25,sign_alpha,0.25,cell,r3/c1,10000,0.8478,0.1331,0.0975
imagenet_mnv2_100_crop_free_k3,imagenet,margin_drop,oat:sign_alpha=0.25,sign_alpha,0.25,cell,r3/c2,10000,0.8472,0.1327,0.0951
imagenet_mnv2_100_crop_free_k3,imagenet,margin_drop,oat:sign_alpha=0.25,sign_alpha,0.25,cell,r3/c3,10000,0.8013,0.1088,0.0687
imagenet_mnv2_100_crop_free_k3,imagenet,margin_drop,oat:sign_alpha=0.25,sign_alpha,0.25,cell_type,center,40000,0.903025,0.194425,0.159075
imagenet_mnv2_100_crop_free_k3,imagenet,margin_drop,oat:sign_alpha=0.25,sign_alpha,0.25,cell_type,corner,40000,0.803375,0.111775,0.071775
imagenet_mnv2_100_crop_free_k3,imagenet,margin_drop,oat:sign_alpha=0.25,sign_alpha,0.25,cell_type,edge,80000,0.8495125,0.1327125,0.0958875
imagenet_mnv2_100_crop_free_k3,imagenet,margin_drop,oat:min_multi_strategy=2,min_multi_strategy,2,cell,r0/c0,10000,1.0,0.1102,0.1102
imagenet_mnv2_100_crop_free_k3,imagenet,margin_drop,oat:min_multi_strategy=2,min_multi_strategy,2,cell,r0/c1,10000,1.0,0.1385,0.1385
imagenet_mnv2_100_crop_free_k3,imagenet,margin_drop,oat:min_multi_strategy=2,min_multi_strategy,2,cell,r0/c2,10000,1.0,0.1389,0.1389
imagenet_mnv2_100_crop_free_k3,imagenet,margin_drop,oat:min_multi_strategy=2,min_multi_strategy,2,cell,r0/c3,10000,1.0,0.1064,0.1064
imagenet_mnv2_100_crop_free_k3,imagenet,margin_drop,oat:min_multi_strategy=2,min_multi_strategy,2,cell,r1/c0,10000,1.0,0.1331,0.1331
imagenet_mnv2_100_crop_free_k3,imagenet,margin_drop,oat:min_multi_strategy=2,min_multi_strategy,2,cell,r1/c1,10000,1.0,0.1957,0.1957
imagenet_mnv2_100_crop_free_k3,imagenet,margin_drop,oat:min_multi_strategy=2,min_multi_strategy,2,cell,r1/c2,10000,1.0,0.1997,0.1997
imagenet_mnv2_100_crop_free_k3,imagenet,margin_drop,oat:min_multi_strategy=2,min_multi_strategy,2,cell,r1/c3,10000,1.0,0.1223,0.1223
imagenet_mnv2_100_crop_free_k3,imagenet,margin_drop,oat:min_multi_strategy=2,min_multi_strategy,2,cell,r2/c0,10000,1.0,0.1367,0.1367
imagenet_mnv2_100_crop_free_k3,imagenet,margin_drop,oat:min_multi_strategy=2,min_multi_strategy,2,cell,r2/c1,10000,1.0,0.1903,0.1903
imagenet_mnv2_100_crop_free_k3,imagenet,margin_drop,oat:min_multi_strategy=2,min_multi_strategy,2,cell,r2/c2,10000,1.0,0.192,0.192
imagenet_mnv2_100_crop_free_k3,imagenet,margin_drop,oat:min_multi_strategy=2,min_multi_strategy,2,cell,r2/c3,10000,1.0,0.1264,0.1264
imagenet_mnv2_100_crop_free_k3,imagenet,margin_drop,oat:min_multi_strategy=2,min_multi_strategy,2,cell,r3/c0,10000,1.0,0.1217,0.1217
imagenet_mnv2_100_crop_free_k3,imagenet,margin_drop,oat:min_multi_strategy=2,min_multi_strategy,2,cell,r3/c1,10000,1.0,0.1331,0.1331
imagenet_mnv2_100_crop_free_k3,imagenet,margin_drop,oat:min_multi_strategy=2,min_multi_strategy,2,cell,r3/c2,10000,1.0,0.1327,0.1327
imagenet_mnv2_100_crop_free_k3,imagenet,margin_drop,oat:min_multi_strategy=2,min_multi_strategy,2,cell,r3/c3,10000,1.0,0.1088,0.1088
imagenet_mnv2_100_crop_free_k3,imagenet,margin_drop,oat:min_multi_strategy=2,min_multi_strategy,2,cell_type,center,40000,1.0,0.194425,0.194425
imagenet_mnv2_100_crop_free_k3,imagenet,margin_drop,oat:min_multi_strategy=2,min_multi_strategy,2,cell_type,corner,40000,1.0,0.111775,0.111775
imagenet_mnv2_100_crop_free_k3,imagenet,margin_drop,oat:min_multi_strategy=2,min_multi_strategy,2,cell_type,edge,80000,1.0,0.1327125,0.1327125
imagenet_mnv2_100_crop_free_k3,imagenet,margin_drop,oat:min_multi_strategy=3,min_multi_strategy,3,cell,r0/c0,10000,1.0,0.1102,0.1102
imagenet_mnv2_100_crop_free_k3,imagenet,margin_drop,oat:min_multi_strategy=3,min_multi_strategy,3,cell,r0/c1,10000,1.0,0.1385,0.1385
imagenet_mnv2_100_crop_free_k3,imagenet,margin_drop,oat:min_multi_strategy=3,min_multi_strategy,3,cell,r0/c2,10000,1.0,0.1389,0.1389
imagenet_mnv2_100_crop_free_k3,imagenet,margin_drop,oat:min_multi_strategy=3,min_multi_strategy,3,cell,r0/c3,10000,1.0,0.1064,0.1064
imagenet_mnv2_100_crop_free_k3,imagenet,margin_drop,oat:min_multi_strategy=3,min_multi_strategy,3,cell,r1/c0,10000,1.0,0.1331,0.1331
imagenet_mnv2_100_crop_free_k3,imagenet,margin_drop,oat:min_multi_strategy=3,min_multi_strategy,3,cell,r1/c1,10000,1.0,0.1957,0.1957
imagenet_mnv2_100_crop_free_k3,imagenet,margin_drop,oat:min_multi_strategy=3,min_multi_strategy,3,cell,r1/c2,10000,1.0,0.1997,0.1997
imagenet_mnv2_100_crop_free_k3,imagenet,margin_drop,oat:min_multi_strategy=3,min_multi_strategy,3,cell,r1/c3,10000,1.0,0.1223,0.1223
imagenet_mnv2_100_crop_free_k3,imagenet,margin_drop,oat:min_multi_strategy=3,min_multi_strategy,3,cell,r2/c0,10000,1.0,0.1367,0.1367
imagenet_mnv2_100_crop_free_k3,imagenet,margin_drop,oat:min_multi_strategy=3,min_multi_strategy,3,cell,r2/c1,10000,1.0,0.1903,0.1903
imagenet_mnv2_100_crop_free_k3,imagenet,margin_drop,oat:min_multi_strategy=3,min_multi_strategy,3,cell,r2/c2,10000,1.0,0.192,0.192
imagenet_mnv2_100_crop_free_k3,imagenet,margin_drop,oat:min_multi_strategy=3,min_multi_strategy,3,cell,r2/c3,10000,1.0,0.1264,0.1264
imagenet_mnv2_100_crop_free_k3,imagenet,margin_drop,oat:min_multi_strategy=3,min_multi_strategy,3,cell,r3/c0,10000,1.0,0.1217,0.1217
imagenet_mnv2_100_crop_free_k3,imagenet,margin_drop,oat:min_multi_strategy=3,min_multi_strategy,3,cell,r3/c1,10000,1.0,0.1331,0.1331
imagenet_mnv2_100_crop_free_k3,imagenet,margin_drop,oat:min_multi_strategy=3,min_multi_strategy,3,cell,r3/c2,10000,1.0,0.1327,0.1327
imagenet_mnv2_100_crop_free_k3,imagenet,margin_drop,oat:min_multi_strategy=3,min_multi_strategy,3,cell,r3/c3,10000,1.0,0.1088,0.1088
imagenet_mnv2_100_crop_free_k3,imagenet,margin_drop,oat:min_multi_strategy=3,min_multi_strategy,3,cell_type,center,40000,1.0,0.194425,0.194425
imagenet_mnv2_100_crop_free_k3,imagenet,margin_drop,oat:min_multi_strategy=3,min_multi_strategy,3,cell_type,corner,40000,1.0,0.111775,0.111775
imagenet_mnv2_100_crop_free_k3,imagenet,margin_drop,oat:min_multi_strategy=3,min_multi_strategy,3,cell_type,edge,80000,1.0,0.1327125,0.1327125
imagenet_mnv2_100_crop_free_k3,imagenet,margin_drop,oat:ci_level=90,ci_level,90,cell,r0/c0,10000,1.0,0.1102,0.1102
imagenet_mnv2_100_crop_free_k3,imagenet,margin_drop,oat:ci_level=90,ci_level,90,cell,r0/c1,10000,1.0,0.1385,0.1385
imagenet_mnv2_100_crop_free_k3,imagenet,margin_drop,oat:ci_level=90,ci_level,90,cell,r0/c2,10000,1.0,0.1389,0.1389
imagenet_mnv2_100_crop_free_k3,imagenet,margin_drop,oat:ci_level=90,ci_level,90,cell,r0/c3,10000,1.0,0.1064,0.1064
imagenet_mnv2_100_crop_free_k3,imagenet,margin_drop,oat:ci_level=90,ci_level,90,cell,r1/c0,10000,1.0,0.1331,0.1331
imagenet_mnv2_100_crop_free_k3,imagenet,margin_drop,oat:ci_level=90,ci_level,90,cell,r1/c1,10000,1.0,0.1957,0.1957
imagenet_mnv2_100_crop_free_k3,imagenet,margin_drop,oat:ci_level=90,ci_level,90,cell,r1/c2,10000,1.0,0.1997,0.1997
imagenet_mnv2_100_crop_free_k3,imagenet,margin_drop,oat:ci_level=90,ci_level,90,cell,r1/c3,10000,1.0,0.1223,0.1223
imagenet_mnv2_100_crop_free_k3,imagenet,margin_drop,oat:ci_level=90,ci_level,90,cell,r2/c0,10000,1.0,0.1367,0.1367
imagenet_mnv2_100_crop_free_k3,imagenet,margin_drop,oat:ci_level=90,ci_level,90,cell,r2/c1,10000,1.0,0.1903,0.1903
imagenet_mnv2_100_crop_free_k3,imagenet,margin_drop,oat:ci_level=90,ci_level,90,cell,r2/c2,10000,1.0,0.192,0.192
imagenet_mnv2_100_crop_free_k3,imagenet,margin_drop,oat:ci_level=90,ci_level,90,cell,r2/c3,10000,1.0,0.1264,0.1264
imagenet_mnv2_100_crop_free_k3,imagenet,margin_drop,oat:ci_level=90,ci_level,90,cell,r3/c0,10000,1.0,0.1217,0.1217
imagenet_mnv2_100_crop_free_k3,imagenet,margin_drop,oat:ci_level=90,ci_level,90,cell,r3/c1,10000,1.0,0.1331,0.1331
imagenet_mnv2_100_crop_free_k3,imagenet,margin_drop,oat:ci_level=90,ci_level,90,cell,r3/c2,10000,1.0,0.1327,0.1327
imagenet_mnv2_100_crop_free_k3,imagenet,margin_drop,oat:ci_level=90,ci_level,90,cell,r3/c3,10000,1.0,0.1088,0.1088
imagenet_mnv2_100_crop_free_k3,imagenet,margin_drop,oat:ci_level=90,ci_level,90,cell_type,center,40000,1.0,0.194425,0.194425
imagenet_mnv2_100_crop_free_k3,imagenet,margin_drop,oat:ci_level=90,ci_level,90,cell_type,corner,40000,1.0,0.111775,0.111775
imagenet_mnv2_100_crop_free_k3,imagenet,margin_drop,oat:ci_level=90,ci_level,90,cell_type,edge,80000,1.0,0.1327125,0.1327125
imagenet_mnv2_100_crop_free_k3,imagenet,margin_drop,oat:ci_level=95,ci_level,95,cell,r0/c0,10000,1.0,0.1102,0.1102
imagenet_mnv2_100_crop_free_k3,imagenet,margin_drop,oat:ci_level=95,ci_level,95,cell,r0/c1,10000,1.0,0.1385,0.1385
imagenet_mnv2_100_crop_free_k3,imagenet,margin_drop,oat:ci_level=95,ci_level,95,cell,r0/c2,10000,1.0,0.1389,0.1389
imagenet_mnv2_100_crop_free_k3,imagenet,margin_drop,oat:ci_level=95,ci_level,95,cell,r0/c3,10000,1.0,0.1064,0.1064
imagenet_mnv2_100_crop_free_k3,imagenet,margin_drop,oat:ci_level=95,ci_level,95,cell,r1/c0,10000,1.0,0.1331,0.1331
imagenet_mnv2_100_crop_free_k3,imagenet,margin_drop,oat:ci_level=95,ci_level,95,cell,r1/c1,10000,1.0,0.1957,0.1957
imagenet_mnv2_100_crop_free_k3,imagenet,margin_drop,oat:ci_level=95,ci_level,95,cell,r1/c2,10000,1.0,0.1997,0.1997
imagenet_mnv2_100_crop_free_k3,imagenet,margin_drop,oat:ci_level=95,ci_level,95,cell,r1/c3,10000,1.0,0.1223,0.1223
imagenet_mnv2_100_crop_free_k3,imagenet,margin_drop,oat:ci_level=95,ci_level,95,cell,r2/c0,10000,1.0,0.1367,0.1367
imagenet_mnv2_100_crop_free_k3,imagenet,margin_drop,oat:ci_level=95,ci_level,95,cell,r2/c1,10000,1.0,0.1903,0.1903
imagenet_mnv2_100_crop_free_k3,imagenet,margin_drop,oat:ci_level=95,ci_level,95,cell,r2/c2,10000,1.0,0.192,0.192
imagenet_mnv2_100_crop_free_k3,imagenet,margin_drop,oat:ci_level=95,ci_level,95,cell,r2/c3,10000,1.0,0.1264,0.1264
imagenet_mnv2_100_crop_free_k3,imagenet,margin_drop,oat:ci_level=95,ci_level,95,cell,r3/c0,10000,1.0,0.1217,0.1217
imagenet_mnv2_100_crop_free_k3,imagenet,margin_drop,oat:ci_level=95,ci_level,95,cell,r3/c1,10000,1.0,0.1331,0.1331
imagenet_mnv2_100_crop_free_k3,imagenet,margin_drop,oat:ci_level=95,ci_level,95,cell,r3/c2,10000,1.0,0.1327,0.1327
imagenet_mnv2_100_crop_free_k3,imagenet,margin_drop,oat:ci_level=95,ci_level,95,cell,r3/c3,10000,1.0,0.1088,0.1088
imagenet_mnv2_100_crop_free_k3,imagenet,margin_drop,oat:ci_level=95,ci_level,95,cell_type,center,40000,1.0,0.194425,0.194425
imagenet_mnv2_100_crop_free_k3,imagenet,margin_drop,oat:ci_level=95,ci_level,95,cell_type,corner,40000,1.0,0.111775,0.111775
imagenet_mnv2_100_crop_free_k3,imagenet,margin_drop,oat:ci_level=95,ci_level,95,cell_type,edge,80000,1.0,0.1327125,0.1327125
imagenet_mnv2_100_crop_free_k3,imagenet,margin_drop,oat:ci_level=99,ci_level,99,cell,r0/c0,10000,1.0,0.1102,0.1102
imagenet_mnv2_100_crop_free_k3,imagenet,margin_drop,oat:ci_level=99,ci_level,99,cell,r0/c1,10000,1.0,0.1385,0.1385
imagenet_mnv2_100_crop_free_k3,imagenet,margin_drop,oat:ci_level=99,ci_level,99,cell,r0/c2,10000,1.0,0.1389,0.1389
imagenet_mnv2_100_crop_free_k3,imagenet,margin_drop,oat:ci_level=99,ci_level,99,cell,r0/c3,10000,1.0,0.1064,0.1064
imagenet_mnv2_100_crop_free_k3,imagenet,margin_drop,oat:ci_level=99,ci_level,99,cell,r1/c0,10000,1.0,0.1331,0.1331
imagenet_mnv2_100_crop_free_k3,imagenet,margin_drop,oat:ci_level=99,ci_level,99,cell,r1/c1,10000,1.0,0.1957,0.1957
imagenet_mnv2_100_crop_free_k3,imagenet,margin_drop,oat:ci_level=99,ci_level,99,cell,r1/c2,10000,1.0,0.1997,0.1997
imagenet_mnv2_100_crop_free_k3,imagenet,margin_drop,oat:ci_level=99,ci_level,99,cell,r1/c3,10000,1.0,0.1223,0.1223
imagenet_mnv2_100_crop_free_k3,imagenet,margin_drop,oat:ci_level=99,ci_level,99,cell,r2/c0,10000,1.0,0.1367,0.1367
imagenet_mnv2_100_crop_free_k3,imagenet,margin_drop,oat:ci_level=99,ci_level,99,cell,r2/c1,10000,1.0,0.1903,0.1903
imagenet_mnv2_100_crop_free_k3,imagenet,margin_drop,oat:ci_level=99,ci_level,99,cell,r2/c2,10000,1.0,0.192,0.192
imagenet_mnv2_100_crop_free_k3,imagenet,margin_drop,oat:ci_level=99,ci_level,99,cell,r2/c3,10000,1.0,0.1264,0.1264
imagenet_mnv2_100_crop_free_k3,imagenet,margin_drop,oat:ci_level=99,ci_level,99,cell,r3/c0,10000,1.0,0.1217,0.1217
imagenet_mnv2_100_crop_free_k3,imagenet,margin_drop,oat:ci_level=99,ci_level,99,cell,r3/c1,10000,1.0,0.1331,0.1331
imagenet_mnv2_100_crop_free_k3,imagenet,margin_drop,oat:ci_level=99,ci_level,99,cell,r3/c2,10000,1.0,0.1327,0.1327
imagenet_mnv2_100_crop_free_k3,imagenet,margin_drop,oat:ci_level=99,ci_level,99,cell,r3/c3,10000,1.0,0.1088,0.1088
imagenet_mnv2_100_crop_free_k3,imagenet,margin_drop,oat:ci_level=99,ci_level,99,cell_type,center,40000,1.0,0.194425,0.194425
imagenet_mnv2_100_crop_free_k3,imagenet,margin_drop,oat:ci_level=99,ci_level,99,cell_type,corner,40000,1.0,0.111775,0.111775
imagenet_mnv2_100_crop_free_k3,imagenet,margin_drop,oat:ci_level=99,ci_level,99,cell_type,edge,80000,1.0,0.1327125,0.1327125
imagenet_mnv2_100_crop_free_k3,imagenet,margin_drop,oat:ci_level=999,ci_level,999,cell,r0/c0,10000,1.0,0.1102,0.1102
imagenet_mnv2_100_crop_free_k3,imagenet,margin_drop,oat:ci_level=999,ci_level,999,cell,r0/c1,10000,1.0,0.1385,0.1385
imagenet_mnv2_100_crop_free_k3,imagenet,margin_drop,oat:ci_level=999,ci_level,999,cell,r0/c2,10000,1.0,0.1389,0.1389
imagenet_mnv2_100_crop_free_k3,imagenet,margin_drop,oat:ci_level=999,ci_level,999,cell,r0/c3,10000,1.0,0.1064,0.1064
imagenet_mnv2_100_crop_free_k3,imagenet,margin_drop,oat:ci_level=999,ci_level,999,cell,r1/c0,10000,1.0,0.1331,0.1331
imagenet_mnv2_100_crop_free_k3,imagenet,margin_drop,oat:ci_level=999,ci_level,999,cell,r1/c1,10000,1.0,0.1957,0.1957
imagenet_mnv2_100_crop_free_k3,imagenet,margin_drop,oat:ci_level=999,ci_level,999,cell,r1/c2,10000,1.0,0.1997,0.1997
imagenet_mnv2_100_crop_free_k3,imagenet,margin_drop,oat:ci_level=999,ci_level,999,cell,r1/c3,10000,1.0,0.1223,0.1223
imagenet_mnv2_100_crop_free_k3,imagenet,margin_drop,oat:ci_level=999,ci_level,999,cell,r2/c0,10000,1.0,0.1367,0.1367
imagenet_mnv2_100_crop_free_k3,imagenet,margin_drop,oat:ci_level=999,ci_level,999,cell,r2/c1,10000,1.0,0.1903,0.1903
imagenet_mnv2_100_crop_free_k3,imagenet,margin_drop,oat:ci_level=999,ci_level,999,cell,r2/c2,10000,1.0,0.192,0.192
imagenet_mnv2_100_crop_free_k3,imagenet,margin_drop,oat:ci_level=999,ci_level,999,cell,r2/c3,10000,1.0,0.1264,0.1264
imagenet_mnv2_100_crop_free_k3,imagenet,margin_drop,oat:ci_level=999,ci_level,999,cell,r3/c0,10000,1.0,0.1217,0.1217
imagenet_mnv2_100_crop_free_k3,imagenet,margin_drop,oat:ci_level=999,ci_level,999,cell,r3/c1,10000,1.0,0.1331,0.1331
imagenet_mnv2_100_crop_free_k3,imagenet,margin_drop,oat:ci_level=999,ci_level,999,cell,r3/c2,10000,1.0,0.1327,0.1327
imagenet_mnv2_100_crop_free_k3,imagenet,margin_drop,oat:ci_level=999,ci_level,999,cell,r3/c3,10000,1.0,0.1088,0.1088
imagenet_mnv2_100_crop_free_k3,imagenet,margin_drop,oat:ci_level=999,ci_level,999,cell_type,center,40000,1.0,0.194425,0.194425
imagenet_mnv2_100_crop_free_k3,imagenet,margin_drop,oat:ci_level=999,ci_level,999,cell_type,corner,40000,1.0,0.111775,0.111775
imagenet_mnv2_100_crop_free_k3,imagenet,margin_drop,oat:ci_level=999,ci_level,999,cell_type,edge,80000,1.0,0.1327125,0.1327125
imagenet_mnv2_100_crop_free_k3,imagenet,margin_drop,oat:ddof=0,ddof,0,cell,r0/c0,10000,1.0,0.1102,0.1102
imagenet_mnv2_100_crop_free_k3,imagenet,margin_drop,oat:ddof=0,ddof,0,cell,r0/c1,10000,1.0,0.1385,0.1385
imagenet_mnv2_100_crop_free_k3,imagenet,margin_drop,oat:ddof=0,ddof,0,cell,r0/c2,10000,1.0,0.1389,0.1389
imagenet_mnv2_100_crop_free_k3,imagenet,margin_drop,oat:ddof=0,ddof,0,cell,r0/c3,10000,1.0,0.1064,0.1064
imagenet_mnv2_100_crop_free_k3,imagenet,margin_drop,oat:ddof=0,ddof,0,cell,r1/c0,10000,1.0,0.1331,0.1331
imagenet_mnv2_100_crop_free_k3,imagenet,margin_drop,oat:ddof=0,ddof,0,cell,r1/c1,10000,1.0,0.1957,0.1957
imagenet_mnv2_100_crop_free_k3,imagenet,margin_drop,oat:ddof=0,ddof,0,cell,r1/c2,10000,1.0,0.1997,0.1997
imagenet_mnv2_100_crop_free_k3,imagenet,margin_drop,oat:ddof=0,ddof,0,cell,r1/c3,10000,1.0,0.1223,0.1223
imagenet_mnv2_100_crop_free_k3,imagenet,margin_drop,oat:ddof=0,ddof,0,cell,r2/c0,10000,1.0,0.1367,0.1367
imagenet_mnv2_100_crop_free_k3,imagenet,margin_drop,oat:ddof=0,ddof,0,cell,r2/c1,10000,1.0,0.1903,0.1903
imagenet_mnv2_100_crop_free_k3,imagenet,margin_drop,oat:ddof=0,ddof,0,cell,r2/c2,10000,1.0,0.192,0.192
imagenet_mnv2_100_crop_free_k3,imagenet,margin_drop,oat:ddof=0,ddof,0,cell,r2/c3,10000,1.0,0.1264,0.1264
imagenet_mnv2_100_crop_free_k3,imagenet,margin_drop,oat:ddof=0,ddof,0,cell,r3/c0,10000,1.0,0.1217,0.1217
imagenet_mnv2_100_crop_free_k3,imagenet,margin_drop,oat:ddof=0,ddof,0,cell,r3/c1,10000,1.0,0.1331,0.1331
imagenet_mnv2_100_crop_free_k3,imagenet,margin_drop,oat:ddof=0,ddof,0,cell,r3/c2,10000,1.0,0.1327,0.1327
imagenet_mnv2_100_crop_free_k3,imagenet,margin_drop,oat:ddof=0,ddof,0,cell,r3/c3,10000,1.0,0.1088,0.1088
imagenet_mnv2_100_crop_free_k3,imagenet,margin_drop,oat:ddof=0,ddof,0,cell_type,center,40000,1.0,0.194425,0.194425
imagenet_mnv2_100_crop_free_k3,imagenet,margin_drop,oat:ddof=0,ddof,0,cell_type,corner,40000,1.0,0.111775,0.111775
imagenet_mnv2_100_crop_free_k3,imagenet,margin_drop,oat:ddof=0,ddof,0,cell_type,edge,80000,1.0,0.1327125,0.1327125
imagenet_mnv2_100_crop_free_k3,imagenet,margin_drop,oat:ddof=1,ddof,1,cell,r0/c0,10000,0.9821,0.1102,0.0923
imagenet_mnv2_100_crop_free_k3,imagenet,margin_drop,oat:ddof=1,ddof,1,cell,r0/c1,10000,0.9794,0.1385,0.1179
imagenet_mnv2_100_crop_free_k3,imagenet,margin_drop,oat:ddof=1,ddof,1,cell,r0/c2,10000,0.9781,0.1389,0.117
imagenet_mnv2_100_crop_free_k3,imagenet,margin_drop,oat:ddof=1,ddof,1,cell,r0/c3,10000,0.9809,0.1064,0.0873
imagenet_mnv2_100_crop_free_k3,imagenet,margin_drop,oat:ddof=1,ddof,1,cell,r1/c0,10000,0.9777,0.1331,0.1108
imagenet_mnv2_100_crop_free_k3,imagenet,margin_drop,oat:ddof=1,ddof,1,cell,r1/c1,10000,0.9797,0.1957,0.1754
imagenet_mnv2_100_crop_free_k3,imagenet,margin_drop,oat:ddof=1,ddof,1,cell,r1/c2,10000,0.9805,0.1997,0.1802
imagenet_mnv2_100_crop_free_k3,imagenet,margin_drop,oat:ddof=1,ddof,1,cell,r1/c3,10000,0.9811,0.1223,0.1034
imagenet_mnv2_100_crop_free_k3,imagenet,margin_drop,oat:ddof=1,ddof,1,cell,r2/c0,10000,0.9768,0.1367,0.1135
imagenet_mnv2_100_crop_free_k3,imagenet,margin_drop,oat:ddof=1,ddof,1,cell,r2/c1,10000,0.98,0.1903,0.1703
imagenet_mnv2_100_crop_free_k3,imagenet,margin_drop,oat:ddof=1,ddof,1,cell,r2/c2,10000,0.9799,0.192,0.1719
imagenet_mnv2_100_crop_free_k3,imagenet,margin_drop,oat:ddof=1,ddof,1,cell,r2/c3,10000,0.98,0.1264,0.1064
imagenet_mnv2_100_crop_free_k3,imagenet,margin_drop,oat:ddof=1,ddof,1,cell,r3/c0,10000,0.9801,0.1217,0.1018
imagenet_mnv2_100_crop_free_k3,imagenet,margin_drop,oat:ddof=1,ddof,1,cell,r3/c1,10000,0.9788,0.1331,0.1119
imagenet_mnv2_100_crop_free_k3,imagenet,margin_drop,oat:ddof=1,ddof,1,cell,r3/c2,10000,0.979,0.1327,0.1117
imagenet_mnv2_100_crop_free_k3,imagenet,margin_drop,oat:ddof=1,ddof,1,cell,r3/c3,10000,0.9782,0.1088,0.087
imagenet_mnv2_100_crop_free_k3,imagenet,margin_drop,oat:ddof=1,ddof,1,cell_type,center,40000,0.980025,0.194425,0.17445
imagenet_mnv2_100_crop_free_k3,imagenet,margin_drop,oat:ddof=1,ddof,1,cell_type,corner,40000,0.980325,0.111775,0.0921
imagenet_mnv2_100_crop_free_k3,imagenet,margin_drop,oat:ddof=1,ddof,1,cell_type,edge,80000,0.9788625,0.1327125,0.111575
imagenet_mnv2_100_crop_free_k3,imagenet,margin_drop,oat:std_floor_beta=0.0,std_floor_beta,0.0,cell,r0/c0,10000,1.0,0.1102,0.1102
imagenet_mnv2_100_crop_free_k3,imagenet,margin_drop,oat:std_floor_beta=0.0,std_floor_beta,0.0,cell,r0/c1,10000,1.0,0.1385,0.1385
imagenet_mnv2_100_crop_free_k3,imagenet,margin_drop,oat:std_floor_beta=0.0,std_floor_beta,0.0,cell,r0/c2,10000,1.0,0.1389,0.1389
imagenet_mnv2_100_crop_free_k3,imagenet,margin_drop,oat:std_floor_beta=0.0,std_floor_beta,0.0,cell,r0/c3,10000,1.0,0.1064,0.1064
imagenet_mnv2_100_crop_free_k3,imagenet,margin_drop,oat:std_floor_beta=0.0,std_floor_beta,0.0,cell,r1/c0,10000,1.0,0.1331,0.1331
imagenet_mnv2_100_crop_free_k3,imagenet,margin_drop,oat:std_floor_beta=0.0,std_floor_beta,0.0,cell,r1/c1,10000,1.0,0.1957,0.1957
imagenet_mnv2_100_crop_free_k3,imagenet,margin_drop,oat:std_floor_beta=0.0,std_floor_beta,0.0,cell,r1/c2,10000,1.0,0.1997,0.1997
imagenet_mnv2_100_crop_free_k3,imagenet,margin_drop,oat:std_floor_beta=0.0,std_floor_beta,0.0,cell,r1/c3,10000,1.0,0.1223,0.1223
imagenet_mnv2_100_crop_free_k3,imagenet,margin_drop,oat:std_floor_beta=0.0,std_floor_beta,0.0,cell,r2/c0,10000,1.0,0.1367,0.1367
imagenet_mnv2_100_crop_free_k3,imagenet,margin_drop,oat:std_floor_beta=0.0,std_floor_beta,0.0,cell,r2/c1,10000,1.0,0.1903,0.1903
imagenet_mnv2_100_crop_free_k3,imagenet,margin_drop,oat:std_floor_beta=0.0,std_floor_beta,0.0,cell,r2/c2,10000,1.0,0.192,0.192
imagenet_mnv2_100_crop_free_k3,imagenet,margin_drop,oat:std_floor_beta=0.0,std_floor_beta,0.0,cell,r2/c3,10000,1.0,0.1264,0.1264
imagenet_mnv2_100_crop_free_k3,imagenet,margin_drop,oat:std_floor_beta=0.0,std_floor_beta,0.0,cell,r3/c0,10000,1.0,0.1217,0.1217
imagenet_mnv2_100_crop_free_k3,imagenet,margin_drop,oat:std_floor_beta=0.0,std_floor_beta,0.0,cell,r3/c1,10000,1.0,0.1331,0.1331
imagenet_mnv2_100_crop_free_k3,imagenet,margin_drop,oat:std_floor_beta=0.0,std_floor_beta,0.0,cell,r3/c2,10000,1.0,0.1327,0.1327
imagenet_mnv2_100_crop_free_k3,imagenet,margin_drop,oat:std_floor_beta=0.0,std_floor_beta,0.0,cell,r3/c3,10000,1.0,0.1088,0.1088
imagenet_mnv2_100_crop_free_k3,imagenet,margin_drop,oat:std_floor_beta=0.0,std_floor_beta,0.0,cell_type,center,40000,1.0,0.194425,0.194425
imagenet_mnv2_100_crop_free_k3,imagenet,margin_drop,oat:std_floor_beta=0.0,std_floor_beta,0.0,cell_type,corner,40000,1.0,0.111775,0.111775
imagenet_mnv2_100_crop_free_k3,imagenet,margin_drop,oat:std_floor_beta=0.0,std_floor_beta,0.0,cell_type,edge,80000,1.0,0.1327125,0.1327125
imagenet_mnv2_100_crop_free_k3,imagenet,margin_drop,oat:std_floor_beta=0.1,std_floor_beta,0.1,cell,r0/c0,10000,0.9971,0.1102,0.1073
imagenet_mnv2_100_crop_free_k3,imagenet,margin_drop,oat:std_floor_beta=0.1,std_floor_beta,0.1,cell,r0/c1,10000,0.9983,0.1385,0.1368
imagenet_mnv2_100_crop_free_k3,imagenet,margin_drop,oat:std_floor_beta=0.1,std_floor_beta,0.1,cell,r0/c2,10000,0.9981,0.1389,0.137
imagenet_mnv2_100_crop_free_k3,imagenet,margin_drop,oat:std_floor_beta=0.1,std_floor_beta,0.1,cell,r0/c3,10000,0.998,0.1064,0.1044
imagenet_mnv2_100_crop_free_k3,imagenet,margin_drop,oat:std_floor_beta=0.1,std_floor_beta,0.1,cell,r1/c0,10000,0.998,0.1331,0.1311
imagenet_mnv2_100_crop_free_k3,imagenet,margin_drop,oat:std_floor_beta=0.1,std_floor_beta,0.1,cell,r1/c1,10000,0.9993,0.1957,0.195
imagenet_mnv2_100_crop_free_k3,imagenet,margin_drop,oat:std_floor_beta=0.1,std_floor_beta,0.1,cell,r1/c2,10000,0.9993,0.1997,0.199
imagenet_mnv2_100_crop_free_k3,imagenet,margin_drop,oat:std_floor_beta=0.1,std_floor_beta,0.1,cell,r1/c3,10000,0.9985,0.1223,0.1208
imagenet_mnv2_100_crop_free_k3,imagenet,margin_drop,oat:std_floor_beta=0.1,std_floor_beta,0.1,cell,r2/c0,10000,0.9978,0.1367,0.1345
imagenet_mnv2_100_crop_free_k3,imagenet,margin_drop,oat:std_floor_beta=0.1,std_floor_beta,0.1,cell,r2/c1,10000,0.9987,0.1903,0.1892
imagenet_mnv2_100_crop_free_k3,imagenet,margin_drop,oat:std_floor_beta=0.1,std_floor_beta,0.1,cell,r2/c2,10000,0.9984,0.192,0.1904
imagenet_mnv2_100_crop_free_k3,imagenet,margin_drop,oat:std_floor_beta=0.1,std_floor_beta,0.1,cell,r2/c3,10000,0.9982,0.1264,0.1246
imagenet_mnv2_100_crop_free_k3,imagenet,margin_drop,oat:std_floor_beta=0.1,std_floor_beta,0.1,cell,r3/c0,10000,0.998,0.1217,0.1197
imagenet_mnv2_100_crop_free_k3,imagenet,margin_drop,oat:std_floor_beta=0.1,std_floor_beta,0.1,cell,r3/c1,10000,0.9984,0.1331,0.1315
imagenet_mnv2_100_crop_free_k3,imagenet,margin_drop,oat:std_floor_beta=0.1,std_floor_beta,0.1,cell,r3/c2,10000,0.9989,0.1327,0.1316
imagenet_mnv2_100_crop_free_k3,imagenet,margin_drop,oat:std_floor_beta=0.1,std_floor_beta,0.1,cell,r3/c3,10000,0.9987,0.1088,0.1075
imagenet_mnv2_100_crop_free_k3,imagenet,margin_drop,oat:std_floor_beta=0.1,std_floor_beta,0.1,cell_type,center,40000,0.998925,0.194425,0.1934
imagenet_mnv2_100_crop_free_k3,imagenet,margin_drop,oat:std_floor_beta=0.1,std_floor_beta,0.1,cell_type,corner,40000,0.99795,0.111775,0.109725
imagenet_mnv2_100_crop_free_k3,imagenet,margin_drop,oat:std_floor_beta=0.1,std_floor_beta,0.1,cell_type,edge,80000,0.998275,0.1327125,0.1309875
imagenet_mnv2_100_crop_free_k3,imagenet,margin_drop,oat:std_floor_beta=0.25,std_floor_beta,0.25,cell,r0/c0,10000,0.9867,0.1102,0.0969
imagenet_mnv2_100_crop_free_k3,imagenet,margin_drop,oat:std_floor_beta=0.25,std_floor_beta,0.25,cell,r0/c1,10000,0.9882,0.1385,0.1267
imagenet_mnv2_100_crop_free_k3,imagenet,margin_drop,oat:std_floor_beta=0.25,std_floor_beta,0.25,cell,r0/c2,10000,0.9882,0.1389,0.1271
imagenet_mnv2_100_crop_free_k3,imagenet,margin_drop,oat:std_floor_beta=0.25,std_floor_beta,0.25,cell,r0/c3,10000,0.9876,0.1064,0.094
imagenet_mnv2_100_crop_free_k3,imagenet,margin_drop,oat:std_floor_beta=0.25,std_floor_beta,0.25,cell,r1/c0,10000,0.9888,0.1331,0.1219
imagenet_mnv2_100_crop_free_k3,imagenet,margin_drop,oat:std_floor_beta=0.25,std_floor_beta,0.25,cell,r1/c1,10000,0.9927,0.1957,0.1884
imagenet_mnv2_100_crop_free_k3,imagenet,margin_drop,oat:std_floor_beta=0.25,std_floor_beta,0.25,cell,r1/c2,10000,0.9932,0.1997,0.1929
imagenet_mnv2_100_crop_free_k3,imagenet,margin_drop,oat:std_floor_beta=0.25,std_floor_beta,0.25,cell,r1/c3,10000,0.9891,0.1223,0.1114
imagenet_mnv2_100_crop_free_k3,imagenet,margin_drop,oat:std_floor_beta=0.25,std_floor_beta,0.25,cell,r2/c0,10000,0.9867,0.1367,0.1234
imagenet_mnv2_100_crop_free_k3,imagenet,margin_drop,oat:std_floor_beta=0.25,std_floor_beta,0.25,cell,r2/c1,10000,0.9926,0.1903,0.1831
imagenet_mnv2_100_crop_free_k3,imagenet,margin_drop,oat:std_floor_beta=0.25,std_floor_beta,0.25,cell,r2/c2,10000,0.9903,0.192,0.1823
imagenet_mnv2_100_crop_free_k3,imagenet,margin_drop,oat:std_floor_beta=0.25,std_floor_beta,0.25,cell,r2/c3,10000,0.9889,0.1264,0.1153
imagenet_mnv2_100_crop_free_k3,imagenet,margin_drop,oat:std_floor_beta=0.25,std_floor_beta,0.25,cell,r3/c0,10000,0.9873,0.1217,0.109
imagenet_mnv2_100_crop_free_k3,imagenet,margin_drop,oat:std_floor_beta=0.25,std_floor_beta,0.25,cell,r3/c1,10000,0.9882,0.1331,0.1213
imagenet_mnv2_100_crop_free_k3,imagenet,margin_drop,oat:std_floor_beta=0.25,std_floor_beta,0.25,cell,r3/c2,10000,0.9886,0.1327,0.1213
imagenet_mnv2_100_crop_free_k3,imagenet,margin_drop,oat:std_floor_beta=0.25,std_floor_beta,0.25,cell,r3/c3,10000,0.9866,0.1088,0.0954
imagenet_mnv2_100_crop_free_k3,imagenet,margin_drop,oat:std_floor_beta=0.25,std_floor_beta,0.25,cell_type,center,40000,0.9922,0.194425,0.186675
imagenet_mnv2_100_crop_free_k3,imagenet,margin_drop,oat:std_floor_beta=0.25,std_floor_beta,0.25,cell_type,corner,40000,0.98705,0.111775,0.098825
imagenet_mnv2_100_crop_free_k3,imagenet,margin_drop,oat:std_floor_beta=0.25,std_floor_beta,0.25,cell_type,edge,80000,0.9883375,0.1327125,0.12105
imagenet_mnv2_100_crop_free_k3,imagenet,margin_drop,preset:lenient,preset,lenient,cell,r0/c0,10000,0.9733,0.1102,0.1369
imagenet_mnv2_100_crop_free_k3,imagenet,margin_drop,preset:lenient,preset,lenient,cell,r0/c1,10000,0.9719,0.1385,0.1666
imagenet_mnv2_100_crop_free_k3,imagenet,margin_drop,preset:lenient,preset,lenient,cell,r0/c2,10000,0.9733,0.1389,0.1656
imagenet_mnv2_100_crop_free_k3,imagenet,margin_drop,preset:lenient,preset,lenient,cell,r0/c3,10000,0.9718,0.1064,0.1346
imagenet_mnv2_100_crop_free_k3,imagenet,margin_drop,preset:lenient,preset,lenient,cell,r1/c0,10000,0.9732,0.1331,0.1599
imagenet_mnv2_100_crop_free_k3,imagenet,margin_drop,preset:lenient,preset,lenient,cell,r1/c1,10000,0.9791,0.1957,0.2166
imagenet_mnv2_100_crop_free_k3,imagenet,margin_drop,preset:lenient,preset,lenient,cell,r1/c2,10000,0.9771,0.1997,0.2226
imagenet_mnv2_100_crop_free_k3,imagenet,margin_drop,preset:lenient,preset,lenient,cell,r1/c3,10000,0.9691,0.1223,0.1532
imagenet_mnv2_100_crop_free_k3,imagenet,margin_drop,preset:lenient,preset,lenient,cell,r2/c0,10000,0.9708,0.1367,0.1659
imagenet_mnv2_100_crop_free_k3,imagenet,margin_drop,preset:lenient,preset,lenient,cell,r2/c1,10000,0.975,0.1903,0.2153
imagenet_mnv2_100_crop_free_k3,imagenet,margin_drop,preset:lenient,preset,lenient,cell,r2/c2,10000,0.974,0.192,0.218
imagenet_mnv2_100_crop_free_k3,imagenet,margin_drop,preset:lenient,preset,lenient,cell,r2/c3,10000,0.9747,0.1264,0.1517
imagenet_mnv2_100_crop_free_k3,imagenet,margin_drop,preset:lenient,preset,lenient,cell,r3/c0,10000,0.968,0.1217,0.1537
imagenet_mnv2_100_crop_free_k3,imagenet,margin_drop,preset:lenient,preset,lenient,cell,r3/c1,10000,0.9705,0.1331,0.1626
imagenet_mnv2_100_crop_free_k3,imagenet,margin_drop,preset:lenient,preset,lenient,cell,r3/c2,10000,0.971,0.1327,0.1617
imagenet_mnv2_100_crop_free_k3,imagenet,margin_drop,preset:lenient,preset,lenient,cell,r3/c3,10000,0.968,0.1088,0.1408
imagenet_mnv2_100_crop_free_k3,imagenet,margin_drop,preset:lenient,preset,lenient,cell_type,center,40000,0.9763,0.194425,0.218125
imagenet_mnv2_100_crop_free_k3,imagenet,margin_drop,preset:lenient,preset,lenient,cell_type,corner,40000,0.970275,0.111775,0.1415
imagenet_mnv2_100_crop_free_k3,imagenet,margin_drop,preset:lenient,preset,lenient,cell_type,edge,80000,0.9718125,0.1327125,0.1609
imagenet_mnv2_100_crop_free_k3,imagenet,margin_drop,preset:conservative,preset,conservative,cell,r0/c0,10000,0.9031,0.1102,0.0503
imagenet_mnv2_100_crop_free_k3,imagenet,margin_drop,preset:conservative,preset,conservative,cell,r0/c1,10000,0.9085,0.1385,0.0742
imagenet_mnv2_100_crop_free_k3,imagenet,margin_drop,preset:conservative,preset,conservative,cell,r0/c2,10000,0.9079,0.1389,0.0738
imagenet_mnv2_100_crop_free_k3,imagenet,margin_drop,preset:conservative,preset,conservative,cell,r0/c3,10000,0.9032,0.1064,0.0492
imagenet_mnv2_100_crop_free_k3,imagenet,margin_drop,preset:conservative,preset,conservative,cell,r1/c0,10000,0.9046,0.1331,0.0651
imagenet_mnv2_100_crop_free_k3,imagenet,margin_drop,preset:conservative,preset,conservative,cell,r1/c1,10000,0.915,0.1957,0.125
imagenet_mnv2_100_crop_free_k3,imagenet,margin_drop,preset:conservative,preset,conservative,cell,r1/c2,10000,0.9166,0.1997,0.1285
imagenet_mnv2_100_crop_free_k3,imagenet,margin_drop,preset:conservative,preset,conservative,cell,r1/c3,10000,0.909,0.1223,0.0596
imagenet_mnv2_100_crop_free_k3,imagenet,margin_drop,preset:conservative,preset,conservative,cell,r2/c0,10000,0.9054,0.1367,0.0701
imagenet_mnv2_100_crop_free_k3,imagenet,margin_drop,preset:conservative,preset,conservative,cell,r2/c1,10000,0.9147,0.1903,0.1196
imagenet_mnv2_100_crop_free_k3,imagenet,margin_drop,preset:conservative,preset,conservative,cell,r2/c2,10000,0.9139,0.192,0.1187
imagenet_mnv2_100_crop_free_k3,imagenet,margin_drop,preset:conservative,preset,conservative,cell,r2/c3,10000,0.9083,0.1264,0.0633
imagenet_mnv2_100_crop_free_k3,imagenet,margin_drop,preset:conservative,preset,conservative,cell,r3/c0,10000,0.8942,0.1217,0.0571
imagenet_mnv2_100_crop_free_k3,imagenet,margin_drop,preset:conservative,preset,conservative,cell,r3/c1,10000,0.9061,0.1331,0.0686
imagenet_mnv2_100_crop_free_k3,imagenet,margin_drop,preset:conservative,preset,conservative,cell,r3/c2,10000,0.904,0.1327,0.0637
imagenet_mnv2_100_crop_free_k3,imagenet,margin_drop,preset:conservative,preset,conservative,cell,r3/c3,10000,0.8978,0.1088,0.0486
imagenet_mnv2_100_crop_free_k3,imagenet,margin_drop,preset:conservative,preset,conservative,cell_type,center,40000,0.91505,0.194425,0.12295
imagenet_mnv2_100_crop_free_k3,imagenet,margin_drop,preset:conservative,preset,conservative,cell_type,corner,40000,0.899575,0.111775,0.0513
imagenet_mnv2_100_crop_free_k3,imagenet,margin_drop,preset:conservative,preset,conservative,cell_type,edge,80000,0.906725,0.1327125,0.0673
imagenet_mnv2_100_crop_free_k3,imagenet,margin_drop,alt:zero_abstain:sign_alpha=0.01,zero_abstain_alpha,0.01,cell,r0/c0,10000,0.9879,0.1102,0.1122
imagenet_mnv2_100_crop_free_k3,imagenet,margin_drop,alt:zero_abstain:sign_alpha=0.01,zero_abstain_alpha,0.01,cell,r0/c1,10000,0.9939,0.1385,0.1402
imagenet_mnv2_100_crop_free_k3,imagenet,margin_drop,alt:zero_abstain:sign_alpha=0.01,zero_abstain_alpha,0.01,cell,r0/c2,10000,0.9915,0.1389,0.1412
imagenet_mnv2_100_crop_free_k3,imagenet,margin_drop,alt:zero_abstain:sign_alpha=0.01,zero_abstain_alpha,0.01,cell,r0/c3,10000,0.9865,0.1064,0.1091
imagenet_mnv2_100_crop_free_k3,imagenet,margin_drop,alt:zero_abstain:sign_alpha=0.01,zero_abstain_alpha,0.01,cell,r1/c0,10000,0.9919,0.1331,0.1344
imagenet_mnv2_100_crop_free_k3,imagenet,margin_drop,alt:zero_abstain:sign_alpha=0.01,zero_abstain_alpha,0.01,cell,r1/c1,10000,0.9956,0.1957,0.1972
imagenet_mnv2_100_crop_free_k3,imagenet,margin_drop,alt:zero_abstain:sign_alpha=0.01,zero_abstain_alpha,0.01,cell,r1/c2,10000,0.9967,0.1997,0.2012
imagenet_mnv2_100_crop_free_k3,imagenet,margin_drop,alt:zero_abstain:sign_alpha=0.01,zero_abstain_alpha,0.01,cell,r1/c3,10000,0.9928,0.1223,0.124
imagenet_mnv2_100_crop_free_k3,imagenet,margin_drop,alt:zero_abstain:sign_alpha=0.01,zero_abstain_alpha,0.01,cell,r2/c0,10000,0.9921,0.1367,0.1393
imagenet_mnv2_100_crop_free_k3,imagenet,margin_drop,alt:zero_abstain:sign_alpha=0.01,zero_abstain_alpha,0.01,cell,r2/c1,10000,0.9966,0.1903,0.1921
imagenet_mnv2_100_crop_free_k3,imagenet,margin_drop,alt:zero_abstain:sign_alpha=0.01,zero_abstain_alpha,0.01,cell,r2/c2,10000,0.9957,0.192,0.1934
imagenet_mnv2_100_crop_free_k3,imagenet,margin_drop,alt:zero_abstain:sign_alpha=0.01,zero_abstain_alpha,0.01,cell,r2/c3,10000,0.9927,0.1264,0.1279
imagenet_mnv2_100_crop_free_k3,imagenet,margin_drop,alt:zero_abstain:sign_alpha=0.01,zero_abstain_alpha,0.01,cell,r3/c0,10000,0.9905,0.1217,0.1239
imagenet_mnv2_100_crop_free_k3,imagenet,margin_drop,alt:zero_abstain:sign_alpha=0.01,zero_abstain_alpha,0.01,cell,r3/c1,10000,0.9924,0.1331,0.1339
imagenet_mnv2_100_crop_free_k3,imagenet,margin_drop,alt:zero_abstain:sign_alpha=0.01,zero_abstain_alpha,0.01,cell,r3/c2,10000,0.9923,0.1327,0.1347
imagenet_mnv2_100_crop_free_k3,imagenet,margin_drop,alt:zero_abstain:sign_alpha=0.01,zero_abstain_alpha,0.01,cell,r3/c3,10000,0.9874,0.1088,0.1111
imagenet_mnv2_100_crop_free_k3,imagenet,margin_drop,alt:zero_abstain:sign_alpha=0.01,zero_abstain_alpha,0.01,cell_type,center,40000,0.99615,0.194425,0.195975
imagenet_mnv2_100_crop_free_k3,imagenet,margin_drop,alt:zero_abstain:sign_alpha=0.01,zero_abstain_alpha,0.01,cell_type,corner,40000,0.988075,0.111775,0.114075
imagenet_mnv2_100_crop_free_k3,imagenet,margin_drop,alt:zero_abstain:sign_alpha=0.01,zero_abstain_alpha,0.01,cell_type,edge,80000,0.99245,0.1327125,0.13445
imagenet_mnv2_100_crop_free_k3,imagenet,margin_drop,alt:zero_abstain:sign_alpha=0.05,zero_abstain_alpha,0.05,cell,r0/c0,10000,0.9457,0.1102,0.121
imagenet_mnv2_100_crop_free_k3,imagenet,margin_drop,alt:zero_abstain:sign_alpha=0.05,zero_abstain_alpha,0.05,cell,r0/c1,10000,0.9631,0.1385,0.1481
imagenet_mnv2_100_crop_free_k3,imagenet,margin_drop,alt:zero_abstain:sign_alpha=0.05,zero_abstain_alpha,0.05,cell,r0/c2,10000,0.9622,0.1389,0.1486
imagenet_mnv2_100_crop_free_k3,imagenet,margin_drop,alt:zero_abstain:sign_alpha=0.05,zero_abstain_alpha,0.05,cell,r0/c3,10000,0.9369,0.1064,0.1165
imagenet_mnv2_100_crop_free_k3,imagenet,margin_drop,alt:zero_abstain:sign_alpha=0.05,zero_abstain_alpha,0.05,cell,r1/c0,10000,0.9606,0.1331,0.1401
imagenet_mnv2_100_crop_free_k3,imagenet,margin_drop,alt:zero_abstain:sign_alpha=0.05,zero_abstain_alpha,0.05,cell,r1/c1,10000,0.9787,0.1957,0.2029
imagenet_mnv2_100_crop_free_k3,imagenet,margin_drop,alt:zero_abstain:sign_alpha=0.05,zero_abstain_alpha,0.05,cell,r1/c2,10000,0.9778,0.1997,0.2079
imagenet_mnv2_100_crop_free_k3,imagenet,margin_drop,alt:zero_abstain:sign_alpha=0.05,zero_abstain_alpha,0.05,cell,r1/c3,10000,0.9621,0.1223,0.1299
imagenet_mnv2_100_crop_free_k3,imagenet,margin_drop,alt:zero_abstain:sign_alpha=0.05,zero_abstain_alpha,0.05,cell,r2/c0,10000,0.9586,0.1367,0.1464
imagenet_mnv2_100_crop_free_k3,imagenet,margin_drop,alt:zero_abstain:sign_alpha=0.05,zero_abstain_alpha,0.05,cell,r2/c1,10000,0.9787,0.1903,0.1981
imagenet_mnv2_100_crop_free_k3,imagenet,margin_drop,alt:zero_abstain:sign_alpha=0.05,zero_abstain_alpha,0.05,cell,r2/c2,10000,0.9797,0.192,0.1982
imagenet_mnv2_100_crop_free_k3,imagenet,margin_drop,alt:zero_abstain:sign_alpha=0.05,zero_abstain_alpha,0.05,cell,r2/c3,10000,0.9632,0.1264,0.1332
imagenet_mnv2_100_crop_free_k3,imagenet,margin_drop,alt:zero_abstain:sign_alpha=0.05,zero_abstain_alpha,0.05,cell,r3/c0,10000,0.9501,0.1217,0.1305
imagenet_mnv2_100_crop_free_k3,imagenet,margin_drop,alt:zero_abstain:sign_alpha=0.05,zero_abstain_alpha,0.05,cell,r3/c1,10000,0.9618,0.1331,0.1399
imagenet_mnv2_100_crop_free_k3,imagenet,margin_drop,alt:zero_abstain:sign_alpha=0.05,zero_abstain_alpha,0.05,cell,r3/c2,10000,0.9619,0.1327,0.1407
imagenet_mnv2_100_crop_free_k3,imagenet,margin_drop,alt:zero_abstain:sign_alpha=0.05,zero_abstain_alpha,0.05,cell,r3/c3,10000,0.9448,0.1088,0.1192
imagenet_mnv2_100_crop_free_k3,imagenet,margin_drop,alt:zero_abstain:sign_alpha=0.05,zero_abstain_alpha,0.05,cell_type,center,40000,0.978725,0.194425,0.201775
imagenet_mnv2_100_crop_free_k3,imagenet,margin_drop,alt:zero_abstain:sign_alpha=0.05,zero_abstain_alpha,0.05,cell_type,corner,40000,0.944375,0.111775,0.1218
imagenet_mnv2_100_crop_free_k3,imagenet,margin_drop,alt:zero_abstain:sign_alpha=0.05,zero_abstain_alpha,0.05,cell_type,edge,80000,0.9616875,0.1327125,0.1408625
imagenet_mnv2_100_crop_free_k3,imagenet,margin_drop,alt:zero_abstain:sign_alpha=0.1,zero_abstain_alpha,0.1,cell,r0/c0,10000,0.8884,0.1102,0.1279
imagenet_mnv2_100_crop_free_k3,imagenet,margin_drop,alt:zero_abstain:sign_alpha=0.1,zero_abstain_alpha,0.1,cell,r0/c1,10000,0.9262,0.1385,0.1542
imagenet_mnv2_100_crop_free_k3,imagenet,margin_drop,alt:zero_abstain:sign_alpha=0.1,zero_abstain_alpha,0.1,cell,r0/c2,10000,0.9249,0.1389,0.1556
imagenet_mnv2_100_crop_free_k3,imagenet,margin_drop,alt:zero_abstain:sign_alpha=0.1,zero_abstain_alpha,0.1,cell,r0/c3,10000,0.885,0.1064,0.1222
imagenet_mnv2_100_crop_free_k3,imagenet,margin_drop,alt:zero_abstain:sign_alpha=0.1,zero_abstain_alpha,0.1,cell,r1/c0,10000,0.9208,0.1331,0.1459
imagenet_mnv2_100_crop_free_k3,imagenet,margin_drop,alt:zero_abstain:sign_alpha=0.1,zero_abstain_alpha,0.1,cell,r1/c1,10000,0.9581,0.1957,0.2104
imagenet_mnv2_100_crop_free_k3,imagenet,margin_drop,alt:zero_abstain:sign_alpha=0.1,zero_abstain_alpha,0.1,cell,r1/c2,10000,0.958,0.1997,0.2147
imagenet_mnv2_100_crop_free_k3,imagenet,margin_drop,alt:zero_abstain:sign_alpha=0.1,zero_abstain_alpha,0.1,cell,r1/c3,10000,0.9236,0.1223,0.1358
imagenet_mnv2_100_crop_free_k3,imagenet,margin_drop,alt:zero_abstain:sign_alpha=0.1,zero_abstain_alpha,0.1,cell,r2/c0,10000,0.9228,0.1367,0.1532
imagenet_mnv2_100_crop_free_k3,imagenet,margin_drop,alt:zero_abstain:sign_alpha=0.1,zero_abstain_alpha,0.1,cell,r2/c1,10000,0.9553,0.1903,0.205
imagenet_mnv2_100_crop_free_k3,imagenet,margin_drop,alt:zero_abstain:sign_alpha=0.1,zero_abstain_alpha,0.1,cell,r2/c2,10000,0.9597,0.192,0.2056
imagenet_mnv2_100_crop_free_k3,imagenet,margin_drop,alt:zero_abstain:sign_alpha=0.1,zero_abstain_alpha,0.1,cell,r2/c3,10000,0.9258,0.1264,0.1415
imagenet_mnv2_100_crop_free_k3,imagenet,margin_drop,alt:zero_abstain:sign_alpha=0.1,zero_abstain_alpha,0.1,cell,r3/c0,10000,0.9034,0.1217,0.1358
imagenet_mnv2_100_crop_free_k3,imagenet,margin_drop,alt:zero_abstain:sign_alpha=0.1,zero_abstain_alpha,0.1,cell,r3/c1,10000,0.9245,0.1331,0.1481
imagenet_mnv2_100_crop_free_k3,imagenet,margin_drop,alt:zero_abstain:sign_alpha=0.1,zero_abstain_alpha,0.1,cell,r3/c2,10000,0.925,0.1327,0.1471
imagenet_mnv2_100_crop_free_k3,imagenet,margin_drop,alt:zero_abstain:sign_alpha=0.1,zero_abstain_alpha,0.1,cell,r3/c3,10000,0.8921,0.1088,0.1236
imagenet_mnv2_100_crop_free_k3,imagenet,margin_drop,alt:zero_abstain:sign_alpha=0.1,zero_abstain_alpha,0.1,cell_type,center,40000,0.957775,0.194425,0.208925
imagenet_mnv2_100_crop_free_k3,imagenet,margin_drop,alt:zero_abstain:sign_alpha=0.1,zero_abstain_alpha,0.1,cell_type,corner,40000,0.892225,0.111775,0.127375
imagenet_mnv2_100_crop_free_k3,imagenet,margin_drop,alt:zero_abstain:sign_alpha=0.1,zero_abstain_alpha,0.1,cell_type,edge,80000,0.9242,0.1327125,0.147675
imagenet_mnv2_100_crop_free_k3,imagenet,margin_drop,alt:zero_abstain:sign_alpha=0.25,zero_abstain_alpha,0.25,cell,r0/c0,10000,0.7425,0.1102,0.1313
imagenet_mnv2_100_crop_free_k3,imagenet,margin_drop,alt:zero_abstain:sign_alpha=0.25,zero_abstain_alpha,0.25,cell,r0/c1,10000,0.825,0.1385,0.166
imagenet_mnv2_100_crop_free_k3,imagenet,margin_drop,alt:zero_abstain:sign_alpha=0.25,zero_abstain_alpha,0.25,cell,r0/c2,10000,0.8136,0.1389,0.1678
imagenet_mnv2_100_crop_free_k3,imagenet,margin_drop,alt:zero_abstain:sign_alpha=0.25,zero_abstain_alpha,0.25,cell,r0/c3,10000,0.7413,0.1064,0.1257
imagenet_mnv2_100_crop_free_k3,imagenet,margin_drop,alt:zero_abstain:sign_alpha=0.25,zero_abstain_alpha,0.25,cell,r1/c0,10000,0.8088,0.1331,0.1578
imagenet_mnv2_100_crop_free_k3,imagenet,margin_drop,alt:zero_abstain:sign_alpha=0.25,zero_abstain_alpha,0.25,cell,r1/c1,10000,0.8947,0.1957,0.2254
imagenet_mnv2_100_crop_free_k3,imagenet,margin_drop,alt:zero_abstain:sign_alpha=0.25,zero_abstain_alpha,0.25,cell,r1/c2,10000,0.8932,0.1997,0.2317
imagenet_mnv2_100_crop_free_k3,imagenet,margin_drop,alt:zero_abstain:sign_alpha=0.25,zero_abstain_alpha,0.25,cell,r1/c3,10000,0.8196,0.1223,0.1453
imagenet_mnv2_100_crop_free_k3,imagenet,margin_drop,alt:zero_abstain:sign_alpha=0.25,zero_abstain_alpha,0.25,cell,r2/c0,10000,0.8241,0.1367,0.1629
imagenet_mnv2_100_crop_free_k3,imagenet,margin_drop,alt:zero_abstain:sign_alpha=0.25,zero_abstain_alpha,0.25,cell,r2/c1,10000,0.8926,0.1903,0.2211
imagenet_mnv2_100_crop_free_k3,imagenet,margin_drop,alt:zero_abstain:sign_alpha=0.25,zero_abstain_alpha,0.25,cell,r2/c2,10000,0.892,0.192,0.2215
imagenet_mnv2_100_crop_free_k3,imagenet,margin_drop,alt:zero_abstain:sign_alpha=0.25,zero_abstain_alpha,0.25,cell,r2/c3,10000,0.8085,0.1264,0.1521
imagenet_mnv2_100_crop_free_k3,imagenet,margin_drop,alt:zero_abstain:sign_alpha=0.25,zero_abstain_alpha,0.25,cell,r3/c0,10000,0.7655,0.1217,0.1431
imagenet_mnv2_100_crop_free_k3,imagenet,margin_drop,alt:zero_abstain:sign_alpha=0.25,zero_abstain_alpha,0.25,cell,r3/c1,10000,0.8235,0.1331,0.1577
imagenet_mnv2_100_crop_free_k3,imagenet,margin_drop,alt:zero_abstain:sign_alpha=0.25,zero_abstain_alpha,0.25,cell,r3/c2,10000,0.8213,0.1327,0.1577
imagenet_mnv2_100_crop_free_k3,imagenet,margin_drop,alt:zero_abstain:sign_alpha=0.25,zero_abstain_alpha,0.25,cell,r3/c3,10000,0.7598,0.1088,0.1296
imagenet_mnv2_100_crop_free_k3,imagenet,margin_drop,alt:zero_abstain:sign_alpha=0.25,zero_abstain_alpha,0.25,cell_type,center,40000,0.893125,0.194425,0.224925
imagenet_mnv2_100_crop_free_k3,imagenet,margin_drop,alt:zero_abstain:sign_alpha=0.25,zero_abstain_alpha,0.25,cell_type,corner,40000,0.752275,0.111775,0.132425
imagenet_mnv2_100_crop_free_k3,imagenet,margin_drop,alt:zero_abstain:sign_alpha=0.25,zero_abstain_alpha,0.25,cell_type,edge,80000,0.81805,0.1327125,0.1584125
