run,dataset,metric,setting_id,param,value,flag,true,false,unavailable
synthetic_shortcut,synthetic,margin_drop,default,default,,sign_consistent,0.2534375,0.7465625,0.0
synthetic_shortcut,synthetic,margin_drop,default,default,,exceeds_control,0.459375,0.540625,0.0
synthetic_shortcut,synthetic,margin_drop,default,default,,multi_strategy,1.0,0.0,0.0
synthetic_shortcut,synthetic,margin_drop,default,default,,ci_excludes_zero,0.5,0.5,0.0
synthetic_shortcut,synthetic,margin_drop,oat:z_threshold=1.0,z_threshold,1.0,sign_consistent,0.2534375,0.7465625,0.0
synthetic_shortcut,synthetic,margin_drop,oat:z_threshold=1.0,z_threshold,1.0,exceeds_control,0.6646875,0.3353125,0.0
synthetic_shortcut,synthetic,margin_drop,oat:z_threshold=1.0,z_threshold,1.0,multi_strategy,1.0,0.0,0.0
synthetic_shortcut,synthetic,margin_drop,oat:z_threshold=1.0,z_threshold,1.0,ci_excludes_zero,0.5,0.5,0.0
synthetic_shortcut,synthetic,margin_drop,oat:z_threshold=1.5,z_threshold,1.5,sign_consistent,0.2534375,0.7465625,0.0
synthetic_shortcut,synthetic,margin_drop,oat:z_threshold=1.5,z_threshold,1.5,exceeds_control,0.519375,0.480625,0.0
synthetic_shortcut,synthetic,margin_drop,oat:z_threshold=1.5,z_threshold,1.5,multi_strategy,1.0,0.0,0.0
synthetic_shortcut,synthetic,margin_drop,oat:z_threshold=1.5,z_threshold,1.5,ci_excludes_zero,0.5,0.5,0.0
synthetic_shortcut,synthetic,margin_drop,oat:z_threshold=2.0,z_threshold,2.0,sign_consistent,0.2534375,0.7465625,0.0
synthetic_shortcut,synthetic,margin_drop,oat:z_threshold=2.0,z_threshold,2.0,exceeds_control,0.459375,0.540625,0.0
synthetic_shortcut,synthetic,margin_drop,oat:z_threshold=2.0,z_threshold,2.0,multi_strategy,1.0,0.0,0.0
synthetic_shortcut,synthetic,margin_drop,oat:z_threshold=2.0,z_threshold,2.0,ci_excludes_zero,0.5,0.5,0.0
synthetic_shortcut,synthetic,margin_drop,oat:z_threshold=2.5,z_threshold,2.5,sign_consistent,0.2534375,0.7465625,0.0
synthetic_shortcut,synthetic,margin_drop,oat:z_threshold=2.5,z_threshold,2.5,exceeds_control,0.4175,0.5825,0.0
synthetic_shortcut,synthetic,margin_drop,oat:z_threshold=2.5,z_threshold,2.5,multi_strategy,1.0,0.0,0.0
synthetic_shortcut,synthetic,margin_drop,oat:z_threshold=2.5,z_threshold,2.5,ci_excludes_zero,0.5,0.5,0.0
synthetic_shortcut,synthetic,margin_drop,oat:z_threshold=3.0,z_threshold,3.0,sign_consistent,0.2534375,0.7465625,0.0
synthetic_shortcut,synthetic,margin_drop,oat:z_threshold=3.0,z_threshold,3.0,exceeds_control,0.390625,0.609375,0.0
synthetic_shortcut,synthetic,margin_drop,oat:z_threshold=3.0,z_threshold,3.0,multi_strategy,1.0,0.0,0.0
synthetic_shortcut,synthetic,margin_drop,oat:z_threshold=3.0,z_threshold,3.0,ci_excludes_zero,0.5,0.5,0.0
synthetic_shortcut,synthetic,margin_drop,oat:z_threshold=4.0,z_threshold,4.0,sign_consistent,0.2534375,0.7465625,0.0
synthetic_shortcut,synthetic,margin_drop,oat:z_threshold=4.0,z_threshold,4.0,exceeds_control,0.3484375,0.6515625,0.0
synthetic_shortcut,synthetic,margin_drop,oat:z_threshold=4.0,z_threshold,4.0,multi_strategy,1.0,0.0,0.0
synthetic_shortcut,synthetic,margin_drop,oat:z_threshold=4.0,z_threshold,4.0,ci_excludes_zero,0.5,0.5,0.0
synthetic_shortcut,synthetic,margin_drop,oat:sign_alpha=0.0,sign_alpha,0.0,sign_consistent,0.2534375,0.7465625,0.0
synthetic_shortcut,synthetic,margin_drop,oat:sign_alpha=0.0,sign_alpha,0.0,exceeds_control,0.459375,0.540625,0.0
synthetic_shortcut,synthetic,margin_drop,oat:sign_alpha=0.0,sign_alpha,0.0,multi_strategy,1.0,0.0,0.0
synthetic_shortcut,synthetic,margin_drop,oat:sign_alpha=0.0,sign_alpha,0.0,ci_excludes_zero,0.5,0.5,0.0
synthetic_shortcut,synthetic,margin_drop,oat:sign_alpha=0.01,sign_alpha,0.01,sign_consistent,0.2371875,0.7628125,0.0
synthetic_shortcut,synthetic,margin_drop,oat:sign_alpha=0.01,sign_alpha,0.01,exceeds_control,0.459375,0.540625,0.0
synthetic_shortcut,synthetic,margin_drop,oat:sign_alpha=0.01,sign_alpha,0.01,multi_strategy,1.0,0.0,0.0
synthetic_shortcut,synthetic,margin_drop,oat:sign_alpha=0.01,sign_alpha,0.01,ci_excludes_zero,0.5,0.5,0.0
synthetic_shortcut,synthetic,margin_drop,oat:sign_alpha=0.05,sign_alpha,0.05,sign_consistent,0.2253125,0.7746875,0.0
synthetic_shortcut,synthetic,margin_drop,oat:sign_alpha=0.05,sign_alpha,0.05,exceeds_control,0.459375,0.540625,0.0
synthetic_shortcut,synthetic,margin_drop,oat:sign_alpha=0.05,sign_alpha,0.05,multi_strategy,1.0,0.0,0.0
synthetic_shortcut,synthetic,margin_drop,oat:sign_alpha=0.05,sign_alpha,0.05,ci_excludes_zero,0.5,0.5,0.0
synthetic_shortcut,synthetic,margin_drop,oat:sign_alpha=0.1,sign_alpha,0.1,sign_consistent,0.221875,0.778125,0.0
synthetic_shortcut,synthetic,margin_drop,oat:sign_alpha=0.1,sign_alpha,0.1,exceeds_control,0.459375,0.540625,0.0
synthetic_shortcut,synthetic,margin_drop,oat:sign_alpha=0.1,sign_alpha,0.1,multi_strategy,1.0,0.0,0.0
synthetic_shortcut,synthetic,margin_drop,oat:sign_alpha=0.1,sign_alpha,0.1,ci_excludes_zero,0.5,0.5,0.0
synthetic_shortcut,synthetic,margin_drop,oat:sign_alpha=0.25,sign_alpha,0.25,sign_consistent,0.2296875,0.7703125,0.0
synthetic_shortcut,synthetic,margin_drop,oat:sign_alpha=0.25,sign_alpha,0.25,exceeds_control,0.459375,0.540625,0.0
synthetic_shortcut,synthetic,margin_drop,oat:sign_alpha=0.25,sign_alpha,0.25,multi_strategy,1.0,0.0,0.0
synthetic_shortcut,synthetic,margin_drop,oat:sign_alpha=0.25,sign_alpha,0.25,ci_excludes_zero,0.5,0.5,0.0
synthetic_shortcut,synthetic,margin_drop,oat:min_multi_strategy=2,min_multi_strategy,2,sign_consistent,0.2534375,0.7465625,0.0
synthetic_shortcut,synthetic,margin_drop,oat:min_multi_strategy=2,min_multi_strategy,2,exceeds_control,0.459375,0.540625,0.0
synthetic_shortcut,synthetic,margin_drop,oat:min_multi_strategy=2,min_multi_strategy,2,multi_strategy,1.0,0.0,0.0
synthetic_shortcut,synthetic,margin_drop,oat:min_multi_strategy=2,min_multi_strategy,2,ci_excludes_zero,0.5,0.5,0.0
synthetic_shortcut,synthetic,margin_drop,oat:min_multi_strategy=3,min_multi_strategy,3,sign_consistent,0.2534375,0.7465625,0.0
synthetic_shortcut,synthetic,margin_drop,oat:min_multi_strategy=3,min_multi_strategy,3,exceeds_control,0.459375,0.540625,0.0
synthetic_shortcut,synthetic,margin_drop,oat:min_multi_strategy=3,min_multi_strategy,3,multi_strategy,0.98875,0.01125,0.0
synthetic_shortcut,synthetic,margin_drop,oat:min_multi_strategy=3,min_multi_strategy,3,ci_excludes_zero,0.5,0.5,0.0
synthetic_shortcut,synthetic,margin_drop,oat:min_multi_strategy=4,min_multi_strategy,4,sign_consistent,0.2534375,0.7465625,0.0
synthetic_shortcut,synthetic,margin_drop,oat:min_multi_strategy=4,min_multi_strategy,4,exceeds_control,0.459375,0.540625,0.0
synthetic_shortcut,synthetic,margin_drop,oat:min_multi_strategy=4,min_multi_strategy,4,multi_strategy,0.5646875,0.4353125,0.0
synthetic_shortcut,synthetic,margin_drop,oat:min_multi_strategy=4,min_multi_strategy,4,ci_excludes_zero,0.5,0.5,0.0
synthetic_shortcut,synthetic,margin_drop,oat:min_multi_strategy=5,min_multi_strategy,5,sign_consistent,0.2534375,0.7465625,0.0
synthetic_shortcut,synthetic,margin_drop,oat:min_multi_strategy=5,min_multi_strategy,5,exceeds_control,0.459375,0.540625,0.0
synthetic_shortcut,synthetic,margin_drop,oat:min_multi_strategy=5,min_multi_strategy,5,multi_strategy,0.2534375,0.7465625,0.0
synthetic_shortcut,synthetic,margin_drop,oat:min_multi_strategy=5,min_multi_strategy,5,ci_excludes_zero,0.5,0.5,0.0
synthetic_shortcut,synthetic,margin_drop,oat:ci_level=90,ci_level,90,sign_consistent,0.2534375,0.7465625,0.0
synthetic_shortcut,synthetic,margin_drop,oat:ci_level=90,ci_level,90,exceeds_control,0.459375,0.540625,0.0
synthetic_shortcut,synthetic,margin_drop,oat:ci_level=90,ci_level,90,multi_strategy,1.0,0.0,0.0
synthetic_shortcut,synthetic,margin_drop,oat:ci_level=90,ci_level,90,ci_excludes_zero,0.625,0.375,0.0
synthetic_shortcut,synthetic,margin_drop,oat:ci_level=95,ci_level,95,sign_consistent,0.2534375,0.7465625,0.0
synthetic_shortcut,synthetic,margin_drop,oat:ci_level=95,ci_level,95,exceeds_control,0.459375,0.540625,0.0
synthetic_shortcut,synthetic,margin_drop,oat:ci_level=95,ci_level,95,multi_strategy,1.0,0.0,0.0
synthetic_shortcut,synthetic,margin_drop,oat:ci_level=95,ci_level,95,ci_excludes_zero,0.5,0.5,0.0
synthetic_shortcut,synthetic,margin_drop,oat:ci_level=99,ci_level,99,sign_consistent,0.2534375,0.7465625,0.0
synthetic_shortcut,synthetic,margin_drop,oat:ci_level=99,ci_level,99,exceeds_control,0.459375,0.540625,0.0
synthetic_shortcut,synthetic,margin_drop,oat:ci_level=99,ci_level,99,multi_strategy,1.0,0.0,0.0
synthetic_shortcut,synthetic,margin_drop,oat:ci_level=99,ci_level,99,ci_excludes_zero,0.4375,0.5625,0.0
synthetic_shortcut,synthetic,margin_drop,oat:ci_level=999,ci_level,999,sign_consistent,0.2534375,0.7465625,0.0
synthetic_shortcut,synthetic,margin_drop,oat:ci_level=999,ci_level,999,exceeds_control,0.459375,0.540625,0.0
synthetic_shortcut,synthetic,margin_drop,oat:ci_level=999,ci_level,999,multi_strategy,1.0,0.0,0.0
synthetic_shortcut,synthetic,margin_drop,oat:ci_level=999,ci_level,999,ci_excludes_zero,0.4375,0.5625,0.0
synthetic_shortcut,synthetic,margin_drop,oat:ddof=0,ddof,0,sign_consistent,0.2534375,0.7465625,0.0
synthetic_shortcut,synthetic,margin_drop,oat:ddof=0,ddof,0,exceeds_control,0.459375,0.540625,0.0
synthetic_shortcut,synthetic,margin_drop,oat:ddof=0,ddof,0,multi_strategy,1.0,0.0,0.0
synthetic_shortcut,synthetic,margin_drop,oat:ddof=0,ddof,0,ci_excludes_zero,0.5,0.5,0.0
synthetic_shortcut,synthetic,margin_drop,oat:ddof=1,ddof,1,sign_consistent,0.2534375,0.7465625,0.0
synthetic_shortcut,synthetic,margin_drop,oat:ddof=1,ddof,1,exceeds_control,0.3990625,0.6009375,0.0
synthetic_shortcut,synthetic,margin_drop,oat:ddof=1,ddof,1,multi_strategy,1.0,0.0,0.0
synthetic_shortcut,synthetic,margin_drop,oat:ddof=1,ddof,1,ci_excludes_zero,0.5,0.5,0.0
synthetic_shortcut,synthetic,margin_drop,oat:std_floor_beta=0.0,std_floor_beta,0.0,sign_consistent,0.2534375,0.7465625,0.0
synthetic_shortcut,synthetic,margin_drop,oat:std_floor_beta=0.0,std_floor_beta,0.0,exceeds_control,0.459375,0.540625,0.0
synthetic_shortcut,synthetic,margin_drop,oat:std_floor_beta=0.0,std_floor_beta,0.0,multi_strategy,1.0,0.0,0.0
synthetic_shortcut,synthetic,margin_drop,oat:std_floor_beta=0.0,std_floor_beta,0.0,ci_excludes_zero,0.5,0.5,0.0
synthetic_shortcut,synthetic,margin_drop,oat:std_floor_beta=0.1,std_floor_beta,0.1,sign_consistent,0.2534375,0.7465625,0.0
synthetic_shortcut,synthetic,margin_drop,oat:std_floor_beta=0.1,std_floor_beta,0.1,exceeds_control,0.3515625,0.6484375,0.0
synthetic_shortcut,synthetic,margin_drop,oat:std_floor_beta=0.1,std_floor_beta,0.1,multi_strategy,1.0,0.0,0.0
synthetic_shortcut,synthetic,margin_drop,oat:std_floor_beta=0.1,std_floor_beta,0.1,ci_excludes_zero,0.5,0.5,0.0
synthetic_shortcut,synthetic,margin_drop,oat:std_floor_beta=0.25,std_floor_beta,0.25,sign_consistent,0.2534375,0.7465625,0.0
synthetic_shortcut,synthetic,margin_drop,oat:std_floor_beta=0.25,std_floor_beta,0.25,exceeds_control,0.2915625,0.7084375,0.0
synthetic_shortcut,synthetic,margin_drop,oat:std_floor_beta=0.25,std_floor_beta,0.25,multi_strategy,1.0,0.0,0.0
synthetic_shortcut,synthetic,margin_drop,oat:std_floor_beta=0.25,std_floor_beta,0.25,ci_excludes_zero,0.5,0.5,0.0
synthetic_shortcut,synthetic,margin_drop,preset:lenient,preset,lenient,sign_consistent,0.2534375,0.7465625,0.0
synthetic_shortcut,synthetic,margin_drop,preset:lenient,preset,lenient,exceeds_control,0.519375,0.480625,0.0
synthetic_shortcut,synthetic,margin_drop,preset:lenient,preset,lenient,multi_strategy,1.0,0.0,0.0
synthetic_shortcut,synthetic,margin_drop,preset:lenient,preset,lenient,ci_excludes_zero,0.625,0.375,0.0
synthetic_shortcut,synthetic,margin_drop,preset:conservative,preset,conservative,sign_consistent,0.2253125,0.7746875,0.0
synthetic_shortcut,synthetic,margin_drop,preset:conservative,preset,conservative,exceeds_control,0.2603125,0.7396875,0.0
synthetic_shortcut,synthetic,margin_drop,preset:conservative,preset,conservative,multi_strategy,1.0,0.0,0.0
synthetic_shortcut,synthetic,margin_drop,preset:conservative,preset,conservative,ci_excludes_zero,0.4375,0.5625,0.0
synthetic_shortcut,synthetic,margin_drop,alt:zero_abstain:sign_alpha=0.01,zero_abstain_alpha,0.01,sign_consistent,0.33625,0.5834375,0.0803125
synthetic_shortcut,synthetic,margin_drop,alt:zero_abstain:sign_alpha=0.01,zero_abstain_alpha,0.01,exceeds_control,0.459375,0.540625,0.0
synthetic_shortcut,synthetic,margin_drop,alt:zero_abstain:sign_alpha=0.01,zero_abstain_alpha,0.01,multi_strategy,0.795,0.205,0.0
synthetic_shortcut,synthetic,margin_drop,alt:zero_abstain:sign_alpha=0.01,zero_abstain_alpha,0.01,ci_excludes_zero,0.5,0.5,0.0
synthetic_shortcut,synthetic,margin_drop,alt:zero_abstain:sign_alpha=0.05,zero_abstain_alpha,0.05,sign_consistent,0.368125,0.53875,0.093125
synthetic_shortcut,synthetic,margin_drop,alt:zero_abstain:sign_alpha=0.05,zero_abstain_alpha,0.05,exceeds_control,0.459375,0.540625,0.0
synthetic_shortcut,synthetic,margin_drop,alt:zero_abstain:sign_alpha=0.05,zero_abstain_alpha,0.05,multi_strategy,0.75125,0.24875,0.0
synthetic_shortcut,synthetic,margin_drop,alt:zero_abstain:sign_alpha=0.05,zero_abstain_alpha,0.05,ci_excludes_zero,0.5,0.5,0.0
synthetic_shortcut,synthetic,margin_drop,alt:zero_abstain:sign_alpha=0.1,zero_abstain_alpha,0.1,sign_consistent,0.3946875,0.50125,0.1040625
synthetic_shortcut,synthetic,margin_drop,alt:zero_abstain:sign_alpha=0.1,zero_abstain_alpha,0.1,exceeds_control,0.459375,0.540625,0.0
synthetic_shortcut,synthetic,margin_drop,alt:zero_abstain:sign_alpha=0.1,zero_abstain_alpha,0.1,multi_strategy,0.72125,0.27875,0.0
synthetic_shortcut,synthetic,margin_drop,alt:zero_abstain:sign_alpha=0.1,zero_abstain_alpha,0.1,ci_excludes_zero,0.5,0.5,0.0
synthetic_shortcut,synthetic,margin_drop,alt:zero_abstain:sign_alpha=0.25,zero_abstain_alpha,0.25,sign_consistent,0.4259375,0.4440625,0.13
synthetic_shortcut,synthetic,margin_drop,alt:zero_abstain:sign_alpha=0.25,zero_abstain_alpha,0.25,exceeds_control,0.459375,0.540625,0.0
synthetic_shortcut,synthetic,margin_drop,alt:zero_abstain:sign_alpha=0.25,zero_abstain_alpha,0.25,multi_strategy,0.654375,0.345625,0.0
synthetic_shortcut,synthetic,margin_drop,alt:zero_abstain:sign_alpha=0.25,zero_abstain_alpha,0.25,ci_excludes_zero,0.5,0.5,0.0
synthetic_normal,synthetic,margin_drop,default,default,,sign_consistent,0.3690625,0.6309375,0.0
synthetic_normal,synthetic,margin_drop,default,default,,exceeds_control,0.6271875,0.3728125,0.0
synthetic_normal,synthetic,margin_drop,default,default,,multi_strategy,1.0,0.0,0.0
synthetic_normal,synthetic,margin_drop,default,default,,ci_excludes_zero,1.0,0.0,0.0
synthetic_normal,synthetic,margin_drop,oat:z_threshold=1.0,z_threshold,1.0,sign_consistent,0.3690625,0.6309375,0.0
synthetic_normal,synthetic,margin_drop,oat:z_threshold=1.0,z_threshold,1.0,exceeds_control,0.720625,0.279375,0.0
synthetic_normal,synthetic,margin_drop,oat:z_threshold=1.0,z_threshold,1.0,multi_strategy,1.0,0.0,0.0
synthetic_normal,synthetic,margin_drop,oat:z_threshold=1.0,z_threshold,1.0,ci_excludes_zero,1.0,0.0,0.0
synthetic_normal,synthetic,margin_drop,oat:z_threshold=1.5,z_threshold,1.5,sign_consistent,0.3690625,0.6309375,0.0
synthetic_normal,synthetic,margin_drop,oat:z_threshold=1.5,z_threshold,1.5,exceeds_control,0.673125,0.326875,0.0
synthetic_normal,synthetic,margin_drop,oat:z_threshold=1.5,z_threshold,1.5,multi_strategy,1.0,0.0,0.0
synthetic_normal,synthetic,margin_drop,oat:z_threshold=1.5,z_threshold,1.5,ci_excludes_zero,1.0,0.0,0.0
synthetic_normal,synthetic,margin_drop,oat:z_threshold=2.0,z_threshold,2.0,sign_consistent,0.3690625,0.6309375,0.0
synthetic_normal,synthetic,margin_drop,oat:z_threshold=2.0,z_threshold,2.0,exceeds_control,0.6271875,0.3728125,0.0
synthetic_normal,synthetic,margin_drop,oat:z_threshold=2.0,z_threshold,2.0,multi_strategy,1.0,0.0,0.0
synthetic_normal,synthetic,margin_drop,oat:z_threshold=2.0,z_threshold,2.0,ci_excludes_zero,1.0,0.0,0.0
synthetic_normal,synthetic,margin_drop,oat:z_threshold=2.5,z_threshold,2.5,sign_consistent,0.3690625,0.6309375,0.0
synthetic_normal,synthetic,margin_drop,oat:z_threshold=2.5,z_threshold,2.5,exceeds_control,0.5825,0.4175,0.0
synthetic_normal,synthetic,margin_drop,oat:z_threshold=2.5,z_threshold,2.5,multi_strategy,1.0,0.0,0.0
synthetic_normal,synthetic,margin_drop,oat:z_threshold=2.5,z_threshold,2.5,ci_excludes_zero,1.0,0.0,0.0
synthetic_normal,synthetic,margin_drop,oat:z_threshold=3.0,z_threshold,3.0,sign_consistent,0.3690625,0.6309375,0.0
synthetic_normal,synthetic,margin_drop,oat:z_threshold=3.0,z_threshold,3.0,exceeds_control,0.540625,0.459375,0.0
synthetic_normal,synthetic,margin_drop,oat:z_threshold=3.0,z_threshold,3.0,multi_strategy,1.0,0.0,0.0
synthetic_normal,synthetic,margin_drop,oat:z_threshold=3.0,z_threshold,3.0,ci_excludes_zero,1.0,0.0,0.0
synthetic_normal,synthetic,margin_drop,oat:z_threshold=4.0,z_threshold,4.0,sign_consistent,0.3690625,0.6309375,0.0
synthetic_normal,synthetic,margin_drop,oat:z_threshold=4.0,z_threshold,4.0,exceeds_control,0.481875,0.518125,0.0
synthetic_normal,synthetic,margin_drop,oat:z_threshold=4.0,z_threshold,4.0,multi_strategy,1.0,0.0,0.0
synthetic_normal,synthetic,margin_drop,oat:z_threshold=4.0,z_threshold,4.0,ci_excludes_zero,1.0,0.0,0.0
synthetic_normal,synthetic,margin_drop,oat:sign_alpha=0.0,sign_alpha,0.0,sign_consistent,0.3690625,0.6309375,0.0
synthetic_normal,synthetic,margin_drop,oat:sign_alpha=0.0,sign_alpha,0.0,exceeds_control,0.6271875,0.3728125,0.0
synthetic_normal,synthetic,margin_drop,oat:sign_alpha=0.0,sign_alpha,0.0,multi_strategy,1.0,0.0,0.0
synthetic_normal,synthetic,margin_drop,oat:sign_alpha=0.0,sign_alpha,0.0,ci_excludes_zero,1.0,0.0,0.0
synthetic_normal,synthetic,margin_drop,oat:sign_alpha=0.01,sign_alpha,0.01,sign_consistent,0.361875,0.638125,0.0
synthetic_normal,synthetic,margin_drop,oat:sign_alpha=0.01,sign_alpha,0.01,exceeds_control,0.6271875,0.3728125,0.0
synthetic_normal,synthetic,margin_drop,oat:sign_alpha=0.01,sign_alpha,0.01,multi_strategy,1.0,0.0,0.0
synthetic_normal,synthetic,margin_drop,oat:sign_alpha=0.01,sign_alpha,0.01,ci_excludes_zero,1.0,0.0,0.0
synthetic_normal,synthetic,margin_drop,oat:sign_alpha=0.05,sign_alpha,0.05,sign_consistent,0.3434375,0.6565625,0.0
synthetic_normal,synthetic,margin_drop,oat:sign_alpha=0.05,sign_alpha,0.05,exceeds_control,0.6271875,0.3728125,0.0
synthetic_normal,synthetic,margin_drop,oat:sign_alpha=0.05,sign_alpha,0.05,multi_strategy,1.0,0.0,0.0
synthetic_normal,synthetic,margin_drop,oat:sign_alpha=0.05,sign_alpha,0.05,ci_excludes_zero,1.0,0.0,0.0
synthetic_normal,synthetic,margin_drop,oat:sign_alpha=0.1,sign_alpha,0.1,sign_consistent,0.323125,0.676875,0.0
synthetic_normal,synthetic,margin_drop,oat:sign_alpha=0.1,sign_alpha,0.1,exceeds_control,0.6271875,0.3728125,0.0
synthetic_normal,synthetic,margin_drop,oat:sign_alpha=0.1,sign_alpha,0.1,multi_strategy,1.0,0.0,0.0
synthetic_normal,synthetic,margin_drop,oat:sign_alpha=0.1,sign_alpha,0.1,ci_excludes_zero,1.0,0.0,0.0
synthetic_normal,synthetic,margin_drop,oat:sign_alpha=0.25,sign_alpha,0.25,sign_consistent,0.2553125,0.7446875,0.0
synthetic_normal,synthetic,margin_drop,oat:sign_alpha=0.25,sign_alpha,0.25,exceeds_control,0.6271875,0.3728125,0.0
synthetic_normal,synthetic,margin_drop,oat:sign_alpha=0.25,sign_alpha,0.25,multi_strategy,1.0,0.0,0.0
synthetic_normal,synthetic,margin_drop,oat:sign_alpha=0.25,sign_alpha,0.25,ci_excludes_zero,1.0,0.0,0.0
synthetic_normal,synthetic,margin_drop,oat:min_multi_strategy=2,min_multi_strategy,2,sign_consistent,0.3690625,0.6309375,0.0
synthetic_normal,synthetic,margin_drop,oat:min_multi_strategy=2,min_multi_strategy,2,exceeds_control,0.6271875,0.3728125,0.0
synthetic_normal,synthetic,margin_drop,oat:min_multi_strategy=2,min_multi_strategy,2,multi_strategy,1.0,0.0,0.0
synthetic_normal,synthetic,margin_drop,oat:min_multi_strategy=2,min_multi_strategy,2,ci_excludes_zero,1.0,0.0,0.0
synthetic_normal,synthetic,margin_drop,oat:min_multi_strategy=3,min_multi_strategy,3,sign_consistent,0.3690625,0.6309375,0.0
synthetic_normal,synthetic,margin_drop,oat:min_multi_strategy=3,min_multi_strategy,3,exceeds_control,0.6271875,0.3728125,0.0
synthetic_normal,synthetic,margin_drop,oat:min_multi_strategy=3,min_multi_strategy,3,multi_strategy,1.0,0.0,0.0
synthetic_normal,synthetic,margin_drop,oat:min_multi_strategy=3,min_multi_strategy,3,ci_excludes_zero,1.0,0.0,0.0
synthetic_normal,synthetic,margin_drop,oat:min_multi_strategy=4,min_multi_strategy,4,sign_consistent,0.3690625,0.6309375,0.0
synthetic_normal,synthetic,margin_drop,oat:min_multi_strategy=4,min_multi_strategy,4,exceeds_control,0.6271875,0.3728125,0.0
synthetic_normal,synthetic,margin_drop,oat:min_multi_strategy=4,min_multi_strategy,4,multi_strategy,0.688125,0.311875,0.0
synthetic_normal,synthetic,margin_drop,oat:min_multi_strategy=4,min_multi_strategy,4,ci_excludes_zero,1.0,0.0,0.0
synthetic_normal,synthetic,margin_drop,oat:min_multi_strategy=5,min_multi_strategy,5,sign_consistent,0.3690625,0.6309375,0.0
synthetic_normal,synthetic,margin_drop,oat:min_multi_strategy=5,min_multi_strategy,5,exceeds_control,0.6271875,0.3728125,0.0
synthetic_normal,synthetic,margin_drop,oat:min_multi_strategy=5,min_multi_strategy,5,multi_strategy,0.3690625,0.6309375,0.0
synthetic_normal,synthetic,margin_drop,oat:min_multi_strategy=5,min_multi_strategy,5,ci_excludes_zero,1.0,0.0,0.0
synthetic_normal,synthetic,margin_drop,oat:ci_level=90,ci_level,90,sign_consistent,0.3690625,0.6309375,0.0
synthetic_normal,synthetic,margin_drop,oat:ci_level=90,ci_level,90,exceeds_control,0.6271875,0.3728125,0.0
synthetic_normal,synthetic,margin_drop,oat:ci_level=90,ci_level,90,multi_strategy,1.0,0.0,0.0
synthetic_normal,synthetic,margin_drop,oat:ci_level=90,ci_level,90,ci_excludes_zero,1.0,0.0,0.0
synthetic_normal,synthetic,margin_drop,oat:ci_level=95,ci_level,95,sign_consistent,0.3690625,0.6309375,0.0
synthetic_normal,synthetic,margin_drop,oat:ci_level=95,ci_level,95,exceeds_control,0.6271875,0.3728125,0.0
synthetic_normal,synthetic,margin_drop,oat:ci_level=95,ci_level,95,multi_strategy,1.0,0.0,0.0
synthetic_normal,synthetic,margin_drop,oat:ci_level=95,ci_level,95,ci_excludes_zero,1.0,0.0,0.0
synthetic_normal,synthetic,margin_drop,oat:ci_level=99,ci_level,99,sign_consistent,0.3690625,0.6309375,0.0
synthetic_normal,synthetic,margin_drop,oat:ci_level=99,ci_level,99,exceeds_control,0.6271875,0.3728125,0.0
synthetic_normal,synthetic,margin_drop,oat:ci_level=99,ci_level,99,multi_strategy,1.0,0.0,0.0
synthetic_normal,synthetic,margin_drop,oat:ci_level=99,ci_level,99,ci_excludes_zero,1.0,0.0,0.0
synthetic_normal,synthetic,margin_drop,oat:ci_level=999,ci_level,999,sign_consistent,0.3690625,0.6309375,0.0
synthetic_normal,synthetic,margin_drop,oat:ci_level=999,ci_level,999,exceeds_control,0.6271875,0.3728125,0.0
synthetic_normal,synthetic,margin_drop,oat:ci_level=999,ci_level,999,multi_strategy,1.0,0.0,0.0
synthetic_normal,synthetic,margin_drop,oat:ci_level=999,ci_level,999,ci_excludes_zero,1.0,0.0,0.0
synthetic_normal,synthetic,margin_drop,oat:ddof=0,ddof,0,sign_consistent,0.3690625,0.6309375,0.0
synthetic_normal,synthetic,margin_drop,oat:ddof=0,ddof,0,exceeds_control,0.6271875,0.3728125,0.0
synthetic_normal,synthetic,margin_drop,oat:ddof=0,ddof,0,multi_strategy,1.0,0.0,0.0
synthetic_normal,synthetic,margin_drop,oat:ddof=0,ddof,0,ci_excludes_zero,1.0,0.0,0.0
synthetic_normal,synthetic,margin_drop,oat:ddof=1,ddof,1,sign_consistent,0.3690625,0.6309375,0.0
synthetic_normal,synthetic,margin_drop,oat:ddof=1,ddof,1,exceeds_control,0.5540625,0.4459375,0.0
synthetic_normal,synthetic,margin_drop,oat:ddof=1,ddof,1,multi_strategy,1.0,0.0,0.0
synthetic_normal,synthetic,margin_drop,oat:ddof=1,ddof,1,ci_excludes_zero,1.0,0.0,0.0
synthetic_normal,synthetic,margin_drop,oat:std_floor_beta=0.0,std_floor_beta,0.0,sign_consistent,0.3690625,0.6309375,0.0
synthetic_normal,synthetic,margin_drop,oat:std_floor_beta=0.0,std_floor_beta,0.0,exceeds_control,0.6271875,0.3728125,0.0
synthetic_normal,synthetic,margin_drop,oat:std_floor_beta=0.0,std_floor_beta,0.0,multi_strategy,1.0,0.0,0.0
synthetic_normal,synthetic,margin_drop,oat:std_floor_beta=0.0,std_floor_beta,0.0,ci_excludes_zero,1.0,0.0,0.0
synthetic_normal,synthetic,margin_drop,oat:std_floor_beta=0.1,std_floor_beta,0.1,sign_consistent,0.3690625,0.6309375,0.0
synthetic_normal,synthetic,margin_drop,oat:std_floor_beta=0.1,std_floor_beta,0.1,exceeds_control,0.62375,0.37625,0.0
synthetic_normal,synthetic,margin_drop,oat:std_floor_beta=0.1,std_floor_beta,0.1,multi_strategy,1.0,0.0,0.0
synthetic_normal,synthetic,margin_drop,oat:std_floor_beta=0.1,std_floor_beta,0.1,ci_excludes_zero,1.0,0.0,0.0
synthetic_normal,synthetic,margin_drop,oat:std_floor_beta=0.25,std_floor_beta,0.25,sign_consistent,0.3690625,0.6309375,0.0
synthetic_normal,synthetic,margin_drop,oat:std_floor_beta=0.25,std_floor_beta,0.25,exceeds_control,0.616875,0.383125,0.0
synthetic_normal,synthetic,margin_drop,oat:std_floor_beta=0.25,std_floor_beta,0.25,multi_strategy,1.0,0.0,0.0
synthetic_normal,synthetic,margin_drop,oat:std_floor_beta=0.25,std_floor_beta,0.25,ci_excludes_zero,1.0,0.0,0.0
synthetic_normal,synthetic,margin_drop,preset:lenient,preset,lenient,sign_consistent,0.3690625,0.6309375,0.0
synthetic_normal,synthetic,margin_drop,preset:lenient,preset,lenient,exceeds_control,0.673125,0.326875,0.0
synthetic_normal,synthetic,margin_drop,preset:lenient,preset,lenient,multi_strategy,1.0,0.0,0.0
synthetic_normal,synthetic,margin_drop,preset:lenient,preset,lenient,ci_excludes_zero,1.0,0.0,0.0
synthetic_normal,synthetic,margin_drop,preset:conservative,preset,conservative,sign_consistent,0.3434375,0.6565625,0.0
synthetic_normal,synthetic,margin_drop,preset:conservative,preset,conservative,exceeds_control,0.461875,0.538125,0.0
synthetic_normal,synthetic,margin_drop,preset:conservative,preset,conservative,multi_strategy,1.0,0.0,0.0
synthetic_normal,synthetic,margin_drop,preset:conservative,preset,conservative,ci_excludes_zero,1.0,0.0,0.0
synthetic_normal,synthetic,margin_drop,alt:zero_abstain:sign_alpha=0.01,zero_abstain_alpha,0.01,sign_consistent,0.375625,0.624375,0.0
synthetic_normal,synthetic,margin_drop,alt:zero_abstain:sign_alpha=0.01,zero_abstain_alpha,0.01,exceeds_control,0.6271875,0.3728125,0.0
synthetic_normal,synthetic,margin_drop,alt:zero_abstain:sign_alpha=0.01,zero_abstain_alpha,0.01,multi_strategy,1.0,0.0,0.0
synthetic_normal,synthetic,margin_drop,alt:zero_abstain:sign_alpha=0.01,zero_abstain_alpha,0.01,ci_excludes_zero,1.0,0.0,0.0
synthetic_normal,synthetic,margin_drop,alt:zero_abstain:sign_alpha=0.05,zero_abstain_alpha,0.05,sign_consistent,0.394375,0.605625,0.0
synthetic_normal,synthetic,margin_drop,alt:zero_abstain:sign_alpha=0.05,zero_abstain_alpha,0.05,exceeds_control,0.6271875,0.3728125,0.0
synthetic_normal,synthetic,margin_drop,alt:zero_abstain:sign_alpha=0.05,zero_abstain_alpha,0.05,multi_strategy,0.999375,0.000625,0.0
synthetic_normal,synthetic,margin_drop,alt:zero_abstain:sign_alpha=0.05,zero_abstain_alpha,0.05,ci_excludes_zero,1.0,0.0,0.0
synthetic_normal,synthetic,margin_drop,alt:zero_abstain:sign_alpha=0.1,zero_abstain_alpha,0.1,sign_consistent,0.421875,0.578125,0.0
synthetic_normal,synthetic,margin_drop,alt:zero_abstain:sign_alpha=0.1,zero_abstain_alpha,0.1,exceeds_control,0.6271875,0.3728125,0.0
synthetic_normal,synthetic,margin_drop,alt:zero_abstain:sign_alpha=0.1,zero_abstain_alpha,0.1,multi_strategy,0.99875,0.00125,0.0
synthetic_normal,synthetic,margin_drop,alt:zero_abstain:sign_alpha=0.1,zero_abstain_alpha,0.1,ci_excludes_zero,1.0,0.0,0.0
synthetic_normal,synthetic,margin_drop,alt:zero_abstain:sign_alpha=0.25,zero_abstain_alpha,0.25,sign_consistent,0.4959375,0.5034375,0.000625
synthetic_normal,synthetic,margin_drop,alt:zero_abstain:sign_alpha=0.25,zero_abstain_alpha,0.25,exceeds_control,0.6271875,0.3728125,0.0
synthetic_normal,synthetic,margin_drop,alt:zero_abstain:sign_alpha=0.25,zero_abstain_alpha,0.25,multi_strategy,0.9765625,0.0234375,0.0
synthetic_normal,synthetic,margin_drop,alt:zero_abstain:sign_alpha=0.25,zero_abstain_alpha,0.25,ci_excludes_zero,1.0,0.0,0.0
imagenet_mnv2_050_exact_k3,imagenet,margin_drop,default,default,,sign_consistent,0.40970625,0.59029375,0.0
imagenet_mnv2_050_exact_k3,imagenet,margin_drop,default,default,,exceeds_control,0.32613125,0.67386875,0.0
imagenet_mnv2_050_exact_k3,imagenet,margin_drop,default,default,,multi_strategy,1.0,0.0,0.0
imagenet_mnv2_050_exact_k3,imagenet,margin_drop,default,default,,ci_excludes_zero,1.0,0.0,0.0
imagenet_mnv2_050_exact_k3,imagenet,margin_drop,oat:z_threshold=1.0,z_threshold,1.0,sign_consistent,0.40970625,0.59029375,0.0
imagenet_mnv2_050_exact_k3,imagenet,margin_drop,oat:z_threshold=1.0,z_threshold,1.0,exceeds_control,0.52485625,0.47514375,0.0
imagenet_mnv2_050_exact_k3,imagenet,margin_drop,oat:z_threshold=1.0,z_threshold,1.0,multi_strategy,1.0,0.0,0.0
imagenet_mnv2_050_exact_k3,imagenet,margin_drop,oat:z_threshold=1.0,z_threshold,1.0,ci_excludes_zero,1.0,0.0,0.0
imagenet_mnv2_050_exact_k3,imagenet,margin_drop,oat:z_threshold=1.5,z_threshold,1.5,sign_consistent,0.40970625,0.59029375,0.0
imagenet_mnv2_050_exact_k3,imagenet,margin_drop,oat:z_threshold=1.5,z_threshold,1.5,exceeds_control,0.41070625,0.58929375,0.0
imagenet_mnv2_050_exact_k3,imagenet,margin_drop,oat:z_threshold=1.5,z_threshold,1.5,multi_strategy,1.0,0.0,0.0
imagenet_mnv2_050_exact_k3,imagenet,margin_drop,oat:z_threshold=1.5,z_threshold,1.5,ci_excludes_zero,1.0,0.0,0.0
imagenet_mnv2_050_exact_k3,imagenet,margin_drop,oat:z_threshold=2.0,z_threshold,2.0,sign_consistent,0.40970625,0.59029375,0.0
imagenet_mnv2_050_exact_k3,imagenet,margin_drop,oat:z_threshold=2.0,z_threshold,2.0,exceeds_control,0.32613125,0.67386875,0.0
imagenet_mnv2_050_exact_k3,imagenet,margin_drop,oat:z_threshold=2.0,z_threshold,2.0,multi_strategy,1.0,0.0,0.0
imagenet_mnv2_050_exact_k3,imagenet,margin_drop,oat:z_threshold=2.0,z_threshold,2.0,ci_excludes_zero,1.0,0.0,0.0
imagenet_mnv2_050_exact_k3,imagenet,margin_drop,oat:z_threshold=2.5,z_threshold,2.5,sign_consistent,0.40970625,0.59029375,0.0
imagenet_mnv2_050_exact_k3,imagenet,margin_drop,oat:z_threshold=2.5,z_threshold,2.5,exceeds_control,0.2631625,0.7368375,0.0
imagenet_mnv2_050_exact_k3,imagenet,margin_drop,oat:z_threshold=2.5,z_threshold,2.5,multi_strategy,1.0,0.0,0.0
imagenet_mnv2_050_exact_k3,imagenet,margin_drop,oat:z_threshold=2.5,z_threshold,2.5,ci_excludes_zero,1.0,0.0,0.0
imagenet_mnv2_050_exact_k3,imagenet,margin_drop,oat:z_threshold=3.0,z_threshold,3.0,sign_consistent,0.40970625,0.59029375,0.0
imagenet_mnv2_050_exact_k3,imagenet,margin_drop,oat:z_threshold=3.0,z_threshold,3.0,exceeds_control,0.2161875,0.7838125,0.0
imagenet_mnv2_050_exact_k3,imagenet,margin_drop,oat:z_threshold=3.0,z_threshold,3.0,multi_strategy,1.0,0.0,0.0
imagenet_mnv2_050_exact_k3,imagenet,margin_drop,oat:z_threshold=3.0,z_threshold,3.0,ci_excludes_zero,1.0,0.0,0.0
imagenet_mnv2_050_exact_k3,imagenet,margin_drop,oat:z_threshold=4.0,z_threshold,4.0,sign_consistent,0.40970625,0.59029375,0.0
imagenet_mnv2_050_exact_k3,imagenet,margin_drop,oat:z_threshold=4.0,z_threshold,4.0,exceeds_control,0.15225625,0.84774375,0.0
imagenet_mnv2_050_exact_k3,imagenet,margin_drop,oat:z_threshold=4.0,z_threshold,4.0,multi_strategy,1.0,0.0,0.0
imagenet_mnv2_050_exact_k3,imagenet,margin_drop,oat:z_threshold=4.0,z_threshold,4.0,ci_excludes_zero,1.0,0.0,0.0
imagenet_mnv2_050_exact_k3,imagenet,margin_drop,oat:sign_alpha=0.0,sign_alpha,0.0,sign_consistent,0.40970625,0.59029375,0.0
imagenet_mnv2_050_exact_k3,imagenet,margin_drop,oat:sign_alpha=0.0,sign_alpha,0.0,exceeds_control,0.32613125,0.67386875,0.0
imagenet_mnv2_050_exact_k3,imagenet,margin_drop,oat:sign_alpha=0.0,sign_alpha,0.0,multi_strategy,1.0,0.0,0.0
imagenet_mnv2_050_exact_k3,imagenet,margin_drop,oat:sign_alpha=0.0,sign_alpha,0.0,ci_excludes_zero,1.0,0.0,0.0
imagenet_mnv2_050_exact_k3,imagenet,margin_drop,oat:sign_alpha=0.01,sign_alpha,0.01,sign_consistent,0.40235,0.59765,0.0
imagenet_mnv2_050_exact_k3,imagenet,margin_drop,oat:sign_alpha=0.01,sign_alpha,0.01,exceeds_control,0.32613125,0.67386875,0.0
imagenet_mnv2_050_exact_k3,imagenet,margin_drop,oat:sign_alpha=0.01,sign_alpha,0.01,multi_strategy,0.99058125,0.00941875,0.0
imagenet_mnv2_050_exact_k3,imagenet,margin_drop,oat:sign_alpha=0.01,sign_alpha,0.01,ci_excludes_zero,1.0,0.0,0.0
imagenet_mnv2_050_exact_k3,imagenet,margin_drop,oat:sign_alpha=0.05,sign_alpha,0.05,sign_consistent,0.37300625,0.62699375,0.0
imagenet_mnv2_050_exact_k3,imagenet,margin_drop,oat:sign_alpha=0.05,sign_alpha,0.05,exceeds_control,0.32613125,0.67386875,0.0
imagenet_mnv2_050_exact_k3,imagenet,margin_drop,oat:sign_alpha=0.05,sign_alpha,0.05,multi_strategy,0.95849375,0.04150625,0.0
imagenet_mnv2_050_exact_k3,imagenet,margin_drop,oat:sign_alpha=0.05,sign_alpha,0.05,ci_excludes_zero,1.0,0.0,0.0
imagenet_mnv2_050_exact_k3,imagenet,margin_drop,oat:sign_alpha=0.1,sign_alpha,0.1,sign_consistent,0.34196875,0.65803125,0.0
imagenet_mnv2_050_exact_k3,imagenet,margin_drop,oat:sign_alpha=0.1,sign_alpha,0.1,exceeds_control,0.32613125,0.67386875,0.0
imagenet_mnv2_050_exact_k3,imagenet,margin_drop,oat:sign_alpha=0.1,sign_alpha,0.1,multi_strategy,0.92965625,0.07034375,0.0
imagenet_mnv2_050_exact_k3,imagenet,margin_drop,oat:sign_alpha=0.1,sign_alpha,0.1,ci_excludes_zero,1.0,0.0,0.0
imagenet_mnv2_050_exact_k3,imagenet,margin_drop,oat:sign_alpha=0.25,sign_alpha,0.25,sign_consistent,0.28114375,0.71885625,0.0
imagenet_mnv2_050_exact_k3,imagenet,margin_drop,oat:sign_alpha=0.25,sign_alpha,0.25,exceeds_control,0.32613125,0.67386875,0.0
imagenet_mnv2_050_exact_k3,imagenet,margin_drop,oat:sign_alpha=0.25,sign_alpha,0.25,multi_strategy,0.887875,0.112125,0.0
imagenet_mnv2_050_exact_k3,imagenet,margin_drop,oat:sign_alpha=0.25,sign_alpha,0.25,ci_excludes_zero,1.0,0.0,0.0
imagenet_mnv2_050_exact_k3,imagenet,margin_drop,oat:min_multi_strategy=2,min_multi_strategy,2,sign_consistent,0.40970625,0.59029375,0.0
imagenet_mnv2_050_exact_k3,imagenet,margin_drop,oat:min_multi_strategy=2,min_multi_strategy,2,exceeds_control,0.32613125,0.67386875,0.0
imagenet_mnv2_050_exact_k3,imagenet,margin_drop,oat:min_multi_strategy=2,min_multi_strategy,2,multi_strategy,1.0,0.0,0.0
imagenet_mnv2_050_exact_k3,imagenet,margin_drop,oat:min_multi_strategy=2,min_multi_strategy,2,ci_excludes_zero,1.0,0.0,0.0
imagenet_mnv2_050_exact_k3,imagenet,margin_drop,oat:min_multi_strategy=3,min_multi_strategy,3,sign_consistent,0.40970625,0.59029375,0.0
imagenet_mnv2_050_exact_k3,imagenet,margin_drop,oat:min_multi_strategy=3,min_multi_strategy,3,exceeds_control,0.32613125,0.67386875,0.0
imagenet_mnv2_050_exact_k3,imagenet,margin_drop,oat:min_multi_strategy=3,min_multi_strategy,3,multi_strategy,0.40970625,0.59029375,0.0
imagenet_mnv2_050_exact_k3,imagenet,margin_drop,oat:min_multi_strategy=3,min_multi_strategy,3,ci_excludes_zero,1.0,0.0,0.0
imagenet_mnv2_050_exact_k3,imagenet,margin_drop,oat:ci_level=90,ci_level,90,sign_consistent,0.40970625,0.59029375,0.0
imagenet_mnv2_050_exact_k3,imagenet,margin_drop,oat:ci_level=90,ci_level,90,exceeds_control,0.32613125,0.67386875,0.0
imagenet_mnv2_050_exact_k3,imagenet,margin_drop,oat:ci_level=90,ci_level,90,multi_strategy,1.0,0.0,0.0
imagenet_mnv2_050_exact_k3,imagenet,margin_drop,oat:ci_level=90,ci_level,90,ci_excludes_zero,1.0,0.0,0.0
imagenet_mnv2_050_exact_k3,imagenet,margin_drop,oat:ci_level=95,ci_level,95,sign_consistent,0.40970625,0.59029375,0.0
imagenet_mnv2_050_exact_k3,imagenet,margin_drop,oat:ci_level=95,ci_level,95,exceeds_control,0.32613125,0.67386875,0.0
imagenet_mnv2_050_exact_k3,imagenet,margin_drop,oat:ci_level=95,ci_level,95,multi_strategy,1.0,0.0,0.0
imagenet_mnv2_050_exact_k3,imagenet,margin_drop,oat:ci_level=95,ci_level,95,ci_excludes_zero,1.0,0.0,0.0
imagenet_mnv2_050_exact_k3,imagenet,margin_drop,oat:ci_level=99,ci_level,99,sign_consistent,0.40970625,0.59029375,0.0
imagenet_mnv2_050_exact_k3,imagenet,margin_drop,oat:ci_level=99,ci_level,99,exceeds_control,0.32613125,0.67386875,0.0
imagenet_mnv2_050_exact_k3,imagenet,margin_drop,oat:ci_level=99,ci_level,99,multi_strategy,1.0,0.0,0.0
imagenet_mnv2_050_exact_k3,imagenet,margin_drop,oat:ci_level=99,ci_level,99,ci_excludes_zero,1.0,0.0,0.0
imagenet_mnv2_050_exact_k3,imagenet,margin_drop,oat:ci_level=999,ci_level,999,sign_consistent,0.40970625,0.59029375,0.0
imagenet_mnv2_050_exact_k3,imagenet,margin_drop,oat:ci_level=999,ci_level,999,exceeds_control,0.32613125,0.67386875,0.0
imagenet_mnv2_050_exact_k3,imagenet,margin_drop,oat:ci_level=999,ci_level,999,multi_strategy,1.0,0.0,0.0
imagenet_mnv2_050_exact_k3,imagenet,margin_drop,oat:ci_level=999,ci_level,999,ci_excludes_zero,1.0,0.0,0.0
imagenet_mnv2_050_exact_k3,imagenet,margin_drop,oat:ddof=0,ddof,0,sign_consistent,0.40970625,0.59029375,0.0
imagenet_mnv2_050_exact_k3,imagenet,margin_drop,oat:ddof=0,ddof,0,exceeds_control,0.32613125,0.67386875,0.0
imagenet_mnv2_050_exact_k3,imagenet,margin_drop,oat:ddof=0,ddof,0,multi_strategy,1.0,0.0,0.0
imagenet_mnv2_050_exact_k3,imagenet,margin_drop,oat:ddof=0,ddof,0,ci_excludes_zero,1.0,0.0,0.0
imagenet_mnv2_050_exact_k3,imagenet,margin_drop,oat:ddof=1,ddof,1,sign_consistent,0.40970625,0.59029375,0.0
imagenet_mnv2_050_exact_k3,imagenet,margin_drop,oat:ddof=1,ddof,1,exceeds_control,0.2686125,0.7313875,0.0
imagenet_mnv2_050_exact_k3,imagenet,margin_drop,oat:ddof=1,ddof,1,multi_strategy,1.0,0.0,0.0
imagenet_mnv2_050_exact_k3,imagenet,margin_drop,oat:ddof=1,ddof,1,ci_excludes_zero,1.0,0.0,0.0
imagenet_mnv2_050_exact_k3,imagenet,margin_drop,oat:std_floor_beta=0.0,std_floor_beta,0.0,sign_consistent,0.40970625,0.59029375,0.0
imagenet_mnv2_050_exact_k3,imagenet,margin_drop,oat:std_floor_beta=0.0,std_floor_beta,0.0,exceeds_control,0.32613125,0.67386875,0.0
imagenet_mnv2_050_exact_k3,imagenet,margin_drop,oat:std_floor_beta=0.0,std_floor_beta,0.0,multi_strategy,1.0,0.0,0.0
imagenet_mnv2_050_exact_k3,imagenet,margin_drop,oat:std_floor_beta=0.0,std_floor_beta,0.0,ci_excludes_zero,1.0,0.0,0.0
imagenet_mnv2_050_exact_k3,imagenet,margin_drop,oat:std_floor_beta=0.1,std_floor_beta,0.1,sign_consistent,0.40970625,0.59029375,0.0
imagenet_mnv2_050_exact_k3,imagenet,margin_drop,oat:std_floor_beta=0.1,std_floor_beta,0.1,exceeds_control,0.32166875,0.67833125,0.0
imagenet_mnv2_050_exact_k3,imagenet,margin_drop,oat:std_floor_beta=0.1,std_floor_beta,0.1,multi_strategy,1.0,0.0,0.0
imagenet_mnv2_050_exact_k3,imagenet,margin_drop,oat:std_floor_beta=0.1,std_floor_beta,0.1,ci_excludes_zero,1.0,0.0,0.0
imagenet_mnv2_050_exact_k3,imagenet,margin_drop,oat:std_floor_beta=0.25,std_floor_beta,0.25,sign_consistent,0.40970625,0.59029375,0.0
imagenet_mnv2_050_exact_k3,imagenet,margin_drop,oat:std_floor_beta=0.25,std_floor_beta,0.25,exceeds_control,0.29578125,0.70421875,0.0
imagenet_mnv2_050_exact_k3,imagenet,margin_drop,oat:std_floor_beta=0.25,std_floor_beta,0.25,multi_strategy,1.0,0.0,0.0
imagenet_mnv2_050_exact_k3,imagenet,margin_drop,oat:std_floor_beta=0.25,std_floor_beta,0.25,ci_excludes_zero,1.0,0.0,0.0
imagenet_mnv2_050_exact_k3,imagenet,margin_drop,preset:lenient,preset,lenient,sign_consistent,0.40970625,0.59029375,0.0
imagenet_mnv2_050_exact_k3,imagenet,margin_drop,preset:lenient,preset,lenient,exceeds_control,0.41070625,0.58929375,0.0
imagenet_mnv2_050_exact_k3,imagenet,margin_drop,preset:lenient,preset,lenient,multi_strategy,1.0,0.0,0.0
imagenet_mnv2_050_exact_k3,imagenet,margin_drop,preset:lenient,preset,lenient,ci_excludes_zero,1.0,0.0,0.0
imagenet_mnv2_050_exact_k3,imagenet,margin_drop,preset:conservative,preset,conservative,sign_consistent,0.37300625,0.62699375,0.0
imagenet_mnv2_050_exact_k3,imagenet,margin_drop,preset:conservative,preset,conservative,exceeds_control,0.16645,0.83355,0.0
imagenet_mnv2_050_exact_k3,imagenet,margin_drop,preset:conservative,preset,conservative,multi_strategy,0.95849375,0.04150625,0.0
imagenet_mnv2_050_exact_k3,imagenet,margin_drop,preset:conservative,preset,conservative,ci_excludes_zero,1.0,0.0,0.0
imagenet_mnv2_050_exact_k3,imagenet,margin_drop,alt:zero_abstain:sign_alpha=0.01,zero_abstain_alpha,0.01,sign_consistent,0.41674375,0.5825625,0.00069375
imagenet_mnv2_050_exact_k3,imagenet,margin_drop,alt:zero_abstain:sign_alpha=0.01,zero_abstain_alpha,0.01,exceeds_control,0.32613125,0.67386875,0.0
imagenet_mnv2_050_exact_k3,imagenet,margin_drop,alt:zero_abstain:sign_alpha=0.01,zero_abstain_alpha,0.01,multi_strategy,0.9894875,0.0105125,0.0
imagenet_mnv2_050_exact_k3,imagenet,margin_drop,alt:zero_abstain:sign_alpha=0.01,zero_abstain_alpha,0.01,ci_excludes_zero,1.0,0.0,0.0
imagenet_mnv2_050_exact_k3,imagenet,margin_drop,alt:zero_abstain:sign_alpha=0.05,zero_abstain_alpha,0.05,sign_consistent,0.443525,0.55259375,0.00388125
imagenet_mnv2_050_exact_k3,imagenet,margin_drop,alt:zero_abstain:sign_alpha=0.05,zero_abstain_alpha,0.05,exceeds_control,0.32613125,0.67386875,0.0
imagenet_mnv2_050_exact_k3,imagenet,margin_drop,alt:zero_abstain:sign_alpha=0.05,zero_abstain_alpha,0.05,multi_strategy,0.94775625,0.05224375,0.0
imagenet_mnv2_050_exact_k3,imagenet,margin_drop,alt:zero_abstain:sign_alpha=0.05,zero_abstain_alpha,0.05,ci_excludes_zero,1.0,0.0,0.0
imagenet_mnv2_050_exact_k3,imagenet,margin_drop,alt:zero_abstain:sign_alpha=0.1,zero_abstain_alpha,0.1,sign_consistent,0.4784,0.5149375,0.0066625
imagenet_mnv2_050_exact_k3,imagenet,margin_drop,alt:zero_abstain:sign_alpha=0.1,zero_abstain_alpha,0.1,exceeds_control,0.32613125,0.67386875,0.0
imagenet_mnv2_050_exact_k3,imagenet,margin_drop,alt:zero_abstain:sign_alpha=0.1,zero_abstain_alpha,0.1,multi_strategy,0.899725,0.100275,0.0
imagenet_mnv2_050_exact_k3,imagenet,margin_drop,alt:zero_abstain:sign_alpha=0.1,zero_abstain_alpha,0.1,ci_excludes_zero,1.0,0.0,0.0
imagenet_mnv2_050_exact_k3,imagenet,margin_drop,alt:zero_abstain:sign_alpha=0.25,zero_abstain_alpha,0.25,sign_consistent,0.5617625,0.4175625,0.020675
imagenet_mnv2_050_exact_k3,imagenet,margin_drop,alt:zero_abstain:sign_alpha=0.25,zero_abstain_alpha,0.25,exceeds_control,0.32613125,0.67386875,0.0
imagenet_mnv2_050_exact_k3,imagenet,margin_drop,alt:zero_abstain:sign_alpha=0.25,zero_abstain_alpha,0.25,multi_strategy,0.77980625,0.22019375,0.0
imagenet_mnv2_050_exact_k3,imagenet,margin_drop,alt:zero_abstain:sign_alpha=0.25,zero_abstain_alpha,0.25,ci_excludes_zero,1.0,0.0,0.0
imagenet_mnv2_050_crop_free_k3,imagenet,margin_drop,default,default,,sign_consistent,0.383925,0.616075,0.0
imagenet_mnv2_050_crop_free_k3,imagenet,margin_drop,default,default,,exceeds_control,0.3603125,0.6396875,0.0
imagenet_mnv2_050_crop_free_k3,imagenet,margin_drop,default,default,,multi_strategy,1.0,0.0,0.0
imagenet_mnv2_050_crop_free_k3,imagenet,margin_drop,default,default,,ci_excludes_zero,1.0,0.0,0.0
imagenet_mnv2_050_crop_free_k3,imagenet,margin_drop,oat:z_threshold=1.0,z_threshold,1.0,sign_consistent,0.383925,0.616075,0.0
imagenet_mnv2_050_crop_free_k3,imagenet,margin_drop,oat:z_threshold=1.0,z_threshold,1.0,exceeds_control,0.55759375,0.44240625,0.0
imagenet_mnv2_050_crop_free_k3,imagenet,margin_drop,oat:z_threshold=1.0,z_threshold,1.0,multi_strategy,1.0,0.0,0.0
imagenet_mnv2_050_crop_free_k3,imagenet,margin_drop,oat:z_threshold=1.0,z_threshold,1.0,ci_excludes_zero,1.0,0.0,0.0
imagenet_mnv2_050_crop_free_k3,imagenet,margin_drop,oat:z_threshold=1.5,z_threshold,1.5,sign_consistent,0.383925,0.616075,0.0
imagenet_mnv2_050_crop_free_k3,imagenet,margin_drop,oat:z_threshold=1.5,z_threshold,1.5,exceeds_control,0.44748125,0.55251875,0.0
imagenet_mnv2_050_crop_free_k3,imagenet,margin_drop,oat:z_threshold=1.5,z_threshold,1.5,multi_strategy,1.0,0.0,0.0
imagenet_mnv2_050_crop_free_k3,imagenet,margin_drop,oat:z_threshold=1.5,z_threshold,1.5,ci_excludes_zero,1.0,0.0,0.0
imagenet_mnv2_050_crop_free_k3,imagenet,margin_drop,oat:z_threshold=2.0,z_threshold,2.0,sign_consistent,0.383925,0.616075,0.0
imagenet_mnv2_050_crop_free_k3,imagenet,margin_drop,oat:z_threshold=2.0,z_threshold,2.0,exceeds_control,0.3603125,0.6396875,0.0
imagenet_mnv2_050_crop_free_k3,imagenet,margin_drop,oat:z_threshold=2.0,z_threshold,2.0,multi_strategy,1.0,0.0,0.0
imagenet_mnv2_050_crop_free_k3,imagenet,margin_drop,oat:z_threshold=2.0,z_threshold,2.0,ci_excludes_zero,1.0,0.0,0.0
imagenet_mnv2_050_crop_free_k3,imagenet,margin_drop,oat:z_threshold=2.5,z_threshold,2.5,sign_consistent,0.383925,0.616075,0.0
imagenet_mnv2_050_crop_free_k3,imagenet,margin_drop,oat:z_threshold=2.5,z_threshold,2.5,exceeds_control,0.29339375,0.70660625,0.0
imagenet_mnv2_050_crop_free_k3,imagenet,margin_drop,oat:z_threshold=2.5,z_threshold,2.5,multi_strategy,1.0,0.0,0.0
imagenet_mnv2_050_crop_free_k3,imagenet,margin_drop,oat:z_threshold=2.5,z_threshold,2.5,ci_excludes_zero,1.0,0.0,0.0
imagenet_mnv2_050_crop_free_k3,imagenet,margin_drop,oat:z_threshold=3.0,z_threshold,3.0,sign_consistent,0.383925,0.616075,0.0
imagenet_mnv2_050_crop_free_k3,imagenet,margin_drop,oat:z_threshold=3.0,z_threshold,3.0,exceeds_control,0.2415,0.7585,0.0
imagenet_mnv2_050_crop_free_k3,imagenet,margin_drop,oat:z_threshold=3.0,z_threshold,3.0,multi_strategy,1.0,0.0,0.0
imagenet_mnv2_050_crop_free_k3,imagenet,margin_drop,oat:z_threshold=3.0,z_threshold,3.0,ci_excludes_zero,1.0,0.0,0.0
imagenet_mnv2_050_crop_free_k3,imagenet,margin_drop,oat:z_threshold=4.0,z_threshold,4.0,sign_consistent,0.383925,0.616075,0.0
imagenet_mnv2_050_crop_free_k3,imagenet,margin_drop,oat:z_threshold=4.0,z_threshold,4.0,exceeds_control,0.17085625,0.82914375,0.0
imagenet_mnv2_050_crop_free_k3,imagenet,margin_drop,oat:z_threshold=4.0,z_threshold,4.0,multi_strategy,1.0,0.0,0.0
imagenet_mnv2_050_crop_free_k3,imagenet,margin_drop,oat:z_threshold=4.0,z_threshold,4.0,ci_excludes_zero,1.0,0.0,0.0
imagenet_mnv2_050_crop_free_k3,imagenet,margin_drop,oat:sign_alpha=0.0,sign_alpha,0.0,sign_consistent,0.383925,0.616075,0.0
imagenet_mnv2_050_crop_free_k3,imagenet,margin_drop,oat:sign_alpha=0.0,sign_alpha,0.0,exceeds_control,0.3603125,0.6396875,0.0
imagenet_mnv2_050_crop_free_k3,imagenet,margin_drop,oat:sign_alpha=0.0,sign_alpha,0.0,multi_strategy,1.0,0.0,0.0
imagenet_mnv2_050_crop_free_k3,imagenet,margin_drop,oat:sign_alpha=0.0,sign_alpha,0.0,ci_excludes_zero,1.0,0.0,0.0
imagenet_mnv2_050_crop_free_k3,imagenet,margin_drop,oat:sign_alpha=0.01,sign_alpha,0.01,sign_consistent,0.37658125,0.62341875,0.0
imagenet_mnv2_050_crop_free_k3,imagenet,margin_drop,oat:sign_alpha=0.01,sign_alpha,0.01,exceeds_control,0.3603125,0.6396875,0.0
imagenet_mnv2_050_crop_free_k3,imagenet,margin_drop,oat:sign_alpha=0.01,sign_alpha,0.01,multi_strategy,0.99016875,0.00983125,0.0
imagenet_mnv2_050_crop_free_k3,imagenet,margin_drop,oat:sign_alpha=0.01,sign_alpha,0.01,ci_excludes_zero,1.0,0.0,0.0
imagenet_mnv2_050_crop_free_k3,imagenet,margin_drop,oat:sign_alpha=0.05,sign_alpha,0.05,sign_consistent,0.34859375,0.65140625,0.0
imagenet_mnv2_050_crop_free_k3,imagenet,margin_drop,oat:sign_alpha=0.05,sign_alpha,0.05,exceeds_control,0.3603125,0.6396875,0.0
imagenet_mnv2_050_crop_free_k3,imagenet,margin_drop,oat:sign_alpha=0.05,sign_alpha,0.05,multi_strategy,0.956275,0.043725,0.0
imagenet_mnv2_050_crop_free_k3,imagenet,margin_drop,oat:sign_alpha=0.05,sign_alpha,0.05,ci_excludes_zero,1.0,0.0,0.0
imagenet_mnv2_050_crop_free_k3,imagenet,margin_drop,oat:sign_alpha=0.1,sign_alpha,0.1,sign_consistent,0.31630625,0.68369375,0.0
imagenet_mnv2_050_crop_free_k3,imagenet,margin_drop,oat:sign_alpha=0.1,sign_alpha,0.1,exceeds_control,0.3603125,0.6396875,0.0
imagenet_mnv2_050_crop_free_k3,imagenet,margin_drop,oat:sign_alpha=0.1,sign_alpha,0.1,multi_strategy,0.924,0.076,0.0
imagenet_mnv2_050_crop_free_k3,imagenet,margin_drop,oat:sign_alpha=0.1,sign_alpha,0.1,ci_excludes_zero,1.0,0.0,0.0
imagenet_mnv2_050_crop_free_k3,imagenet,margin_drop,oat:sign_alpha=0.25,sign_alpha,0.25,sign_consistent,0.24406875,0.75593125,0.0
imagenet_mnv2_050_crop_free_k3,imagenet,margin_drop,oat:sign_alpha=0.25,sign_alpha,0.25,exceeds_control,0.3603125,0.6396875,0.0
imagenet_mnv2_050_crop_free_k3,imagenet,margin_drop,oat:sign_alpha=0.25,sign_alpha,0.25,multi_strategy,0.8708125,0.1291875,0.0
imagenet_mnv2_050_crop_free_k3,imagenet,margin_drop,oat:sign_alpha=0.25,sign_alpha,0.25,ci_excludes_zero,1.0,0.0,0.0
imagenet_mnv2_050_crop_free_k3,imagenet,margin_drop,oat:min_multi_strategy=2,min_multi_strategy,2,sign_consistent,0.383925,0.616075,0.0
imagenet_mnv2_050_crop_free_k3,imagenet,margin_drop,oat:min_multi_strategy=2,min_multi_strategy,2,exceeds_control,0.3603125,0.6396875,0.0
imagenet_mnv2_050_crop_free_k3,imagenet,margin_drop,oat:min_multi_strategy=2,min_multi_strategy,2,multi_strategy,1.0,0.0,0.0
imagenet_mnv2_050_crop_free_k3,imagenet,margin_drop,oat:min_multi_strategy=2,min_multi_strategy,2,ci_excludes_zero,1.0,0.0,0.0
imagenet_mnv2_050_crop_free_k3,imagenet,margin_drop,oat:min_multi_strategy=3,min_multi_strategy,3,sign_consistent,0.383925,0.616075,0.0
imagenet_mnv2_050_crop_free_k3,imagenet,margin_drop,oat:min_multi_strategy=3,min_multi_strategy,3,exceeds_control,0.3603125,0.6396875,0.0
imagenet_mnv2_050_crop_free_k3,imagenet,margin_drop,oat:min_multi_strategy=3,min_multi_strategy,3,multi_strategy,0.383925,0.616075,0.0
imagenet_mnv2_050_crop_free_k3,imagenet,margin_drop,oat:min_multi_strategy=3,min_multi_strategy,3,ci_excludes_zero,1.0,0.0,0.0
imagenet_mnv2_050_crop_free_k3,imagenet,margin_drop,oat:ci_level=90,ci_level,90,sign_consistent,0.383925,0.616075,0.0
imagenet_mnv2_050_crop_free_k3,imagenet,margin_drop,oat:ci_level=90,ci_level,90,exceeds_control,0.3603125,0.6396875,0.0
imagenet_mnv2_050_crop_free_k3,imagenet,margin_drop,oat:ci_level=90,ci_level,90,multi_strategy,1.0,0.0,0.0
imagenet_mnv2_050_crop_free_k3,imagenet,margin_drop,oat:ci_level=90,ci_level,90,ci_excludes_zero,1.0,0.0,0.0
imagenet_mnv2_050_crop_free_k3,imagenet,margin_drop,oat:ci_level=95,ci_level,95,sign_consistent,0.383925,0.616075,0.0
imagenet_mnv2_050_crop_free_k3,imagenet,margin_drop,oat:ci_level=95,ci_level,95,exceeds_control,0.3603125,0.6396875,0.0
imagenet_mnv2_050_crop_free_k3,imagenet,margin_drop,oat:ci_level=95,ci_level,95,multi_strategy,1.0,0.0,0.0
imagenet_mnv2_050_crop_free_k3,imagenet,margin_drop,oat:ci_level=95,ci_level,95,ci_excludes_zero,1.0,0.0,0.0
imagenet_mnv2_050_crop_free_k3,imagenet,margin_drop,oat:ci_level=99,ci_level,99,sign_consistent,0.383925,0.616075,0.0
imagenet_mnv2_050_crop_free_k3,imagenet,margin_drop,oat:ci_level=99,ci_level,99,exceeds_control,0.3603125,0.6396875,0.0
imagenet_mnv2_050_crop_free_k3,imagenet,margin_drop,oat:ci_level=99,ci_level,99,multi_strategy,1.0,0.0,0.0
imagenet_mnv2_050_crop_free_k3,imagenet,margin_drop,oat:ci_level=99,ci_level,99,ci_excludes_zero,1.0,0.0,0.0
imagenet_mnv2_050_crop_free_k3,imagenet,margin_drop,oat:ci_level=999,ci_level,999,sign_consistent,0.383925,0.616075,0.0
imagenet_mnv2_050_crop_free_k3,imagenet,margin_drop,oat:ci_level=999,ci_level,999,exceeds_control,0.3603125,0.6396875,0.0
imagenet_mnv2_050_crop_free_k3,imagenet,margin_drop,oat:ci_level=999,ci_level,999,multi_strategy,1.0,0.0,0.0
imagenet_mnv2_050_crop_free_k3,imagenet,margin_drop,oat:ci_level=999,ci_level,999,ci_excludes_zero,1.0,0.0,0.0
imagenet_mnv2_050_crop_free_k3,imagenet,margin_drop,oat:ddof=0,ddof,0,sign_consistent,0.383925,0.616075,0.0
imagenet_mnv2_050_crop_free_k3,imagenet,margin_drop,oat:ddof=0,ddof,0,exceeds_control,0.3603125,0.6396875,0.0
imagenet_mnv2_050_crop_free_k3,imagenet,margin_drop,oat:ddof=0,ddof,0,multi_strategy,1.0,0.0,0.0
imagenet_mnv2_050_crop_free_k3,imagenet,margin_drop,oat:ddof=0,ddof,0,ci_excludes_zero,1.0,0.0,0.0
imagenet_mnv2_050_crop_free_k3,imagenet,margin_drop,oat:ddof=1,ddof,1,sign_consistent,0.383925,0.616075,0.0
imagenet_mnv2_050_crop_free_k3,imagenet,margin_drop,oat:ddof=1,ddof,1,exceeds_control,0.29945625,0.70054375,0.0
imagenet_mnv2_050_crop_free_k3,imagenet,margin_drop,oat:ddof=1,ddof,1,multi_strategy,1.0,0.0,0.0
imagenet_mnv2_050_crop_free_k3,imagenet,margin_drop,oat:ddof=1,ddof,1,ci_excludes_zero,1.0,0.0,0.0
imagenet_mnv2_050_crop_free_k3,imagenet,margin_drop,oat:std_floor_beta=0.0,std_floor_beta,0.0,sign_consistent,0.383925,0.616075,0.0
imagenet_mnv2_050_crop_free_k3,imagenet,margin_drop,oat:std_floor_beta=0.0,std_floor_beta,0.0,exceeds_control,0.3603125,0.6396875,0.0
imagenet_mnv2_050_crop_free_k3,imagenet,margin_drop,oat:std_floor_beta=0.0,std_floor_beta,0.0,multi_strategy,1.0,0.0,0.0
imagenet_mnv2_050_crop_free_k3,imagenet,margin_drop,oat:std_floor_beta=0.0,std_floor_beta,0.0,ci_excludes_zero,1.0,0.0,0.0
imagenet_mnv2_050_crop_free_k3,imagenet,margin_drop,oat:std_floor_beta=0.1,std_floor_beta,0.1,sign_consistent,0.383925,0.616075,0.0
imagenet_mnv2_050_crop_free_k3,imagenet,margin_drop,oat:std_floor_beta=0.1,std_floor_beta,0.1,exceeds_control,0.35383125,0.64616875,0.0
imagenet_mnv2_050_crop_free_k3,imagenet,margin_drop,oat:std_floor_beta=0.1,std_floor_beta,0.1,multi_strategy,1.0,0.0,0.0
imagenet_mnv2_050_crop_free_k3,imagenet,margin_drop,oat:std_floor_beta=0.1,std_floor_beta,0.1,ci_excludes_zero,1.0,0.0,0.0
imagenet_mnv2_050_crop_free_k3,imagenet,margin_drop,oat:std_floor_beta=0.25,std_floor_beta,0.25,sign_consistent,0.383925,0.616075,0.0
imagenet_mnv2_050_crop_free_k3,imagenet,margin_drop,oat:std_floor_beta=0.25,std_floor_beta,0.25,exceeds_control,0.32041875,0.67958125,0.0
imagenet_mnv2_050_crop_free_k3,imagenet,margin_drop,oat:std_floor_beta=0.25,std_floor_beta,0.25,multi_strategy,1.0,0.0,0.0
imagenet_mnv2_050_crop_free_k3,imagenet,margin_drop,oat:std_floor_beta=0.25,std_floor_beta,0.25,ci_excludes_zero,1.0,0.0,0.0
imagenet_mnv2_050_crop_free_k3,imagenet,margin_drop,preset:lenient,preset,lenient,sign_consistent,0.383925,0.616075,0.0
imagenet_mnv2_050_crop_free_k3,imagenet,margin_drop,preset:lenient,preset,lenient,exceeds_control,0.44748125,0.55251875,0.0
imagenet_mnv2_050_crop_free_k3,imagenet,margin_drop,preset:lenient,preset,lenient,multi_strategy,1.0,0.0,0.0
imagenet_mnv2_050_crop_free_k3,imagenet,margin_drop,preset:lenient,preset,lenient,ci_excludes_zero,1.0,0.0,0.0
imagenet_mnv2_050_crop_free_k3,imagenet,margin_drop,preset:conservative,preset,conservative,sign_consistent,0.34859375,0.65140625,0.0
imagenet_mnv2_050_crop_free_k3,imagenet,margin_drop,preset:conservative,preset,conservative,exceeds_control,0.1842375,0.8157625,0.0
imagenet_mnv2_050_crop_free_k3,imagenet,margin_drop,preset:conservative,preset,conservative,multi_strategy,0.956275,0.043725,0.0
imagenet_mnv2_050_crop_free_k3,imagenet,margin_drop,preset:conservative,preset,conservative,ci_excludes_zero,1.0,0.0,0.0
imagenet_mnv2_050_crop_free_k3,imagenet,margin_drop,alt:zero_abstain:sign_alpha=0.01,zero_abstain_alpha,0.01,sign_consistent,0.391,0.609,0.0
imagenet_mnv2_050_crop_free_k3,imagenet,margin_drop,alt:zero_abstain:sign_alpha=0.01,zero_abstain_alpha,0.01,exceeds_control,0.3603125,0.6396875,0.0
imagenet_mnv2_050_crop_free_k3,imagenet,margin_drop,alt:zero_abstain:sign_alpha=0.01,zero_abstain_alpha,0.01,multi_strategy,0.99000625,0.00999375,0.0
imagenet_mnv2_050_crop_free_k3,imagenet,margin_drop,alt:zero_abstain:sign_alpha=0.01,zero_abstain_alpha,0.01,ci_excludes_zero,1.0,0.0,0.0
imagenet_mnv2_050_crop_free_k3,imagenet,margin_drop,alt:zero_abstain:sign_alpha=0.05,zero_abstain_alpha,0.05,sign_consistent,0.4212,0.5786625,0.0001375
imagenet_mnv2_050_crop_free_k3,imagenet,margin_drop,alt:zero_abstain:sign_alpha=0.05,zero_abstain_alpha,0.05,exceeds_control,0.3603125,0.6396875,0.0
imagenet_mnv2_050_crop_free_k3,imagenet,margin_drop,alt:zero_abstain:sign_alpha=0.05,zero_abstain_alpha,0.05,multi_strategy,0.9510875,0.0489125,0.0
imagenet_mnv2_050_crop_free_k3,imagenet,margin_drop,alt:zero_abstain:sign_alpha=0.05,zero_abstain_alpha,0.05,ci_excludes_zero,1.0,0.0,0.0
imagenet_mnv2_050_crop_free_k3,imagenet,margin_drop,alt:zero_abstain:sign_alpha=0.1,zero_abstain_alpha,0.1,sign_consistent,0.456975,0.54219375,0.00083125
imagenet_mnv2_050_crop_free_k3,imagenet,margin_drop,alt:zero_abstain:sign_alpha=0.1,zero_abstain_alpha,0.1,exceeds_control,0.3603125,0.6396875,0.0
imagenet_mnv2_050_crop_free_k3,imagenet,margin_drop,alt:zero_abstain:sign_alpha=0.1,zero_abstain_alpha,0.1,multi_strategy,0.9051875,0.0948125,0.0
imagenet_mnv2_050_crop_free_k3,imagenet,margin_drop,alt:zero_abstain:sign_alpha=0.1,zero_abstain_alpha,0.1,ci_excludes_zero,1.0,0.0,0.0
imagenet_mnv2_050_crop_free_k3,imagenet,margin_drop,alt:zero_abstain:sign_alpha=0.25,zero_abstain_alpha,0.25,sign_consistent,0.5509125,0.441075,0.0080125
imagenet_mnv2_050_crop_free_k3,imagenet,margin_drop,alt:zero_abstain:sign_alpha=0.25,zero_abstain_alpha,0.25,exceeds_control,0.3603125,0.6396875,0.0
imagenet_mnv2_050_crop_free_k3,imagenet,margin_drop,alt:zero_abstain:sign_alpha=0.25,zero_abstain_alpha,0.25,multi_strategy,0.782925,0.217075,0.0
imagenet_mnv2_050_crop_free_k3,imagenet,margin_drop,alt:zero_abstain:sign_alpha=0.25,zero_abstain_alpha,0.25,ci_excludes_zero,1.0,0.0,0.0
imagenet_mnv2_100_exact_k3,imagenet,margin_drop,default,default,,sign_consistent,0.407975,0.592025,0.0
imagenet_mnv2_100_exact_k3,imagenet,margin_drop,default,default,,exceeds_control,0.32146875,0.67853125,0.0
imagenet_mnv2_100_exact_k3,imagenet,margin_drop,default,default,,multi_strategy,1.0,0.0,0.0
imagenet_mnv2_100_exact_k3,imagenet,margin_drop,default,default,,ci_excludes_zero,1.0,0.0,0.0
imagenet_mnv2_100_exact_k3,imagenet,margin_drop,oat:z_threshold=1.0,z_threshold,1.0,sign_consistent,0.407975,0.592025,0.0
imagenet_mnv2_100_exact_k3,imagenet,margin_drop,oat:z_threshold=1.0,z_threshold,1.0,exceeds_control,0.52316875,0.47683125,0.0
imagenet_mnv2_100_exact_k3,imagenet,margin_drop,oat:z_threshold=1.0,z_threshold,1.0,multi_strategy,1.0,0.0,0.0
imagenet_mnv2_100_exact_k3,imagenet,margin_drop,oat:z_threshold=1.0,z_threshold,1.0,ci_excludes_zero,1.0,0.0,0.0
imagenet_mnv2_100_exact_k3,imagenet,margin_drop,oat:z_threshold=1.5,z_threshold,1.5,sign_consistent,0.407975,0.592025,0.0
imagenet_mnv2_100_exact_k3,imagenet,margin_drop,oat:z_threshold=1.5,z_threshold,1.5,exceeds_control,0.4061375,0.5938625,0.0
imagenet_mnv2_100_exact_k3,imagenet,margin_drop,oat:z_threshold=1.5,z_threshold,1.5,multi_strategy,1.0,0.0,0.0
imagenet_mnv2_100_exact_k3,imagenet,margin_drop,oat:z_threshold=1.5,z_threshold,1.5,ci_excludes_zero,1.0,0.0,0.0
imagenet_mnv2_100_exact_k3,imagenet,margin_drop,oat:z_threshold=2.0,z_threshold,2.0,sign_consistent,0.407975,0.592025,0.0
imagenet_mnv2_100_exact_k3,imagenet,margin_drop,oat:z_threshold=2.0,z_threshold,2.0,exceeds_control,0.32146875,0.67853125,0.0
imagenet_mnv2_100_exact_k3,imagenet,margin_drop,oat:z_threshold=2.0,z_threshold,2.0,multi_strategy,1.0,0.0,0.0
imagenet_mnv2_100_exact_k3,imagenet,margin_drop,oat:z_threshold=2.0,z_threshold,2.0,ci_excludes_zero,1.0,0.0,0.0
imagenet_mnv2_100_exact_k3,imagenet,margin_drop,oat:z_threshold=2.5,z_threshold,2.5,sign_consistent,0.407975,0.592025,0.0
imagenet_mnv2_100_exact_k3,imagenet,margin_drop,oat:z_threshold=2.5,z_threshold,2.5,exceeds_control,0.25963125,0.74036875,0.0
imagenet_mnv2_100_exact_k3,imagenet,margin_drop,oat:z_threshold=2.5,z_threshold,2.5,multi_strategy,1.0,0.0,0.0
imagenet_mnv2_100_exact_k3,imagenet,margin_drop,oat:z_threshold=2.5,z_threshold,2.5,ci_excludes_zero,1.0,0.0,0.0
imagenet_mnv2_100_exact_k3,imagenet,margin_drop,oat:z_threshold=3.0,z_threshold,3.0,sign_consistent,0.407975,0.592025,0.0
imagenet_mnv2_100_exact_k3,imagenet,margin_drop,oat:z_threshold=3.0,z_threshold,3.0,exceeds_control,0.2138375,0.7861625,0.0
imagenet_mnv2_100_exact_k3,imagenet,margin_drop,oat:z_threshold=3.0,z_threshold,3.0,multi_strategy,1.0,0.0,0.0
imagenet_mnv2_100_exact_k3,imagenet,margin_drop,oat:z_threshold=3.0,z_threshold,3.0,ci_excludes_zero,1.0,0.0,0.0
imagenet_mnv2_100_exact_k3,imagenet,margin_drop,oat:z_threshold=4.0,z_threshold,4.0,sign_consistent,0.407975,0.592025,0.0
imagenet_mnv2_100_exact_k3,imagenet,margin_drop,oat:z_threshold=4.0,z_threshold,4.0,exceeds_control,0.151975,0.848025,0.0
imagenet_mnv2_100_exact_k3,imagenet,margin_drop,oat:z_threshold=4.0,z_threshold,4.0,multi_strategy,1.0,0.0,0.0
imagenet_mnv2_100_exact_k3,imagenet,margin_drop,oat:z_threshold=4.0,z_threshold,4.0,ci_excludes_zero,1.0,0.0,0.0
imagenet_mnv2_100_exact_k3,imagenet,margin_drop,oat:sign_alpha=0.0,sign_alpha,0.0,sign_consistent,0.407975,0.592025,0.0
imagenet_mnv2_100_exact_k3,imagenet,margin_drop,oat:sign_alpha=0.0,sign_alpha,0.0,exceeds_control,0.32146875,0.67853125,0.0
imagenet_mnv2_100_exact_k3,imagenet,margin_drop,oat:sign_alpha=0.0,sign_alpha,0.0,multi_strategy,1.0,0.0,0.0
imagenet_mnv2_100_exact_k3,imagenet,margin_drop,oat:sign_alpha=0.0,sign_alpha,0.0,ci_excludes_zero,1.0,0.0,0.0
imagenet_mnv2_100_exact_k3,imagenet,margin_drop,oat:sign_alpha=0.01,sign_alpha,0.01,sign_consistent,0.3999125,0.6000875,0.0
imagenet_mnv2_100_exact_k3,imagenet,margin_drop,oat:sign_alpha=0.01,sign_alpha,0.01,exceeds_control,0.32146875,0.67853125,0.0
imagenet_mnv2_100_exact_k3,imagenet,margin_drop,oat:sign_alpha=0.01,sign_alpha,0.01,multi_strategy,0.98944375,0.01055625,0.0
imagenet_mnv2_100_exact_k3,imagenet,margin_drop,oat:sign_alpha=0.01,sign_alpha,0.01,ci_excludes_zero,1.0,0.0,0.0
imagenet_mnv2_100_exact_k3,imagenet,margin_drop,oat:sign_alpha=0.05,sign_alpha,0.05,sign_consistent,0.37110625,0.62889375,0.0
imagenet_mnv2_100_exact_k3,imagenet,margin_drop,oat:sign_alpha=0.05,sign_alpha,0.05,exceeds_control,0.32146875,0.67853125,0.0
imagenet_mnv2_100_exact_k3,imagenet,margin_drop,oat:sign_alpha=0.05,sign_alpha,0.05,multi_strategy,0.9551,0.0449,0.0
imagenet_mnv2_100_exact_k3,imagenet,margin_drop,oat:sign_alpha=0.05,sign_alpha,0.05,ci_excludes_zero,1.0,0.0,0.0
imagenet_mnv2_100_exact_k3,imagenet,margin_drop,oat:sign_alpha=0.1,sign_alpha,0.1,sign_consistent,0.341075,0.658925,0.0
imagenet_mnv2_100_exact_k3,imagenet,margin_drop,oat:sign_alpha=0.1,sign_alpha,0.1,exceeds_control,0.32146875,0.67853125,0.0
imagenet_mnv2_100_exact_k3,imagenet,margin_drop,oat:sign_alpha=0.1,sign_alpha,0.1,multi_strategy,0.92688125,0.07311875,0.0
imagenet_mnv2_100_exact_k3,imagenet,margin_drop,oat:sign_alpha=0.1,sign_alpha,0.1,ci_excludes_zero,1.0,0.0,0.0
imagenet_mnv2_100_exact_k3,imagenet,margin_drop,oat:sign_alpha=0.25,sign_alpha,0.25,sign_consistent,0.28694375,0.71305625,0.0
imagenet_mnv2_100_exact_k3,imagenet,margin_drop,oat:sign_alpha=0.25,sign_alpha,0.25,exceeds_control,0.32146875,0.67853125,0.0
imagenet_mnv2_100_exact_k3,imagenet,margin_drop,oat:sign_alpha=0.25,sign_alpha,0.25,multi_strategy,0.890075,0.109925,0.0
imagenet_mnv2_100_exact_k3,imagenet,margin_drop,oat:sign_alpha=0.25,sign_alpha,0.25,ci_excludes_zero,1.0,0.0,0.0
imagenet_mnv2_100_exact_k3,imagenet,margin_drop,oat:min_multi_strategy=2,min_multi_strategy,2,sign_consistent,0.407975,0.592025,0.0
imagenet_mnv2_100_exact_k3,imagenet,margin_drop,oat:min_multi_strategy=2,min_multi_strategy,2,exceeds_control,0.32146875,0.67853125,0.0
imagenet_mnv2_100_exact_k3,imagenet,margin_drop,oat:min_multi_strategy=2,min_multi_strategy,2,multi_strategy,1.0,0.0,0.0
imagenet_mnv2_100_exact_k3,imagenet,margin_drop,oat:min_multi_strategy=2,min_multi_strategy,2,ci_excludes_zero,1.0,0.0,0.0
imagenet_mnv2_100_exact_k3,imagenet,margin_drop,oat:min_multi_strategy=3,min_multi_strategy,3,sign_consistent,0.407975,0.592025,0.0
imagenet_mnv2_100_exact_k3,imagenet,margin_drop,oat:min_multi_strategy=3,min_multi_strategy,3,exceeds_control,0.32146875,0.67853125,0.0
imagenet_mnv2_100_exact_k3,imagenet,margin_drop,oat:min_multi_strategy=3,min_multi_strategy,3,multi_strategy,0.407975,0.592025,0.0
imagenet_mnv2_100_exact_k3,imagenet,margin_drop,oat:min_multi_strategy=3,min_multi_strategy,3,ci_excludes_zero,1.0,0.0,0.0
imagenet_mnv2_100_exact_k3,imagenet,margin_drop,oat:ci_level=90,ci_level,90,sign_consistent,0.407975,0.592025,0.0
imagenet_mnv2_100_exact_k3,imagenet,margin_drop,oat:ci_level=90,ci_level,90,exceeds_control,0.32146875,0.67853125,0.0
imagenet_mnv2_100_exact_k3,imagenet,margin_drop,oat:ci_level=90,ci_level,90,multi_strategy,1.0,0.0,0.0
imagenet_mnv2_100_exact_k3,imagenet,margin_drop,oat:ci_level=90,ci_level,90,ci_excludes_zero,1.0,0.0,0.0
imagenet_mnv2_100_exact_k3,imagenet,margin_drop,oat:ci_level=95,ci_level,95,sign_consistent,0.407975,0.592025,0.0
imagenet_mnv2_100_exact_k3,imagenet,margin_drop,oat:ci_level=95,ci_level,95,exceeds_control,0.32146875,0.67853125,0.0
imagenet_mnv2_100_exact_k3,imagenet,margin_drop,oat:ci_level=95,ci_level,95,multi_strategy,1.0,0.0,0.0
imagenet_mnv2_100_exact_k3,imagenet,margin_drop,oat:ci_level=95,ci_level,95,ci_excludes_zero,1.0,0.0,0.0
imagenet_mnv2_100_exact_k3,imagenet,margin_drop,oat:ci_level=99,ci_level,99,sign_consistent,0.407975,0.592025,0.0
imagenet_mnv2_100_exact_k3,imagenet,margin_drop,oat:ci_level=99,ci_level,99,exceeds_control,0.32146875,0.67853125,0.0
imagenet_mnv2_100_exact_k3,imagenet,margin_drop,oat:ci_level=99,ci_level,99,multi_strategy,1.0,0.0,0.0
imagenet_mnv2_100_exact_k3,imagenet,margin_drop,oat:ci_level=99,ci_level,99,ci_excludes_zero,1.0,0.0,0.0
imagenet_mnv2_100_exact_k3,imagenet,margin_drop,oat:ci_level=999,ci_level,999,sign_consistent,0.407975,0.592025,0.0
imagenet_mnv2_100_exact_k3,imagenet,margin_drop,oat:ci_level=999,ci_level,999,exceeds_control,0.32146875,0.67853125,0.0
imagenet_mnv2_100_exact_k3,imagenet,margin_drop,oat:ci_level=999,ci_level,999,multi_strategy,1.0,0.0,0.0
imagenet_mnv2_100_exact_k3,imagenet,margin_drop,oat:ci_level=999,ci_level,999,ci_excludes_zero,1.0,0.0,0.0
imagenet_mnv2_100_exact_k3,imagenet,margin_drop,oat:ddof=0,ddof,0,sign_consistent,0.407975,0.592025,0.0
imagenet_mnv2_100_exact_k3,imagenet,margin_drop,oat:ddof=0,ddof,0,exceeds_control,0.32146875,0.67853125,0.0
imagenet_mnv2_100_exact_k3,imagenet,margin_drop,oat:ddof=0,ddof,0,multi_strategy,1.0,0.0,0.0
imagenet_mnv2_100_exact_k3,imagenet,margin_drop,oat:ddof=0,ddof,0,ci_excludes_zero,1.0,0.0,0.0
imagenet_mnv2_100_exact_k3,imagenet,margin_drop,oat:ddof=1,ddof,1,sign_consistent,0.407975,0.592025,0.0
imagenet_mnv2_100_exact_k3,imagenet,margin_drop,oat:ddof=1,ddof,1,exceeds_control,0.26501875,0.73498125,0.0
imagenet_mnv2_100_exact_k3,imagenet,margin_drop,oat:ddof=1,ddof,1,multi_strategy,1.0,0.0,0.0
imagenet_mnv2_100_exact_k3,imagenet,margin_drop,oat:ddof=1,ddof,1,ci_excludes_zero,1.0,0.0,0.0
imagenet_mnv2_100_exact_k3,imagenet,margin_drop,oat:std_floor_beta=0.0,std_floor_beta,0.0,sign_consistent,0.407975,0.592025,0.0
imagenet_mnv2_100_exact_k3,imagenet,margin_drop,oat:std_floor_beta=0.0,std_floor_beta,0.0,exceeds_control,0.32146875,0.67853125,0.0
imagenet_mnv2_100_exact_k3,imagenet,margin_drop,oat:std_floor_beta=0.0,std_floor_beta,0.0,multi_strategy,1.0,0.0,0.0
imagenet_mnv2_100_exact_k3,imagenet,margin_drop,oat:std_floor_beta=0.0,std_floor_beta,0.0,ci_excludes_zero,1.0,0.0,0.0
imagenet_mnv2_100_exact_k3,imagenet,margin_drop,oat:std_floor_beta=0.1,std_floor_beta,0.1,sign_consistent,0.407975,0.592025,0.0
imagenet_mnv2_100_exact_k3,imagenet,margin_drop,oat:std_floor_beta=0.1,std_floor_beta,0.1,exceeds_control,0.317075,0.682925,0.0
imagenet_mnv2_100_exact_k3,imagenet,margin_drop,oat:std_floor_beta=0.1,std_floor_beta,0.1,multi_strategy,1.0,0.0,0.0
imagenet_mnv2_100_exact_k3,imagenet,margin_drop,oat:std_floor_beta=0.1,std_floor_beta,0.1,ci_excludes_zero,1.0,0.0,0.0
imagenet_mnv2_100_exact_k3,imagenet,margin_drop,oat:std_floor_beta=0.25,std_floor_beta,0.25,sign_consistent,0.407975,0.592025,0.0
imagenet_mnv2_100_exact_k3,imagenet,margin_drop,oat:std_floor_beta=0.25,std_floor_beta,0.25,exceeds_control,0.2922875,0.7077125,0.0
imagenet_mnv2_100_exact_k3,imagenet,margin_drop,oat:std_floor_beta=0.25,std_floor_beta,0.25,multi_strategy,1.0,0.0,0.0
imagenet_mnv2_100_exact_k3,imagenet,margin_drop,oat:std_floor_beta=0.25,std_floor_beta,0.25,ci_excludes_zero,1.0,0.0,0.0
imagenet_mnv2_100_exact_k3,imagenet,margin_drop,preset:lenient,preset,lenient,sign_consistent,0.407975,0.592025,0.0
imagenet_mnv2_100_exact_k3,imagenet,margin_drop,preset:lenient,preset,lenient,exceeds_control,0.4061375,0.5938625,0.0
imagenet_mnv2_100_exact_k3,imagenet,margin_drop,preset:lenient,preset,lenient,multi_strategy,1.0,0.0,0.0
imagenet_mnv2_100_exact_k3,imagenet,margin_drop,preset:lenient,preset,lenient,ci_excludes_zero,1.0,0.0,0.0
imagenet_mnv2_100_exact_k3,imagenet,margin_drop,preset:conservative,preset,conservative,sign_consistent,0.37110625,0.62889375,0.0
imagenet_mnv2_100_exact_k3,imagenet,margin_drop,preset:conservative,preset,conservative,exceeds_control,0.16451875,0.83548125,0.0
imagenet_mnv2_100_exact_k3,imagenet,margin_drop,preset:conservative,preset,conservative,multi_strategy,0.9551,0.0449,0.0
imagenet_mnv2_100_exact_k3,imagenet,margin_drop,preset:conservative,preset,conservative,ci_excludes_zero,1.0,0.0,0.0
imagenet_mnv2_100_exact_k3,imagenet,margin_drop,alt:zero_abstain:sign_alpha=0.01,zero_abstain_alpha,0.01,sign_consistent,0.4147625,0.58374375,0.00149375
imagenet_mnv2_100_exact_k3,imagenet,margin_drop,alt:zero_abstain:sign_alpha=0.01,zero_abstain_alpha,0.01,exceeds_control,0.32146875,0.67853125,0.0
imagenet_mnv2_100_exact_k3,imagenet,margin_drop,alt:zero_abstain:sign_alpha=0.01,zero_abstain_alpha,0.01,multi_strategy,0.9875125,0.0124875,0.0
imagenet_mnv2_100_exact_k3,imagenet,margin_drop,alt:zero_abstain:sign_alpha=0.01,zero_abstain_alpha,0.01,ci_excludes_zero,1.0,0.0,0.0
imagenet_mnv2_100_exact_k3,imagenet,margin_drop,alt:zero_abstain:sign_alpha=0.05,zero_abstain_alpha,0.05,sign_consistent,0.44461875,0.55066875,0.0047125
imagenet_mnv2_100_exact_k3,imagenet,margin_drop,alt:zero_abstain:sign_alpha=0.05,zero_abstain_alpha,0.05,exceeds_control,0.32146875,0.67853125,0.0
imagenet_mnv2_100_exact_k3,imagenet,margin_drop,alt:zero_abstain:sign_alpha=0.05,zero_abstain_alpha,0.05,multi_strategy,0.9413375,0.0586625,0.0
imagenet_mnv2_100_exact_k3,imagenet,margin_drop,alt:zero_abstain:sign_alpha=0.05,zero_abstain_alpha,0.05,ci_excludes_zero,1.0,0.0,0.0
imagenet_mnv2_100_exact_k3,imagenet,margin_drop,alt:zero_abstain:sign_alpha=0.1,zero_abstain_alpha,0.1,sign_consistent,0.47968125,0.512675,0.00764375
imagenet_mnv2_100_exact_k3,imagenet,margin_drop,alt:zero_abstain:sign_alpha=0.1,zero_abstain_alpha,0.1,exceeds_control,0.32146875,0.67853125,0.0
imagenet_mnv2_100_exact_k3,imagenet,margin_drop,alt:zero_abstain:sign_alpha=0.1,zero_abstain_alpha,0.1,multi_strategy,0.89163125,0.10836875,0.0
imagenet_mnv2_100_exact_k3,imagenet,margin_drop,alt:zero_abstain:sign_alpha=0.1,zero_abstain_alpha,0.1,ci_excludes_zero,1.0,0.0,0.0
imagenet_mnv2_100_exact_k3,imagenet,margin_drop,alt:zero_abstain:sign_alpha=0.25,zero_abstain_alpha,0.25,sign_consistent,0.55986875,0.41400625,0.026125
imagenet_mnv2_100_exact_k3,imagenet,margin_drop,alt:zero_abstain:sign_alpha=0.25,zero_abstain_alpha,0.25,exceeds_control,0.32146875,0.67853125,0.0
imagenet_mnv2_100_exact_k3,imagenet,margin_drop,alt:zero_abstain:sign_alpha=0.25,zero_abstain_alpha,0.25,multi_strategy,0.7681125,0.2318875,0.0
imagenet_mnv2_100_exact_k3,imagenet,margin_drop,alt:zero_abstain:sign_alpha=0.25,zero_abstain_alpha,0.25,ci_excludes_zero,1.0,0.0,0.0
imagenet_mnv2_100_crop_free_k3,imagenet,margin_drop,default,default,,sign_consistent,0.38856875,0.61143125,0.0
imagenet_mnv2_100_crop_free_k3,imagenet,margin_drop,default,default,,exceeds_control,0.3482,0.6518,0.0
imagenet_mnv2_100_crop_free_k3,imagenet,margin_drop,default,default,,multi_strategy,0.99999375,6.25e-06,0.0
imagenet_mnv2_100_crop_free_k3,imagenet,margin_drop,default,default,,ci_excludes_zero,1.0,0.0,0.0
imagenet_mnv2_100_crop_free_k3,imagenet,margin_drop,oat:z_threshold=1.0,z_threshold,1.0,sign_consistent,0.38856875,0.61143125,0.0
imagenet_mnv2_100_crop_free_k3,imagenet,margin_drop,oat:z_threshold=1.0,z_threshold,1.0,exceeds_control,0.54581875,0.45418125,0.0
imagenet_mnv2_100_crop_free_k3,imagenet,margin_drop,oat:z_threshold=1.0,z_threshold,1.0,multi_strategy,0.99999375,6.25e-06,0.0
imagenet_mnv2_100_crop_free_k3,imagenet,margin_drop,oat:z_threshold=1.0,z_threshold,1.0,ci_excludes_zero,1.0,0.0,0.0
imagenet_mnv2_100_crop_free_k3,imagenet,margin_drop,oat:z_threshold=1.5,z_threshold,1.5,sign_consistent,0.38856875,0.61143125,0.0
imagenet_mnv2_100_crop_free_k3,imagenet,margin_drop,oat:z_threshold=1.5,z_threshold,1.5,exceeds_control,0.43356875,0.56643125,0.0
imagenet_mnv2_100_crop_free_k3,imagenet,margin_drop,oat:z_threshold=1.5,z_threshold,1.5,multi_strategy,0.99999375,6.25e-06,0.0
imagenet_mnv2_100_crop_free_k3,imagenet,margin_drop,oat:z_threshold=1.5,z_threshold,1.5,ci_excludes_zero,1.0,0.0,0.0
imagenet_mnv2_100_crop_free_k3,imagenet,margin_drop,oat:z_threshold=2.0,z_threshold,2.0,sign_consistent,0.38856875,0.61143125,0.0
imagenet_mnv2_100_crop_free_k3,imagenet,margin_drop,oat:z_threshold=2.0,z_threshold,2.0,exceeds_control,0.3482,0.6518,0.0
imagenet_mnv2_100_crop_free_k3,imagenet,margin_drop,oat:z_threshold=2.0,z_threshold,2.0,multi_strategy,0.99999375,6.25e-06,0.0
imagenet_mnv2_100_crop_free_k3,imagenet,margin_drop,oat:z_threshold=2.0,z_threshold,2.0,ci_excludes_zero,1.0,0.0,0.0
imagenet_mnv2_100_crop_free_k3,imagenet,margin_drop,oat:z_threshold=2.5,z_threshold,2.5,sign_consistent,0.38856875,0.61143125,0.0
imagenet_mnv2_100_crop_free_k3,imagenet,margin_drop,oat:z_threshold=2.5,z_threshold,2.5,exceeds_control,0.28271875,0.71728125,0.0
imagenet_mnv2_100_crop_free_k3,imagenet,margin_drop,oat:z_threshold=2.5,z_threshold,2.5,multi_strategy,0.99999375,6.25e-06,0.0
imagenet_mnv2_100_crop_free_k3,imagenet,margin_drop,oat:z_threshold=2.5,z_threshold,2.5,ci_excludes_zero,1.0,0.0,0.0
imagenet_mnv2_100_crop_free_k3,imagenet,margin_drop,oat:z_threshold=3.0,z_threshold,3.0,sign_consistent,0.38856875,0.61143125,0.0
imagenet_mnv2_100_crop_free_k3,imagenet,margin_drop,oat:z_threshold=3.0,z_threshold,3.0,exceeds_control,0.23364375,0.76635625,0.0
imagenet_mnv2_100_crop_free_k3,imagenet,margin_drop,oat:z_threshold=3.0,z_threshold,3.0,multi_strategy,0.99999375,6.25e-06,0.0
imagenet_mnv2_100_crop_free_k3,imagenet,margin_drop,oat:z_threshold=3.0,z_threshold,3.0,ci_excludes_zero,1.0,0.0,0.0
imagenet_mnv2_100_crop_free_k3,imagenet,margin_drop,oat:z_threshold=4.0,z_threshold,4.0,sign_consistent,0.38856875,0.61143125,0.0
imagenet_mnv2_100_crop_free_k3,imagenet,margin_drop,oat:z_threshold=4.0,z_threshold,4.0,exceeds_control,0.16616875,0.83383125,0.0
imagenet_mnv2_100_crop_free_k3,imagenet,margin_drop,oat:z_threshold=4.0,z_threshold,4.0,multi_strategy,0.99999375,6.25e-06,0.0
imagenet_mnv2_100_crop_free_k3,imagenet,margin_drop,oat:z_threshold=4.0,z_threshold,4.0,ci_excludes_zero,1.0,0.0,0.0
imagenet_mnv2_100_crop_free_k3,imagenet,margin_drop,oat:sign_alpha=0.0,sign_alpha,0.0,sign_consistent,0.38856875,0.61143125,0.0
imagenet_mnv2_100_crop_free_k3,imagenet,margin_drop,oat:sign_alpha=0.0,sign_alpha,0.0,exceeds_control,0.3482,0.6518,0.0
imagenet_mnv2_100_crop_free_k3,imagenet,margin_drop,oat:sign_alpha=0.0,sign_alpha,0.0,multi_strategy,0.99999375,6.25e-06,0.0
imagenet_mnv2_100_crop_free_k3,imagenet,margin_drop,oat:sign_alpha=0.0,sign_alpha,0.0,ci_excludes_zero,1.0,0.0,0.0
imagenet_mnv2_100_crop_free_k3,imagenet,margin_drop,oat:sign_alpha=0.01,sign_alpha,0.01,sign_consistent,0.3810375,0.6189625,0.0
imagenet_mnv2_100_crop_free_k3,imagenet,margin_drop,oat:sign_alpha=0.01,sign_alpha,0.01,exceeds_control,0.3482,0.6518,0.0
imagenet_mnv2_100_crop_free_k3,imagenet,margin_drop,oat:sign_alpha=0.01,sign_alpha,0.01,multi_strategy,0.99016875,0.00983125,0.0
imagenet_mnv2_100_crop_free_k3,imagenet,margin_drop,oat:sign_alpha=0.01,sign_alpha,0.01,ci_excludes_zero,1.0,0.0,0.0
imagenet_mnv2_100_crop_free_k3,imagenet,margin_drop,oat:sign_alpha=0.05,sign_alpha,0.05,sign_consistent,0.352125,0.647875,0.0
imagenet_mnv2_100_crop_free_k3,imagenet,margin_drop,oat:sign_alpha=0.05,sign_alpha,0.05,exceeds_control,0.3482,0.6518,0.0
imagenet_mnv2_100_crop_free_k3,imagenet,margin_drop,oat:sign_alpha=0.05,sign_alpha,0.05,multi_strategy,0.957075,0.042925,0.0
imagenet_mnv2_100_crop_free_k3,imagenet,margin_drop,oat:sign_alpha=0.05,sign_alpha,0.05,ci_excludes_zero,1.0,0.0,0.0
imagenet_mnv2_100_crop_free_k3,imagenet,margin_drop,oat:sign_alpha=0.1,sign_alpha,0.1,sign_consistent,0.3218625,0.6781375,0.0
imagenet_mnv2_100_crop_free_k3,imagenet,margin_drop,oat:sign_alpha=0.1,sign_alpha,0.1,exceeds_control,0.3482,0.6518,0.0
imagenet_mnv2_100_crop_free_k3,imagenet,margin_drop,oat:sign_alpha=0.1,sign_alpha,0.1,multi_strategy,0.92479375,0.07520625,0.0
imagenet_mnv2_100_crop_free_k3,imagenet,margin_drop,oat:sign_alpha=0.1,sign_alpha,0.1,ci_excludes_zero,1.0,0.0,0.0
imagenet_mnv2_100_crop_free_k3,imagenet,margin_drop,oat:sign_alpha=0.25,sign_alpha,0.25,sign_consistent,0.257475,0.742525,0.0
imagenet_mnv2_100_crop_free_k3,imagenet,margin_drop,oat:sign_alpha=0.25,sign_alpha,0.25,exceeds_control,0.3482,0.6518,0.0
imagenet_mnv2_100_crop_free_k3,imagenet,margin_drop,oat:sign_alpha=0.25,sign_alpha,0.25,multi_strategy,0.87671875,0.12328125,0.0
imagenet_mnv2_100_crop_free_k3,imagenet,margin_drop,oat:sign_alpha=0.25,sign_alpha,0.25,ci_excludes_zero,1.0,0.0,0.0
imagenet_mnv2_100_crop_free_k3,imagenet,margin_drop,oat:min_multi_strategy=2,min_multi_strategy,2,sign_consistent,0.38856875,0.61143125,0.0
imagenet_mnv2_100_crop_free_k3,imagenet,margin_drop,oat:min_multi_strategy=2,min_multi_strategy,2,exceeds_control,0.3482,0.6518,0.0
imagenet_mnv2_100_crop_free_k3,imagenet,margin_drop,oat:min_multi_strategy=2,min_multi_strategy,2,multi_strategy,0.99999375,6.25e-06,0.0
imagenet_mnv2_100_crop_free_k3,imagenet,margin_drop,oat:min_multi_strategy=2,min_multi_strategy,2,ci_excludes_zero,1.0,0.0,0.0
imagenet_mnv2_100_crop_free_k3,imagenet,margin_drop,oat:min_multi_strategy=3,min_multi_strategy,3,sign_consistent,0.38856875,0.61143125,0.0
imagenet_mnv2_100_crop_free_k3,imagenet,margin_drop,oat:min_multi_strategy=3,min_multi_strategy,3,exceeds_control,0.3482,0.6518,0.0
imagenet_mnv2_100_crop_free_k3,imagenet,margin_drop,oat:min_multi_strategy=3,min_multi_strategy,3,multi_strategy,0.38856875,0.61143125,0.0
imagenet_mnv2_100_crop_free_k3,imagenet,margin_drop,oat:min_multi_strategy=3,min_multi_strategy,3,ci_excludes_zero,1.0,0.0,0.0
imagenet_mnv2_100_crop_free_k3,imagenet,margin_drop,oat:ci_level=90,ci_level,90,sign_consistent,0.38856875,0.61143125,0.0
imagenet_mnv2_100_crop_free_k3,imagenet,margin_drop,oat:ci_level=90,ci_level,90,exceeds_control,0.3482,0.6518,0.0
imagenet_mnv2_100_crop_free_k3,imagenet,margin_drop,oat:ci_level=90,ci_level,90,multi_strategy,0.99999375,6.25e-06,0.0
imagenet_mnv2_100_crop_free_k3,imagenet,margin_drop,oat:ci_level=90,ci_level,90,ci_excludes_zero,1.0,0.0,0.0
imagenet_mnv2_100_crop_free_k3,imagenet,margin_drop,oat:ci_level=95,ci_level,95,sign_consistent,0.38856875,0.61143125,0.0
imagenet_mnv2_100_crop_free_k3,imagenet,margin_drop,oat:ci_level=95,ci_level,95,exceeds_control,0.3482,0.6518,0.0
imagenet_mnv2_100_crop_free_k3,imagenet,margin_drop,oat:ci_level=95,ci_level,95,multi_strategy,0.99999375,6.25e-06,0.0
imagenet_mnv2_100_crop_free_k3,imagenet,margin_drop,oat:ci_level=95,ci_level,95,ci_excludes_zero,1.0,0.0,0.0
imagenet_mnv2_100_crop_free_k3,imagenet,margin_drop,oat:ci_level=99,ci_level,99,sign_consistent,0.38856875,0.61143125,0.0
imagenet_mnv2_100_crop_free_k3,imagenet,margin_drop,oat:ci_level=99,ci_level,99,exceeds_control,0.3482,0.6518,0.0
imagenet_mnv2_100_crop_free_k3,imagenet,margin_drop,oat:ci_level=99,ci_level,99,multi_strategy,0.99999375,6.25e-06,0.0
imagenet_mnv2_100_crop_free_k3,imagenet,margin_drop,oat:ci_level=99,ci_level,99,ci_excludes_zero,1.0,0.0,0.0
imagenet_mnv2_100_crop_free_k3,imagenet,margin_drop,oat:ci_level=999,ci_level,999,sign_consistent,0.38856875,0.61143125,0.0
imagenet_mnv2_100_crop_free_k3,imagenet,margin_drop,oat:ci_level=999,ci_level,999,exceeds_control,0.3482,0.6518,0.0
imagenet_mnv2_100_crop_free_k3,imagenet,margin_drop,oat:ci_level=999,ci_level,999,multi_strategy,0.99999375,6.25e-06,0.0
imagenet_mnv2_100_crop_free_k3,imagenet,margin_drop,oat:ci_level=999,ci_level,999,ci_excludes_zero,1.0,0.0,0.0
imagenet_mnv2_100_crop_free_k3,imagenet,margin_drop,oat:ddof=0,ddof,0,sign_consistent,0.38856875,0.61143125,0.0
imagenet_mnv2_100_crop_free_k3,imagenet,margin_drop,oat:ddof=0,ddof,0,exceeds_control,0.3482,0.6518,0.0
imagenet_mnv2_100_crop_free_k3,imagenet,margin_drop,oat:ddof=0,ddof,0,multi_strategy,0.99999375,6.25e-06,0.0
imagenet_mnv2_100_crop_free_k3,imagenet,margin_drop,oat:ddof=0,ddof,0,ci_excludes_zero,1.0,0.0,0.0
imagenet_mnv2_100_crop_free_k3,imagenet,margin_drop,oat:ddof=1,ddof,1,sign_consistent,0.38856875,0.61143125,0.0
imagenet_mnv2_100_crop_free_k3,imagenet,margin_drop,oat:ddof=1,ddof,1,exceeds_control,0.2890125,0.7109875,0.0
imagenet_mnv2_100_crop_free_k3,imagenet,margin_drop,oat:ddof=1,ddof,1,multi_strategy,0.99999375,6.25e-06,0.0
imagenet_mnv2_100_crop_free_k3,imagenet,margin_drop,oat:ddof=1,ddof,1,ci_excludes_zero,1.0,0.0,0.0
imagenet_mnv2_100_crop_free_k3,imagenet,margin_drop,oat:std_floor_beta=0.0,std_floor_beta,0.0,sign_consistent,0.38856875,0.61143125,0.0
imagenet_mnv2_100_crop_free_k3,imagenet,margin_drop,oat:std_floor_beta=0.0,std_floor_beta,0.0,exceeds_control,0.3482,0.6518,0.0
imagenet_mnv2_100_crop_free_k3,imagenet,margin_drop,oat:std_floor_beta=0.0,std_floor_beta,0.0,multi_strategy,0.99999375,6.25e-06,0.0
imagenet_mnv2_100_crop_free_k3,imagenet,margin_drop,oat:std_floor_beta=0.0,std_floor_beta,0.0,ci_excludes_zero,1.0,0.0,0.0
imagenet_mnv2_100_crop_free_k3,imagenet,margin_drop,oat:std_floor_beta=0.1,std_floor_beta,0.1,sign_consistent,0.38856875,0.61143125,0.0
imagenet_mnv2_100_crop_free_k3,imagenet,margin_drop,oat:std_floor_beta=0.1,std_floor_beta,0.1,exceeds_control,0.34298125,0.65701875,0.0
imagenet_mnv2_100_crop_free_k3,imagenet,margin_drop,oat:std_floor_beta=0.1,std_floor_beta,0.1,multi_strategy,0.99999375,6.25e-06,0.0
imagenet_mnv2_100_crop_free_k3,imagenet,margin_drop,oat:std_floor_beta=0.1,std_floor_beta,0.1,ci_excludes_zero,1.0,0.0,0.0
imagenet_mnv2_100_crop_free_k3,imagenet,margin_drop,oat:std_floor_beta=0.25,std_floor_beta,0.25,sign_consistent,0.38856875,0.61143125,0.0
imagenet_mnv2_100_crop_free_k3,imagenet,margin_drop,oat:std_floor_beta=0.25,std_floor_beta,0.25,exceeds_control,0.3147125,0.6852875,0.0
imagenet_mnv2_100_crop_free_k3,imagenet,margin_drop,oat:std_floor_beta=0.25,std_floor_beta,0.25,multi_strategy,0.99999375,6.25e-06,0.0
imagenet_mnv2_100_crop_free_k3,imagenet,margin_drop,oat:std_floor_beta=0.25,std_floor_beta,0.25,ci_excludes_zero,1.0,0.0,0.0
imagenet_mnv2_100_crop_free_k3,imagenet,margin_drop,preset:lenient,preset,lenient,sign_consistent,0.38856875,0.61143125,0.0
imagenet_mnv2_100_crop_free_k3,imagenet,margin_drop,preset:lenient,preset,lenient,exceeds_control,0.43356875,0.56643125,0.0
imagenet_mnv2_100_crop_free_k3,imagenet,margin_drop,preset:lenient,preset,lenient,multi_strategy,0.99999375,6.25e-06,0.0
imagenet_mnv2_100_crop_free_k3,imagenet,margin_drop,preset:lenient,preset,lenient,ci_excludes_zero,1.0,0.0,0.0
imagenet_mnv2_100_crop_free_k3,imagenet,margin_drop,preset:conservative,preset,conservative,sign_consistent,0.352125,0.647875,0.0
imagenet_mnv2_100_crop_free_k3,imagenet,margin_drop,preset:conservative,preset,conservative,exceeds_control,0.17975,0.82025,0.0
imagenet_mnv2_100_crop_free_k3,imagenet,margin_drop,preset:conservative,preset,conservative,multi_strategy,0.957075,0.042925,0.0
imagenet_mnv2_100_crop_free_k3,imagenet,margin_drop,preset:conservative,preset,conservative,ci_excludes_zero,1.0,0.0,0.0
imagenet_mnv2_100_crop_free_k3,imagenet,margin_drop,alt:zero_abstain:sign_alpha=0.01,zero_abstain_alpha,0.01,sign_consistent,0.396275,0.603725,0.0
imagenet_mnv2_100_crop_free_k3,imagenet,margin_drop,alt:zero_abstain:sign_alpha=0.01,zero_abstain_alpha,0.01,exceeds_control,0.3482,0.6518,0.0
imagenet_mnv2_100_crop_free_k3,imagenet,margin_drop,alt:zero_abstain:sign_alpha=0.01,zero_abstain_alpha,0.01,multi_strategy,0.9898375,0.0101625,0.0
imagenet_mnv2_100_crop_free_k3,imagenet,margin_drop,alt:zero_abstain:sign_alpha=0.01,zero_abstain_alpha,0.01,ci_excludes_zero,1.0,0.0,0.0
imagenet_mnv2_100_crop_free_k3,imagenet,margin_drop,alt:zero_abstain:sign_alpha=0.05,zero_abstain_alpha,0.05,sign_consistent,0.426575,0.5733125,0.0001125
imagenet_mnv2_100_crop_free_k3,imagenet,margin_drop,alt:zero_abstain:sign_alpha=0.05,zero_abstain_alpha,0.05,exceeds_control,0.3482,0.6518,0.0
imagenet_mnv2_100_crop_free_k3,imagenet,margin_drop,alt:zero_abstain:sign_alpha=0.05,zero_abstain_alpha,0.05,multi_strategy,0.95074375,0.04925625,0.0
imagenet_mnv2_100_crop_free_k3,imagenet,margin_drop,alt:zero_abstain:sign_alpha=0.05,zero_abstain_alpha,0.05,ci_excludes_zero,1.0,0.0,0.0
imagenet_mnv2_100_crop_free_k3,imagenet,margin_drop,alt:zero_abstain:sign_alpha=0.1,zero_abstain_alpha,0.1,sign_consistent,0.4619,0.53709375,0.00100625
imagenet_mnv2_100_crop_free_k3,imagenet,margin_drop,alt:zero_abstain:sign_alpha=0.1,zero_abstain_alpha,0.1,exceeds_control,0.3482,0.6518,0.0
imagenet_mnv2_100_crop_free_k3,imagenet,margin_drop,alt:zero_abstain:sign_alpha=0.1,zero_abstain_alpha,0.1,multi_strategy,0.9033,0.0967,0.0
imagenet_mnv2_100_crop_free_k3,imagenet,margin_drop,alt:zero_abstain:sign_alpha=0.1,zero_abstain_alpha,0.1,ci_excludes_zero,1.0,0.0,0.0
imagenet_mnv2_100_crop_free_k3,imagenet,margin_drop,alt:zero_abstain:sign_alpha=0.25,zero_abstain_alpha,0.25,sign_consistent,0.5510375,0.4371375,0.011825
imagenet_mnv2_100_crop_free_k3,imagenet,margin_drop,alt:zero_abstain:sign_alpha=0.25,zero_abstain_alpha,0.25,exceeds_control,0.3482,0.6518,0.0
imagenet_mnv2_100_crop_free_k3,imagenet,margin_drop,alt:zero_abstain:sign_alpha=0.25,zero_abstain_alpha,0.25,multi_strategy,0.77988125,0.22011875,0.0
imagenet_mnv2_100_crop_free_k3,imagenet,margin_drop,alt:zero_abstain:sign_alpha=0.25,zero_abstain_alpha,0.25,ci_excludes_zero,1.0,0.0,0.0
ntu60_tsm_exact,ntu60,margin_drop,default,default,,sign_consistent,0.39525,0.60475,0.0
ntu60_tsm_exact,ntu60,margin_drop,default,default,,exceeds_control,0.0,0.0,1.0
ntu60_tsm_exact,ntu60,margin_drop,default,default,,multi_strategy,1.0,0.0,0.0
ntu60_tsm_exact,ntu60,margin_drop,default,default,,ci_excludes_zero,0.9899166666666667,0.010083333333333333,0.0
ntu60_tsm_exact,ntu60,margin_drop,oat:sign_alpha=0.0,sign_alpha,0.0,sign_consistent,0.39525,0.60475,0.0
ntu60_tsm_exact,ntu60,margin_drop,oat:sign_alpha=0.0,sign_alpha,0.0,exceeds_control,0.0,0.0,1.0
ntu60_tsm_exact,ntu60,margin_drop,oat:sign_alpha=0.0,sign_alpha,0.0,multi_strategy,1.0,0.0,0.0
ntu60_tsm_exact,ntu60,margin_drop,oat:sign_alpha=0.0,sign_alpha,0.0,ci_excludes_zero,0.9899166666666667,0.010083333333333333,0.0
ntu60_tsm_exact,ntu60,margin_drop,oat:sign_alpha=0.01,sign_alpha,0.01,sign_consistent,0.3834166666666667,0.6165833333333334,0.0
ntu60_tsm_exact,ntu60,margin_drop,oat:sign_alpha=0.01,sign_alpha,0.01,exceeds_control,0.0,0.0,1.0
ntu60_tsm_exact,ntu60,margin_drop,oat:sign_alpha=0.01,sign_alpha,0.01,multi_strategy,0.9850833333333333,0.014916666666666667,0.0
ntu60_tsm_exact,ntu60,margin_drop,oat:sign_alpha=0.01,sign_alpha,0.01,ci_excludes_zero,0.9899166666666667,0.010083333333333333,0.0
ntu60_tsm_exact,ntu60,margin_drop,oat:sign_alpha=0.05,sign_alpha,0.05,sign_consistent,0.345,0.655,0.0
ntu60_tsm_exact,ntu60,margin_drop,oat:sign_alpha=0.05,sign_alpha,0.05,exceeds_control,0.0,0.0,1.0
ntu60_tsm_exact,ntu60,margin_drop,oat:sign_alpha=0.05,sign_alpha,0.05,multi_strategy,0.939,0.061,0.0
ntu60_tsm_exact,ntu60,margin_drop,oat:sign_alpha=0.05,sign_alpha,0.05,ci_excludes_zero,0.9899166666666667,0.010083333333333333,0.0
ntu60_tsm_exact,ntu60,margin_drop,oat:sign_alpha=0.1,sign_alpha,0.1,sign_consistent,0.309,0.691,0.0
ntu60_tsm_exact,ntu60,margin_drop,oat:sign_alpha=0.1,sign_alpha,0.1,exceeds_control,0.0,0.0,1.0
ntu60_tsm_exact,ntu60,margin_drop,oat:sign_alpha=0.1,sign_alpha,0.1,multi_strategy,0.9113333333333333,0.08866666666666667,0.0
ntu60_tsm_exact,ntu60,margin_drop,oat:sign_alpha=0.1,sign_alpha,0.1,ci_excludes_zero,0.9899166666666667,0.010083333333333333,0.0
ntu60_tsm_exact,ntu60,margin_drop,oat:sign_alpha=0.25,sign_alpha,0.25,sign_consistent,0.2575,0.7425,0.0
ntu60_tsm_exact,ntu60,margin_drop,oat:sign_alpha=0.25,sign_alpha,0.25,exceeds_control,0.0,0.0,1.0
ntu60_tsm_exact,ntu60,margin_drop,oat:sign_alpha=0.25,sign_alpha,0.25,multi_strategy,0.8843333333333333,0.11566666666666667,0.0
ntu60_tsm_exact,ntu60,margin_drop,oat:sign_alpha=0.25,sign_alpha,0.25,ci_excludes_zero,0.9899166666666667,0.010083333333333333,0.0
ntu60_tsm_exact,ntu60,margin_drop,oat:min_multi_strategy=2,min_multi_strategy,2,sign_consistent,0.39525,0.60475,0.0
ntu60_tsm_exact,ntu60,margin_drop,oat:min_multi_strategy=2,min_multi_strategy,2,exceeds_control,0.0,0.0,1.0
ntu60_tsm_exact,ntu60,margin_drop,oat:min_multi_strategy=2,min_multi_strategy,2,multi_strategy,1.0,0.0,0.0
ntu60_tsm_exact,ntu60,margin_drop,oat:min_multi_strategy=2,min_multi_strategy,2,ci_excludes_zero,0.9899166666666667,0.010083333333333333,0.0
ntu60_tsm_exact,ntu60,margin_drop,oat:min_multi_strategy=3,min_multi_strategy,3,sign_consistent,0.39525,0.60475,0.0
ntu60_tsm_exact,ntu60,margin_drop,oat:min_multi_strategy=3,min_multi_strategy,3,exceeds_control,0.0,0.0,1.0
ntu60_tsm_exact,ntu60,margin_drop,oat:min_multi_strategy=3,min_multi_strategy,3,multi_strategy,0.39525,0.60475,0.0
ntu60_tsm_exact,ntu60,margin_drop,oat:min_multi_strategy=3,min_multi_strategy,3,ci_excludes_zero,0.9899166666666667,0.010083333333333333,0.0
ntu60_tsm_exact,ntu60,margin_drop,oat:ci_level=90,ci_level,90,sign_consistent,0.39525,0.60475,0.0
ntu60_tsm_exact,ntu60,margin_drop,oat:ci_level=90,ci_level,90,exceeds_control,0.0,0.0,1.0
ntu60_tsm_exact,ntu60,margin_drop,oat:ci_level=90,ci_level,90,multi_strategy,1.0,0.0,0.0
ntu60_tsm_exact,ntu60,margin_drop,oat:ci_level=90,ci_level,90,ci_excludes_zero,0.9899166666666667,0.010083333333333333,0.0
ntu60_tsm_exact,ntu60,margin_drop,oat:ci_level=95,ci_level,95,sign_consistent,0.39525,0.60475,0.0
ntu60_tsm_exact,ntu60,margin_drop,oat:ci_level=95,ci_level,95,exceeds_control,0.0,0.0,1.0
ntu60_tsm_exact,ntu60,margin_drop,oat:ci_level=95,ci_level,95,multi_strategy,1.0,0.0,0.0
ntu60_tsm_exact,ntu60,margin_drop,oat:ci_level=95,ci_level,95,ci_excludes_zero,0.9899166666666667,0.010083333333333333,0.0
ntu60_tsm_exact,ntu60,margin_drop,oat:ci_level=99,ci_level,99,sign_consistent,0.39525,0.60475,0.0
ntu60_tsm_exact,ntu60,margin_drop,oat:ci_level=99,ci_level,99,exceeds_control,0.0,0.0,1.0
ntu60_tsm_exact,ntu60,margin_drop,oat:ci_level=99,ci_level,99,multi_strategy,1.0,0.0,0.0
ntu60_tsm_exact,ntu60,margin_drop,oat:ci_level=99,ci_level,99,ci_excludes_zero,0.9899166666666667,0.010083333333333333,0.0
ntu60_tsm_exact,ntu60,margin_drop,oat:ci_level=999,ci_level,999,sign_consistent,0.39525,0.60475,0.0
ntu60_tsm_exact,ntu60,margin_drop,oat:ci_level=999,ci_level,999,exceeds_control,0.0,0.0,1.0
ntu60_tsm_exact,ntu60,margin_drop,oat:ci_level=999,ci_level,999,multi_strategy,1.0,0.0,0.0
ntu60_tsm_exact,ntu60,margin_drop,oat:ci_level=999,ci_level,999,ci_excludes_zero,0.9899166666666667,0.010083333333333333,0.0
ntu60_tsm_exact,ntu60,margin_drop,preset:lenient,preset,lenient,sign_consistent,0.39525,0.60475,0.0
ntu60_tsm_exact,ntu60,margin_drop,preset:lenient,preset,lenient,exceeds_control,0.0,0.0,1.0
ntu60_tsm_exact,ntu60,margin_drop,preset:lenient,preset,lenient,multi_strategy,1.0,0.0,0.0
ntu60_tsm_exact,ntu60,margin_drop,preset:lenient,preset,lenient,ci_excludes_zero,0.9899166666666667,0.010083333333333333,0.0
ntu60_tsm_exact,ntu60,margin_drop,preset:conservative,preset,conservative,sign_consistent,0.345,0.655,0.0
ntu60_tsm_exact,ntu60,margin_drop,preset:conservative,preset,conservative,exceeds_control,0.0,0.0,1.0
ntu60_tsm_exact,ntu60,margin_drop,preset:conservative,preset,conservative,multi_strategy,0.939,0.061,0.0
ntu60_tsm_exact,ntu60,margin_drop,preset:conservative,preset,conservative,ci_excludes_zero,0.9899166666666667,0.010083333333333333,0.0
ntu60_tsm_exact,ntu60,margin_drop,alt:zero_abstain:sign_alpha=0.01,zero_abstain_alpha,0.01,sign_consistent,0.39875,0.5910833333333333,0.010166666666666666
ntu60_tsm_exact,ntu60,margin_drop,alt:zero_abstain:sign_alpha=0.01,zero_abstain_alpha,0.01,exceeds_control,0.0,0.0,1.0
ntu60_tsm_exact,ntu60,margin_drop,alt:zero_abstain:sign_alpha=0.01,zero_abstain_alpha,0.01,multi_strategy,0.9726666666666667,0.027333333333333334,0.0
ntu60_tsm_exact,ntu60,margin_drop,alt:zero_abstain:sign_alpha=0.01,zero_abstain_alpha,0.01,ci_excludes_zero,0.9899166666666667,0.010083333333333333,0.0
ntu60_tsm_exact,ntu60,margin_drop,alt:zero_abstain:sign_alpha=0.05,zero_abstain_alpha,0.05,sign_consistent,0.44533333333333336,0.5435833333333333,0.011083333333333334
ntu60_tsm_exact,ntu60,margin_drop,alt:zero_abstain:sign_alpha=0.05,zero_abstain_alpha,0.05,exceeds_control,0.0,0.0,1.0
ntu60_tsm_exact,ntu60,margin_drop,alt:zero_abstain:sign_alpha=0.05,zero_abstain_alpha,0.05,multi_strategy,0.9059166666666667,0.09408333333333334,0.0
ntu60_tsm_exact,ntu60,margin_drop,alt:zero_abstain:sign_alpha=0.05,zero_abstain_alpha,0.05,ci_excludes_zero,0.9899166666666667,0.010083333333333333,0.0
ntu60_tsm_exact,ntu60,margin_drop,alt:zero_abstain:sign_alpha=0.1,zero_abstain_alpha,0.1,sign_consistent,0.4960833333333333,0.49033333333333334,0.013583333333333333
ntu60_tsm_exact,ntu60,margin_drop,alt:zero_abstain:sign_alpha=0.1,zero_abstain_alpha,0.1,exceeds_control,0.0,0.0,1.0
ntu60_tsm_exact,ntu60,margin_drop,alt:zero_abstain:sign_alpha=0.1,zero_abstain_alpha,0.1,multi_strategy,0.83525,0.16475,0.0
ntu60_tsm_exact,ntu60,margin_drop,alt:zero_abstain:sign_alpha=0.1,zero_abstain_alpha,0.1,ci_excludes_zero,0.9899166666666667,0.010083333333333333,0.0
ntu60_tsm_exact,ntu60,margin_drop,alt:zero_abstain:sign_alpha=0.25,zero_abstain_alpha,0.25,sign_consistent,0.58225,0.38508333333333333,0.03266666666666666
ntu60_tsm_exact,ntu60,margin_drop,alt:zero_abstain:sign_alpha=0.25,zero_abstain_alpha,0.25,exceeds_control,0.0,0.0,1.0
ntu60_tsm_exact,ntu60,margin_drop,alt:zero_abstain:sign_alpha=0.25,zero_abstain_alpha,0.25,multi_strategy,0.6855,0.3145,0.0
ntu60_tsm_exact,ntu60,margin_drop,alt:zero_abstain:sign_alpha=0.25,zero_abstain_alpha,0.25,ci_excludes_zero,0.9899166666666667,0.010083333333333333,0.0
ntu60_tsm_crop_free,ntu60,margin_drop,default,default,,sign_consistent,0.3655833333333333,0.6344166666666666,0.0
ntu60_tsm_crop_free,ntu60,margin_drop,default,default,,exceeds_control,0.0,0.0,1.0
ntu60_tsm_crop_free,ntu60,margin_drop,default,default,,multi_strategy,1.0,0.0,0.0
ntu60_tsm_crop_free,ntu60,margin_drop,default,default,,ci_excludes_zero,0.99625,0.00375,0.0
ntu60_tsm_crop_free,ntu60,margin_drop,oat:sign_alpha=0.0,sign_alpha,0.0,sign_consistent,0.3655833333333333,0.6344166666666666,0.0
ntu60_tsm_crop_free,ntu60,margin_drop,oat:sign_alpha=0.0,sign_alpha,0.0,exceeds_control,0.0,0.0,1.0
ntu60_tsm_crop_free,ntu60,margin_drop,oat:sign_alpha=0.0,sign_alpha,0.0,multi_strategy,1.0,0.0,0.0
ntu60_tsm_crop_free,ntu60,margin_drop,oat:sign_alpha=0.0,sign_alpha,0.0,ci_excludes_zero,0.99625,0.00375,0.0
ntu60_tsm_crop_free,ntu60,margin_drop,oat:sign_alpha=0.01,sign_alpha,0.01,sign_consistent,0.35241666666666666,0.6475833333333333,0.0
ntu60_tsm_crop_free,ntu60,margin_drop,oat:sign_alpha=0.01,sign_alpha,0.01,exceeds_control,0.0,0.0,1.0
ntu60_tsm_crop_free,ntu60,margin_drop,oat:sign_alpha=0.01,sign_alpha,0.01,multi_strategy,0.9825,0.0175,0.0
ntu60_tsm_crop_free,ntu60,margin_drop,oat:sign_alpha=0.01,sign_alpha,0.01,ci_excludes_zero,0.99625,0.00375,0.0
ntu60_tsm_crop_free,ntu60,margin_drop,oat:sign_alpha=0.05,sign_alpha,0.05,sign_consistent,0.31683333333333336,0.6831666666666667,0.0
ntu60_tsm_crop_free,ntu60,margin_drop,oat:sign_alpha=0.05,sign_alpha,0.05,exceeds_control,0.0,0.0,1.0
ntu60_tsm_crop_free,ntu60,margin_drop,oat:sign_alpha=0.05,sign_alpha,0.05,multi_strategy,0.944,0.056,0.0
ntu60_tsm_crop_free,ntu60,margin_drop,oat:sign_alpha=0.05,sign_alpha,0.05,ci_excludes_zero,0.99625,0.00375,0.0
ntu60_tsm_crop_free,ntu60,margin_drop,oat:sign_alpha=0.1,sign_alpha,0.1,sign_consistent,0.28508333333333336,0.7149166666666666,0.0
ntu60_tsm_crop_free,ntu60,margin_drop,oat:sign_alpha=0.1,sign_alpha,0.1,exceeds_control,0.0,0.0,1.0
ntu60_tsm_crop_free,ntu60,margin_drop,oat:sign_alpha=0.1,sign_alpha,0.1,multi_strategy,0.9174166666666667,0.08258333333333333,0.0
ntu60_tsm_crop_free,ntu60,margin_drop,oat:sign_alpha=0.1,sign_alpha,0.1,ci_excludes_zero,0.99625,0.00375,0.0
ntu60_tsm_crop_free,ntu60,margin_drop,oat:sign_alpha=0.25,sign_alpha,0.25,sign_consistent,0.23675,0.76325,0.0
ntu60_tsm_crop_free,ntu60,margin_drop,oat:sign_alpha=0.25,sign_alpha,0.25,exceeds_control,0.0,0.0,1.0
ntu60_tsm_crop_free,ntu60,margin_drop,oat:sign_alpha=0.25,sign_alpha,0.25,multi_strategy,0.8925833333333333,0.10741666666666666,0.0
ntu60_tsm_crop_free,ntu60,margin_drop,oat:sign_alpha=0.25,sign_alpha,0.25,ci_excludes_zero,0.99625,0.00375,0.0
ntu60_tsm_crop_free,ntu60,margin_drop,oat:min_multi_strategy=2,min_multi_strategy,2,sign_consistent,0.3655833333333333,0.6344166666666666,0.0
ntu60_tsm_crop_free,ntu60,margin_drop,oat:min_multi_strategy=2,min_multi_strategy,2,exceeds_control,0.0,0.0,1.0
ntu60_tsm_crop_free,ntu60,margin_drop,oat:min_multi_strategy=2,min_multi_strategy,2,multi_strategy,1.0,0.0,0.0
ntu60_tsm_crop_free,ntu60,margin_drop,oat:min_multi_strategy=2,min_multi_strategy,2,ci_excludes_zero,0.99625,0.00375,0.0
ntu60_tsm_crop_free,ntu60,margin_drop,oat:min_multi_strategy=3,min_multi_strategy,3,sign_consistent,0.3655833333333333,0.6344166666666666,0.0
ntu60_tsm_crop_free,ntu60,margin_drop,oat:min_multi_strategy=3,min_multi_strategy,3,exceeds_control,0.0,0.0,1.0
ntu60_tsm_crop_free,ntu60,margin_drop,oat:min_multi_strategy=3,min_multi_strategy,3,multi_strategy,0.3655833333333333,0.6344166666666666,0.0
ntu60_tsm_crop_free,ntu60,margin_drop,oat:min_multi_strategy=3,min_multi_strategy,3,ci_excludes_zero,0.99625,0.00375,0.0
ntu60_tsm_crop_free,ntu60,margin_drop,oat:ci_level=90,ci_level,90,sign_consistent,0.3655833333333333,0.6344166666666666,0.0
ntu60_tsm_crop_free,ntu60,margin_drop,oat:ci_level=90,ci_level,90,exceeds_control,0.0,0.0,1.0
ntu60_tsm_crop_free,ntu60,margin_drop,oat:ci_level=90,ci_level,90,multi_strategy,1.0,0.0,0.0
ntu60_tsm_crop_free,ntu60,margin_drop,oat:ci_level=90,ci_level,90,ci_excludes_zero,0.99625,0.00375,0.0
ntu60_tsm_crop_free,ntu60,margin_drop,oat:ci_level=95,ci_level,95,sign_consistent,0.3655833333333333,0.6344166666666666,0.0
ntu60_tsm_crop_free,ntu60,margin_drop,oat:ci_level=95,ci_level,95,exceeds_control,0.0,0.0,1.0
ntu60_tsm_crop_free,ntu60,margin_drop,oat:ci_level=95,ci_level,95,multi_strategy,1.0,0.0,0.0
ntu60_tsm_crop_free,ntu60,margin_drop,oat:ci_level=95,ci_level,95,ci_excludes_zero,0.99625,0.00375,0.0
ntu60_tsm_crop_free,ntu60,margin_drop,oat:ci_level=99,ci_level,99,sign_consistent,0.3655833333333333,0.6344166666666666,0.0
ntu60_tsm_crop_free,ntu60,margin_drop,oat:ci_level=99,ci_level,99,exceeds_control,0.0,0.0,1.0
ntu60_tsm_crop_free,ntu60,margin_drop,oat:ci_level=99,ci_level,99,multi_strategy,1.0,0.0,0.0
ntu60_tsm_crop_free,ntu60,margin_drop,oat:ci_level=99,ci_level,99,ci_excludes_zero,0.99625,0.00375,0.0
ntu60_tsm_crop_free,ntu60,margin_drop,oat:ci_level=999,ci_level,999,sign_consistent,0.3655833333333333,0.6344166666666666,0.0
ntu60_tsm_crop_free,ntu60,margin_drop,oat:ci_level=999,ci_level,999,exceeds_control,0.0,0.0,1.0
ntu60_tsm_crop_free,ntu60,margin_drop,oat:ci_level=999,ci_level,999,multi_strategy,1.0,0.0,0.0
ntu60_tsm_crop_free,ntu60,margin_drop,oat:ci_level=999,ci_level,999,ci_excludes_zero,0.99625,0.00375,0.0
ntu60_tsm_crop_free,ntu60,margin_drop,preset:lenient,preset,lenient,sign_consistent,0.3655833333333333,0.6344166666666666,0.0
ntu60_tsm_crop_free,ntu60,margin_drop,preset:lenient,preset,lenient,exceeds_control,0.0,0.0,1.0
ntu60_tsm_crop_free,ntu60,margin_drop,preset:lenient,preset,lenient,multi_strategy,1.0,0.0,0.0
ntu60_tsm_crop_free,ntu60,margin_drop,preset:lenient,preset,lenient,ci_excludes_zero,0.99625,0.00375,0.0
ntu60_tsm_crop_free,ntu60,margin_drop,preset:conservative,preset,conservative,sign_consistent,0.31683333333333336,0.6831666666666667,0.0
ntu60_tsm_crop_free,ntu60,margin_drop,preset:conservative,preset,conservative,exceeds_control,0.0,0.0,1.0
ntu60_tsm_crop_free,ntu60,margin_drop,preset:conservative,preset,conservative,multi_strategy,0.944,0.056,0.0
ntu60_tsm_crop_free,ntu60,margin_drop,preset:conservative,preset,conservative,ci_excludes_zero,0.99625,0.00375,0.0
ntu60_tsm_crop_free,ntu60,margin_drop,alt:zero_abstain:sign_alpha=0.01,zero_abstain_alpha,0.01,sign_consistent,0.37683333333333335,0.6193333333333333,0.003833333333333333
ntu60_tsm_crop_free,ntu60,margin_drop,alt:zero_abstain:sign_alpha=0.01,zero_abstain_alpha,0.01,exceeds_control,0.0,0.0,1.0
ntu60_tsm_crop_free,ntu60,margin_drop,alt:zero_abstain:sign_alpha=0.01,zero_abstain_alpha,0.01,multi_strategy,0.97525,0.02475,0.0
ntu60_tsm_crop_free,ntu60,margin_drop,alt:zero_abstain:sign_alpha=0.01,zero_abstain_alpha,0.01,ci_excludes_zero,0.99625,0.00375,0.0
ntu60_tsm_crop_free,ntu60,margin_drop,alt:zero_abstain:sign_alpha=0.05,zero_abstain_alpha,0.05,sign_consistent,0.4240833333333333,0.57075,0.005166666666666667
ntu60_tsm_crop_free,ntu60,margin_drop,alt:zero_abstain:sign_alpha=0.05,zero_abstain_alpha,0.05,exceeds_control,0.0,0.0,1.0
ntu60_tsm_crop_free,ntu60,margin_drop,alt:zero_abstain:sign_alpha=0.05,zero_abstain_alpha,0.05,multi_strategy,0.9138333333333334,0.08616666666666667,0.0
ntu60_tsm_crop_free,ntu60,margin_drop,alt:zero_abstain:sign_alpha=0.05,zero_abstain_alpha,0.05,ci_excludes_zero,0.99625,0.00375,0.0
ntu60_tsm_crop_free,ntu60,margin_drop,alt:zero_abstain:sign_alpha=0.1,zero_abstain_alpha,0.1,sign_consistent,0.4705,0.5198333333333334,0.009666666666666667
ntu60_tsm_crop_free,ntu60,margin_drop,alt:zero_abstain:sign_alpha=0.1,zero_abstain_alpha,0.1,exceeds_control,0.0,0.0,1.0
ntu60_tsm_crop_free,ntu60,margin_drop,alt:zero_abstain:sign_alpha=0.1,zero_abstain_alpha,0.1,multi_strategy,0.8453333333333334,0.15466666666666667,0.0
ntu60_tsm_crop_free,ntu60,margin_drop,alt:zero_abstain:sign_alpha=0.1,zero_abstain_alpha,0.1,ci_excludes_zero,0.99625,0.00375,0.0
ntu60_tsm_crop_free,ntu60,margin_drop,alt:zero_abstain:sign_alpha=0.25,zero_abstain_alpha,0.25,sign_consistent,0.5595833333333333,0.41133333333333333,0.029083333333333333
ntu60_tsm_crop_free,ntu60,margin_drop,alt:zero_abstain:sign_alpha=0.25,zero_abstain_alpha,0.25,exceeds_control,0.0,0.0,1.0
ntu60_tsm_crop_free,ntu60,margin_drop,alt:zero_abstain:sign_alpha=0.25,zero_abstain_alpha,0.25,multi_strategy,0.7001666666666667,0.29983333333333334,0.0
ntu60_tsm_crop_free,ntu60,margin_drop,alt:zero_abstain:sign_alpha=0.25,zero_abstain_alpha,0.25,ci_excludes_zero,0.99625,0.00375,0.0
