run,dataset,metric,setting_id,param,value,from_grade,to_grade,n
synthetic_shortcut,synthetic,margin_drop,default,default,,unreliable,unreliable,2389
synthetic_shortcut,synthetic,margin_drop,default,default,,unreliable,low,0
synthetic_shortcut,synthetic,margin_drop,default,default,,unreliable,moderate,0
synthetic_shortcut,synthetic,margin_drop,default,default,,unreliable,high,0
synthetic_shortcut,synthetic,margin_drop,default,default,,low,unreliable,0
synthetic_shortcut,synthetic,margin_drop,default,default,,low,low,551
synthetic_shortcut,synthetic,margin_drop,default,default,,low,moderate,0
synthetic_shortcut,synthetic,margin_drop,default,default,,low,high,0
synthetic_shortcut,synthetic,margin_drop,default,default,,moderate,unreliable,0
synthetic_shortcut,synthetic,margin_drop,default,default,,moderate,low,0
synthetic_shortcut,synthetic,margin_drop,default,default,,moderate,moderate,0
synthetic_shortcut,synthetic,margin_drop,default,default,,moderate,high,0
synthetic_shortcut,synthetic,margin_drop,default,default,,high,unreliable,0
synthetic_shortcut,synthetic,margin_drop,default,default,,high,low,0
synthetic_shortcut,synthetic,margin_drop,default,default,,high,moderate,0
synthetic_shortcut,synthetic,margin_drop,default,default,,high,high,260
synthetic_shortcut,synthetic,margin_drop,oat:z_threshold=1.0,z_threshold,1.0,unreliable,unreliable,2389
synthetic_shortcut,synthetic,margin_drop,oat:z_threshold=1.0,z_threshold,1.0,unreliable,low,0
synthetic_shortcut,synthetic,margin_drop,oat:z_threshold=1.0,z_threshold,1.0,unreliable,moderate,0
synthetic_shortcut,synthetic,margin_drop,oat:z_threshold=1.0,z_threshold,1.0,unreliable,high,0
synthetic_shortcut,synthetic,margin_drop,oat:z_threshold=1.0,z_threshold,1.0,low,unreliable,0
synthetic_shortcut,synthetic,margin_drop,oat:z_threshold=1.0,z_threshold,1.0,low,low,493
synthetic_shortcut,synthetic,margin_drop,oat:z_threshold=1.0,z_threshold,1.0,low,moderate,0
synthetic_shortcut,synthetic,margin_drop,oat:z_threshold=1.0,z_threshold,1.0,low,high,58
synthetic_shortcut,synthetic,margin_drop,oat:z_threshold=1.0,z_threshold,1.0,moderate,unreliable,0
synthetic_shortcut,synthetic,margin_drop,oat:z_threshold=1.0,z_threshold,1.0,moderate,low,0
synthetic_shortcut,synthetic,margin_drop,oat:z_threshold=1.0,z_threshold,1.0,moderate,moderate,0
synthetic_shortcut,synthetic,margin_drop,oat:z_threshold=1.0,z_threshold,1.0,moderate,high,0
synthetic_shortcut,synthetic,margin_drop,oat:z_threshold=1.0,z_threshold,1.0,high,unreliable,0
synthetic_shortcut,synthetic,margin_drop,oat:z_threshold=1.0,z_threshold,1.0,high,low,0
synthetic_shortcut,synthetic,margin_drop,oat:z_threshold=1.0,z_threshold,1.0,high,moderate,0
synthetic_shortcut,synthetic,margin_drop,oat:z_threshold=1.0,z_threshold,1.0,high,high,260
synthetic_shortcut,synthetic,margin_drop,oat:z_threshold=1.5,z_threshold,1.5,unreliable,unreliable,2389
synthetic_shortcut,synthetic,margin_drop,oat:z_threshold=1.5,z_threshold,1.5,unreliable,low,0
synthetic_shortcut,synthetic,margin_drop,oat:z_threshold=1.5,z_threshold,1.5,unreliable,moderate,0
synthetic_shortcut,synthetic,margin_drop,oat:z_threshold=1.5,z_threshold,1.5,unreliable,high,0
synthetic_shortcut,synthetic,margin_drop,oat:z_threshold=1.5,z_threshold,1.5,low,unreliable,0
synthetic_shortcut,synthetic,margin_drop,oat:z_threshold=1.5,z_threshold,1.5,low,low,540
synthetic_shortcut,synthetic,margin_drop,oat:z_threshold=1.5,z_threshold,1.5,low,moderate,0
synthetic_shortcut,synthetic,margin_drop,oat:z_threshold=1.5,z_threshold,1.5,low,high,11
synthetic_shortcut,synthetic,margin_drop,oat:z_threshold=1.5,z_threshold,1.5,moderate,unreliable,0
synthetic_shortcut,synthetic,margin_drop,oat:z_threshold=1.5,z_threshold,1.5,moderate,low,0
synthetic_shortcut,synthetic,margin_drop,oat:z_threshold=1.5,z_threshold,1.5,moderate,moderate,0
synthetic_shortcut,synthetic,margin_drop,oat:z_threshold=1.5,z_threshold,1.5,moderate,high,0
synthetic_shortcut,synthetic,margin_drop,oat:z_threshold=1.5,z_threshold,1.5,high,unreliable,0
synthetic_shortcut,synthetic,margin_drop,oat:z_threshold=1.5,z_threshold,1.5,high,low,0
synthetic_shortcut,synthetic,margin_drop,oat:z_threshold=1.5,z_threshold,1.5,high,moderate,0
synthetic_shortcut,synthetic,margin_drop,oat:z_threshold=1.5,z_threshold,1.5,high,high,260
synthetic_shortcut,synthetic,margin_drop,oat:z_threshold=2.0,z_threshold,2.0,unreliable,unreliable,2389
synthetic_shortcut,synthetic,margin_drop,oat:z_threshold=2.0,z_threshold,2.0,unreliable,low,0
synthetic_shortcut,synthetic,margin_drop,oat:z_threshold=2.0,z_threshold,2.0,unreliable,moderate,0
synthetic_shortcut,synthetic,margin_drop,oat:z_threshold=2.0,z_threshold,2.0,unreliable,high,0
synthetic_shortcut,synthetic,margin_drop,oat:z_threshold=2.0,z_threshold,2.0,low,unreliable,0
synthetic_shortcut,synthetic,margin_drop,oat:z_threshold=2.0,z_threshold,2.0,low,low,551
synthetic_shortcut,synthetic,margin_drop,oat:z_threshold=2.0,z_threshold,2.0,low,moderate,0
synthetic_shortcut,synthetic,margin_drop,oat:z_threshold=2.0,z_threshold,2.0,low,high,0
synthetic_shortcut,synthetic,margin_drop,oat:z_threshold=2.0,z_threshold,2.0,moderate,unreliable,0
synthetic_shortcut,synthetic,margin_drop,oat:z_threshold=2.0,z_threshold,2.0,moderate,low,0
synthetic_shortcut,synthetic,margin_drop,oat:z_threshold=2.0,z_threshold,2.0,moderate,moderate,0
synthetic_shortcut,synthetic,margin_drop,oat:z_threshold=2.0,z_threshold,2.0,moderate,high,0
synthetic_shortcut,synthetic,margin_drop,oat:z_threshold=2.0,z_threshold,2.0,high,unreliable,0
synthetic_shortcut,synthetic,margin_drop,oat:z_threshold=2.0,z_threshold,2.0,high,low,0
synthetic_shortcut,synthetic,margin_drop,oat:z_threshold=2.0,z_threshold,2.0,high,moderate,0
synthetic_shortcut,synthetic,margin_drop,oat:z_threshold=2.0,z_threshold,2.0,high,high,260
synthetic_shortcut,synthetic,margin_drop,oat:z_threshold=2.5,z_threshold,2.5,unreliable,unreliable,2389
synthetic_shortcut,synthetic,margin_drop,oat:z_threshold=2.5,z_threshold,2.5,unreliable,low,0
synthetic_shortcut,synthetic,margin_drop,oat:z_threshold=2.5,z_threshold,2.5,unreliable,moderate,0
synthetic_shortcut,synthetic,margin_drop,oat:z_threshold=2.5,z_threshold,2.5,unreliable,high,0
synthetic_shortcut,synthetic,margin_drop,oat:z_threshold=2.5,z_threshold,2.5,low,unreliable,0
synthetic_shortcut,synthetic,margin_drop,oat:z_threshold=2.5,z_threshold,2.5,low,low,551
synthetic_shortcut,synthetic,margin_drop,oat:z_threshold=2.5,z_threshold,2.5,low,moderate,0
synthetic_shortcut,synthetic,margin_drop,oat:z_threshold=2.5,z_threshold,2.5,low,high,0
synthetic_shortcut,synthetic,margin_drop,oat:z_threshold=2.5,z_threshold,2.5,moderate,unreliable,0
synthetic_shortcut,synthetic,margin_drop,oat:z_threshold=2.5,z_threshold,2.5,moderate,low,0
synthetic_shortcut,synthetic,margin_drop,oat:z_threshold=2.5,z_threshold,2.5,moderate,moderate,0
synthetic_shortcut,synthetic,margin_drop,oat:z_threshold=2.5,z_threshold,2.5,moderate,high,0
synthetic_shortcut,synthetic,margin_drop,oat:z_threshold=2.5,z_threshold,2.5,high,unreliable,0
synthetic_shortcut,synthetic,margin_drop,oat:z_threshold=2.5,z_threshold,2.5,high,low,7
synthetic_shortcut,synthetic,margin_drop,oat:z_threshold=2.5,z_threshold,2.5,high,moderate,0
synthetic_shortcut,synthetic,margin_drop,oat:z_threshold=2.5,z_threshold,2.5,high,high,253
synthetic_shortcut,synthetic,margin_drop,oat:z_threshold=3.0,z_threshold,3.0,unreliable,unreliable,2389
synthetic_shortcut,synthetic,margin_drop,oat:z_threshold=3.0,z_threshold,3.0,unreliable,low,0
synthetic_shortcut,synthetic,margin_drop,oat:z_threshold=3.0,z_threshold,3.0,unreliable,moderate,0
synthetic_shortcut,synthetic,margin_drop,oat:z_threshold=3.0,z_threshold,3.0,unreliable,high,0
synthetic_shortcut,synthetic,margin_drop,oat:z_threshold=3.0,z_threshold,3.0,low,unreliable,0
synthetic_shortcut,synthetic,margin_drop,oat:z_threshold=3.0,z_threshold,3.0,low,low,551
synthetic_shortcut,synthetic,margin_drop,oat:z_threshold=3.0,z_threshold,3.0,low,moderate,0
synthetic_shortcut,synthetic,margin_drop,oat:z_threshold=3.0,z_threshold,3.0,low,high,0
synthetic_shortcut,synthetic,margin_drop,oat:z_threshold=3.0,z_threshold,3.0,moderate,unreliable,0
synthetic_shortcut,synthetic,margin_drop,oat:z_threshold=3.0,z_threshold,3.0,moderate,low,0
synthetic_shortcut,synthetic,margin_drop,oat:z_threshold=3.0,z_threshold,3.0,moderate,moderate,0
synthetic_shortcut,synthetic,margin_drop,oat:z_threshold=3.0,z_threshold,3.0,moderate,high,0
synthetic_shortcut,synthetic,margin_drop,oat:z_threshold=3.0,z_threshold,3.0,high,unreliable,0
synthetic_shortcut,synthetic,margin_drop,oat:z_threshold=3.0,z_threshold,3.0,high,low,10
synthetic_shortcut,synthetic,margin_drop,oat:z_threshold=3.0,z_threshold,3.0,high,moderate,0
synthetic_shortcut,synthetic,margin_drop,oat:z_threshold=3.0,z_threshold,3.0,high,high,250
synthetic_shortcut,synthetic,margin_drop,oat:z_threshold=4.0,z_threshold,4.0,unreliable,unreliable,2389
synthetic_shortcut,synthetic,margin_drop,oat:z_threshold=4.0,z_threshold,4.0,unreliable,low,0
synthetic_shortcut,synthetic,margin_drop,oat:z_threshold=4.0,z_threshold,4.0,unreliable,moderate,0
synthetic_shortcut,synthetic,margin_drop,oat:z_threshold=4.0,z_threshold,4.0,unreliable,high,0
synthetic_shortcut,synthetic,margin_drop,oat:z_threshold=4.0,z_threshold,4.0,low,unreliable,0
synthetic_shortcut,synthetic,margin_drop,oat:z_threshold=4.0,z_threshold,4.0,low,low,551
synthetic_shortcut,synthetic,margin_drop,oat:z_threshold=4.0,z_threshold,4.0,low,moderate,0
synthetic_shortcut,synthetic,margin_drop,oat:z_threshold=4.0,z_threshold,4.0,low,high,0
synthetic_shortcut,synthetic,margin_drop,oat:z_threshold=4.0,z_threshold,4.0,moderate,unreliable,0
synthetic_shortcut,synthetic,margin_drop,oat:z_threshold=4.0,z_threshold,4.0,moderate,low,0
synthetic_shortcut,synthetic,margin_drop,oat:z_threshold=4.0,z_threshold,4.0,moderate,moderate,0
synthetic_shortcut,synthetic,margin_drop,oat:z_threshold=4.0,z_threshold,4.0,moderate,high,0
synthetic_shortcut,synthetic,margin_drop,oat:z_threshold=4.0,z_threshold,4.0,high,unreliable,0
synthetic_shortcut,synthetic,margin_drop,oat:z_threshold=4.0,z_threshold,4.0,high,low,18
synthetic_shortcut,synthetic,margin_drop,oat:z_threshold=4.0,z_threshold,4.0,high,moderate,0
synthetic_shortcut,synthetic,margin_drop,oat:z_threshold=4.0,z_threshold,4.0,high,high,242
synthetic_shortcut,synthetic,margin_drop,oat:sign_alpha=0.0,sign_alpha,0.0,unreliable,unreliable,2389
synthetic_shortcut,synthetic,margin_drop,oat:sign_alpha=0.0,sign_alpha,0.0,unreliable,low,0
synthetic_shortcut,synthetic,margin_drop,oat:sign_alpha=0.0,sign_alpha,0.0,unreliable,moderate,0
synthetic_shortcut,synthetic,margin_drop,oat:sign_alpha=0.0,sign_alpha,0.0,unreliable,high,0
synthetic_shortcut,synthetic,margin_drop,oat:sign_alpha=0.0,sign_alpha,0.0,low,unreliable,0
synthetic_shortcut,synthetic,margin_drop,oat:sign_alpha=0.0,sign_alpha,0.0,low,low,551
synthetic_shortcut,synthetic,margin_drop,oat:sign_alpha=0.0,sign_alpha,0.0,low,moderate,0
synthetic_shortcut,synthetic,margin_drop,oat:sign_alpha=0.0,sign_alpha,0.0,low,high,0
synthetic_shortcut,synthetic,margin_drop,oat:sign_alpha=0.0,sign_alpha,0.0,moderate,unreliable,0
synthetic_shortcut,synthetic,margin_drop,oat:sign_alpha=0.0,sign_alpha,0.0,moderate,low,0
synthetic_shortcut,synthetic,margin_drop,oat:sign_alpha=0.0,sign_alpha,0.0,moderate,moderate,0
synthetic_shortcut,synthetic,margin_drop,oat:sign_alpha=0.0,sign_alpha,0.0,moderate,high,0
synthetic_shortcut,synthetic,margin_drop,oat:sign_alpha=0.0,sign_alpha,0.0,high,unreliable,0
synthetic_shortcut,synthetic,margin_drop,oat:sign_alpha=0.0,sign_alpha,0.0,high,low,0
synthetic_shortcut,synthetic,margin_drop,oat:sign_alpha=0.0,sign_alpha,0.0,high,moderate,0
synthetic_shortcut,synthetic,margin_drop,oat:sign_alpha=0.0,sign_alpha,0.0,high,high,260
synthetic_shortcut,synthetic,margin_drop,oat:sign_alpha=0.01,sign_alpha,0.01,unreliable,unreliable,2299
synthetic_shortcut,synthetic,margin_drop,oat:sign_alpha=0.01,sign_alpha,0.01,unreliable,low,88
synthetic_shortcut,synthetic,margin_drop,oat:sign_alpha=0.01,sign_alpha,0.01,unreliable,moderate,0
synthetic_shortcut,synthetic,margin_drop,oat:sign_alpha=0.01,sign_alpha,0.01,unreliable,high,2
synthetic_shortcut,synthetic,margin_drop,oat:sign_alpha=0.01,sign_alpha,0.01,low,unreliable,131
synthetic_shortcut,synthetic,margin_drop,oat:sign_alpha=0.01,sign_alpha,0.01,low,low,420
synthetic_shortcut,synthetic,margin_drop,oat:sign_alpha=0.01,sign_alpha,0.01,low,moderate,0
synthetic_shortcut,synthetic,margin_drop,oat:sign_alpha=0.01,sign_alpha,0.01,low,high,0
synthetic_shortcut,synthetic,margin_drop,oat:sign_alpha=0.01,sign_alpha,0.01,moderate,unreliable,0
synthetic_shortcut,synthetic,margin_drop,oat:sign_alpha=0.01,sign_alpha,0.01,moderate,low,0
synthetic_shortcut,synthetic,margin_drop,oat:sign_alpha=0.01,sign_alpha,0.01,moderate,moderate,0
synthetic_shortcut,synthetic,margin_drop,oat:sign_alpha=0.01,sign_alpha,0.01,moderate,high,0
synthetic_shortcut,synthetic,margin_drop,oat:sign_alpha=0.01,sign_alpha,0.01,high,unreliable,11
synthetic_shortcut,synthetic,margin_drop,oat:sign_alpha=0.01,sign_alpha,0.01,high,low,0
synthetic_shortcut,synthetic,margin_drop,oat:sign_alpha=0.01,sign_alpha,0.01,high,moderate,0
synthetic_shortcut,synthetic,margin_drop,oat:sign_alpha=0.01,sign_alpha,0.01,high,high,249
synthetic_shortcut,synthetic,margin_drop,oat:sign_alpha=0.05,sign_alpha,0.05,unreliable,unreliable,2270
synthetic_shortcut,synthetic,margin_drop,oat:sign_alpha=0.05,sign_alpha,0.05,unreliable,low,116
synthetic_shortcut,synthetic,margin_drop,oat:sign_alpha=0.05,sign_alpha,0.05,unreliable,moderate,0
synthetic_shortcut,synthetic,margin_drop,oat:sign_alpha=0.05,sign_alpha,0.05,unreliable,high,3
synthetic_shortcut,synthetic,margin_drop,oat:sign_alpha=0.05,sign_alpha,0.05,low,unreliable,188
synthetic_shortcut,synthetic,margin_drop,oat:sign_alpha=0.05,sign_alpha,0.05,low,low,363
synthetic_shortcut,synthetic,margin_drop,oat:sign_alpha=0.05,sign_alpha,0.05,low,moderate,0
synthetic_shortcut,synthetic,margin_drop,oat:sign_alpha=0.05,sign_alpha,0.05,low,high,0
synthetic_shortcut,synthetic,margin_drop,oat:sign_alpha=0.05,sign_alpha,0.05,moderate,unreliable,0
synthetic_shortcut,synthetic,margin_drop,oat:sign_alpha=0.05,sign_alpha,0.05,moderate,low,0
synthetic_shortcut,synthetic,margin_drop,oat:sign_alpha=0.05,sign_alpha,0.05,moderate,moderate,0
synthetic_shortcut,synthetic,margin_drop,oat:sign_alpha=0.05,sign_alpha,0.05,moderate,high,0
synthetic_shortcut,synthetic,margin_drop,oat:sign_alpha=0.05,sign_alpha,0.05,high,unreliable,21
synthetic_shortcut,synthetic,margin_drop,oat:sign_alpha=0.05,sign_alpha,0.05,high,low,0
synthetic_shortcut,synthetic,margin_drop,oat:sign_alpha=0.05,sign_alpha,0.05,high,moderate,0
synthetic_shortcut,synthetic,margin_drop,oat:sign_alpha=0.05,sign_alpha,0.05,high,high,239
synthetic_shortcut,synthetic,margin_drop,oat:sign_alpha=0.1,sign_alpha,0.1,unreliable,unreliable,2248
synthetic_shortcut,synthetic,margin_drop,oat:sign_alpha=0.1,sign_alpha,0.1,unreliable,low,136
synthetic_shortcut,synthetic,margin_drop,oat:sign_alpha=0.1,sign_alpha,0.1,unreliable,moderate,0
synthetic_shortcut,synthetic,margin_drop,oat:sign_alpha=0.1,sign_alpha,0.1,unreliable,high,5
synthetic_shortcut,synthetic,margin_drop,oat:sign_alpha=0.1,sign_alpha,0.1,low,unreliable,215
synthetic_shortcut,synthetic,margin_drop,oat:sign_alpha=0.1,sign_alpha,0.1,low,low,336
synthetic_shortcut,synthetic,margin_drop,oat:sign_alpha=0.1,sign_alpha,0.1,low,moderate,0
synthetic_shortcut,synthetic,margin_drop,oat:sign_alpha=0.1,sign_alpha,0.1,low,high,0
synthetic_shortcut,synthetic,margin_drop,oat:sign_alpha=0.1,sign_alpha,0.1,moderate,unreliable,0
synthetic_shortcut,synthetic,margin_drop,oat:sign_alpha=0.1,sign_alpha,0.1,moderate,low,0
synthetic_shortcut,synthetic,margin_drop,oat:sign_alpha=0.1,sign_alpha,0.1,moderate,moderate,0
synthetic_shortcut,synthetic,margin_drop,oat:sign_alpha=0.1,sign_alpha,0.1,moderate,high,0
synthetic_shortcut,synthetic,margin_drop,oat:sign_alpha=0.1,sign_alpha,0.1,high,unreliable,27
synthetic_shortcut,synthetic,margin_drop,oat:sign_alpha=0.1,sign_alpha,0.1,high,low,0
synthetic_shortcut,synthetic,margin_drop,oat:sign_alpha=0.1,sign_alpha,0.1,high,moderate,0
synthetic_shortcut,synthetic,margin_drop,oat:sign_alpha=0.1,sign_alpha,0.1,high,high,233
synthetic_shortcut,synthetic,margin_drop,oat:sign_alpha=0.25,sign_alpha,0.25,unreliable,unreliable,2188
synthetic_shortcut,synthetic,margin_drop,oat:sign_alpha=0.25,sign_alpha,0.25,unreliable,low,190
synthetic_shortcut,synthetic,margin_drop,oat:sign_alpha=0.25,sign_alpha,0.25,unreliable,moderate,0
synthetic_shortcut,synthetic,margin_drop,oat:sign_alpha=0.25,sign_alpha,0.25,unreliable,high,11
synthetic_shortcut,synthetic,margin_drop,oat:sign_alpha=0.25,sign_alpha,0.25,low,unreliable,247
synthetic_shortcut,synthetic,margin_drop,oat:sign_alpha=0.25,sign_alpha,0.25,low,low,304
synthetic_shortcut,synthetic,margin_drop,oat:sign_alpha=0.25,sign_alpha,0.25,low,moderate,0
synthetic_shortcut,synthetic,margin_drop,oat:sign_alpha=0.25,sign_alpha,0.25,low,high,0
synthetic_shortcut,synthetic,margin_drop,oat:sign_alpha=0.25,sign_alpha,0.25,moderate,unreliable,0
synthetic_shortcut,synthetic,margin_drop,oat:sign_alpha=0.25,sign_alpha,0.25,moderate,low,0
synthetic_shortcut,synthetic,margin_drop,oat:sign_alpha=0.25,sign_alpha,0.25,moderate,moderate,0
synthetic_shortcut,synthetic,margin_drop,oat:sign_alpha=0.25,sign_alpha,0.25,moderate,high,0
synthetic_shortcut,synthetic,margin_drop,oat:sign_alpha=0.25,sign_alpha,0.25,high,unreliable,30
synthetic_shortcut,synthetic,margin_drop,oat:sign_alpha=0.25,sign_alpha,0.25,high,low,0
synthetic_shortcut,synthetic,margin_drop,oat:sign_alpha=0.25,sign_alpha,0.25,high,moderate,0
synthetic_shortcut,synthetic,margin_drop,oat:sign_alpha=0.25,sign_alpha,0.25,high,high,230
synthetic_shortcut,synthetic,margin_drop,oat:min_multi_strategy=2,min_multi_strategy,2,unreliable,unreliable,2389
synthetic_shortcut,synthetic,margin_drop,oat:min_multi_strategy=2,min_multi_strategy,2,unreliable,low,0
synthetic_shortcut,synthetic,margin_drop,oat:min_multi_strategy=2,min_multi_strategy,2,unreliable,moderate,0
synthetic_shortcut,synthetic,margin_drop,oat:min_multi_strategy=2,min_multi_strategy,2,unreliable,high,0
synthetic_shortcut,synthetic,margin_drop,oat:min_multi_strategy=2,min_multi_strategy,2,low,unreliable,0
synthetic_shortcut,synthetic,margin_drop,oat:min_multi_strategy=2,min_multi_strategy,2,low,low,551
synthetic_shortcut,synthetic,margin_drop,oat:min_multi_strategy=2,min_multi_strategy,2,low,moderate,0
synthetic_shortcut,synthetic,margin_drop,oat:min_multi_strategy=2,min_multi_strategy,2,low,high,0
synthetic_shortcut,synthetic,margin_drop,oat:min_multi_strategy=2,min_multi_strategy,2,moderate,unreliable,0
synthetic_shortcut,synthetic,margin_drop,oat:min_multi_strategy=2,min_multi_strategy,2,moderate,low,0
synthetic_shortcut,synthetic,margin_drop,oat:min_multi_strategy=2,min_multi_strategy,2,moderate,moderate,0
synthetic_shortcut,synthetic,margin_drop,oat:min_multi_strategy=2,min_multi_strategy,2,moderate,high,0
synthetic_shortcut,synthetic,margin_drop,oat:min_multi_strategy=2,min_multi_strategy,2,high,unreliable,0
synthetic_shortcut,synthetic,margin_drop,oat:min_multi_strategy=2,min_multi_strategy,2,high,low,0
synthetic_shortcut,synthetic,margin_drop,oat:min_multi_strategy=2,min_multi_strategy,2,high,moderate,0
synthetic_shortcut,synthetic,margin_drop,oat:min_multi_strategy=2,min_multi_strategy,2,high,high,260
synthetic_shortcut,synthetic,margin_drop,oat:min_multi_strategy=3,min_multi_strategy,3,unreliable,unreliable,2389
synthetic_shortcut,synthetic,margin_drop,oat:min_multi_strategy=3,min_multi_strategy,3,unreliable,low,0
synthetic_shortcut,synthetic,margin_drop,oat:min_multi_strategy=3,min_multi_strategy,3,unreliable,moderate,0
synthetic_shortcut,synthetic,margin_drop,oat:min_multi_strategy=3,min_multi_strategy,3,unreliable,high,0
synthetic_shortcut,synthetic,margin_drop,oat:min_multi_strategy=3,min_multi_strategy,3,low,unreliable,0
synthetic_shortcut,synthetic,margin_drop,oat:min_multi_strategy=3,min_multi_strategy,3,low,low,551
synthetic_shortcut,synthetic,margin_drop,oat:min_multi_strategy=3,min_multi_strategy,3,low,moderate,0
synthetic_shortcut,synthetic,margin_drop,oat:min_multi_strategy=3,min_multi_strategy,3,low,high,0
synthetic_shortcut,synthetic,margin_drop,oat:min_multi_strategy=3,min_multi_strategy,3,moderate,unreliable,0
synthetic_shortcut,synthetic,margin_drop,oat:min_multi_strategy=3,min_multi_strategy,3,moderate,low,0
synthetic_shortcut,synthetic,margin_drop,oat:min_multi_strategy=3,min_multi_strategy,3,moderate,moderate,0
synthetic_shortcut,synthetic,margin_drop,oat:min_multi_strategy=3,min_multi_strategy,3,moderate,high,0
synthetic_shortcut,synthetic,margin_drop,oat:min_multi_strategy=3,min_multi_strategy,3,high,unreliable,0
synthetic_shortcut,synthetic,margin_drop,oat:min_multi_strategy=3,min_multi_strategy,3,high,low,0
synthetic_shortcut,synthetic,margin_drop,oat:min_multi_strategy=3,min_multi_strategy,3,high,moderate,0
synthetic_shortcut,synthetic,margin_drop,oat:min_multi_strategy=3,min_multi_strategy,3,high,high,260
synthetic_shortcut,synthetic,margin_drop,oat:min_multi_strategy=4,min_multi_strategy,4,unreliable,unreliable,2389
synthetic_shortcut,synthetic,margin_drop,oat:min_multi_strategy=4,min_multi_strategy,4,unreliable,low,0
synthetic_shortcut,synthetic,margin_drop,oat:min_multi_strategy=4,min_multi_strategy,4,unreliable,moderate,0
synthetic_shortcut,synthetic,margin_drop,oat:min_multi_strategy=4,min_multi_strategy,4,unreliable,high,0
synthetic_shortcut,synthetic,margin_drop,oat:min_multi_strategy=4,min_multi_strategy,4,low,unreliable,0
synthetic_shortcut,synthetic,margin_drop,oat:min_multi_strategy=4,min_multi_strategy,4,low,low,551
synthetic_shortcut,synthetic,margin_drop,oat:min_multi_strategy=4,min_multi_strategy,4,low,moderate,0
synthetic_shortcut,synthetic,margin_drop,oat:min_multi_strategy=4,min_multi_strategy,4,low,high,0
synthetic_shortcut,synthetic,margin_drop,oat:min_multi_strategy=4,min_multi_strategy,4,moderate,unreliable,0
synthetic_shortcut,synthetic,margin_drop,oat:min_multi_strategy=4,min_multi_strategy,4,moderate,low,0
synthetic_shortcut,synthetic,margin_drop,oat:min_multi_strategy=4,min_multi_strategy,4,moderate,moderate,0
synthetic_shortcut,synthetic,margin_drop,oat:min_multi_strategy=4,min_multi_strategy,4,moderate,high,0
synthetic_shortcut,synthetic,margin_drop,oat:min_multi_strategy=4,min_multi_strategy,4,high,unreliable,0
synthetic_shortcut,synthetic,margin_drop,oat:min_multi_strategy=4,min_multi_strategy,4,high,low,0
synthetic_shortcut,synthetic,margin_drop,oat:min_multi_strategy=4,min_multi_strategy,4,high,moderate,0
synthetic_shortcut,synthetic,margin_drop,oat:min_multi_strategy=4,min_multi_strategy,4,high,high,260
synthetic_shortcut,synthetic,margin_drop,oat:min_multi_strategy=5,min_multi_strategy,5,unreliable,unreliable,2389
synthetic_shortcut,synthetic,margin_drop,oat:min_multi_strategy=5,min_multi_strategy,5,unreliable,low,0
synthetic_shortcut,synthetic,margin_drop,oat:min_multi_strategy=5,min_multi_strategy,5,unreliable,moderate,0
synthetic_shortcut,synthetic,margin_drop,oat:min_multi_strategy=5,min_multi_strategy,5,unreliable,high,0
synthetic_shortcut,synthetic,margin_drop,oat:min_multi_strategy=5,min_multi_strategy,5,low,unreliable,0
synthetic_shortcut,synthetic,margin_drop,oat:min_multi_strategy=5,min_multi_strategy,5,low,low,551
synthetic_shortcut,synthetic,margin_drop,oat:min_multi_strategy=5,min_multi_strategy,5,low,moderate,0
synthetic_shortcut,synthetic,margin_drop,oat:min_multi_strategy=5,min_multi_strategy,5,low,high,0
synthetic_shortcut,synthetic,margin_drop,oat:min_multi_strategy=5,min_multi_strategy,5,moderate,unreliable,0
synthetic_shortcut,synthetic,margin_drop,oat:min_multi_strategy=5,min_multi_strategy,5,moderate,low,0
synthetic_shortcut,synthetic,margin_drop,oat:min_multi_strategy=5,min_multi_strategy,5,moderate,moderate,0
synthetic_shortcut,synthetic,margin_drop,oat:min_multi_strategy=5,min_multi_strategy,5,moderate,high,0
synthetic_shortcut,synthetic,margin_drop,oat:min_multi_strategy=5,min_multi_strategy,5,high,unreliable,0
synthetic_shortcut,synthetic,margin_drop,oat:min_multi_strategy=5,min_multi_strategy,5,high,low,0
synthetic_shortcut,synthetic,margin_drop,oat:min_multi_strategy=5,min_multi_strategy,5,high,moderate,0
synthetic_shortcut,synthetic,margin_drop,oat:min_multi_strategy=5,min_multi_strategy,5,high,high,260
synthetic_shortcut,synthetic,margin_drop,oat:ci_level=90,ci_level,90,unreliable,unreliable,2389
synthetic_shortcut,synthetic,margin_drop,oat:ci_level=90,ci_level,90,unreliable,low,0
synthetic_shortcut,synthetic,margin_drop,oat:ci_level=90,ci_level,90,unreliable,moderate,0
synthetic_shortcut,synthetic,margin_drop,oat:ci_level=90,ci_level,90,unreliable,high,0
synthetic_shortcut,synthetic,margin_drop,oat:ci_level=90,ci_level,90,low,unreliable,0
synthetic_shortcut,synthetic,margin_drop,oat:ci_level=90,ci_level,90,low,low,527
synthetic_shortcut,synthetic,margin_drop,oat:ci_level=90,ci_level,90,low,moderate,0
synthetic_shortcut,synthetic,margin_drop,oat:ci_level=90,ci_level,90,low,high,24
synthetic_shortcut,synthetic,margin_drop,oat:ci_level=90,ci_level,90,moderate,unreliable,0
synthetic_shortcut,synthetic,margin_drop,oat:ci_level=90,ci_level,90,moderate,low,0
synthetic_shortcut,synthetic,margin_drop,oat:ci_level=90,ci_level,90,moderate,moderate,0
synthetic_shortcut,synthetic,margin_drop,oat:ci_level=90,ci_level,90,moderate,high,0
synthetic_shortcut,synthetic,margin_drop,oat:ci_level=90,ci_level,90,high,unreliable,0
synthetic_shortcut,synthetic,margin_drop,oat:ci_level=90,ci_level,90,high,low,0
synthetic_shortcut,synthetic,margin_drop,oat:ci_level=90,ci_level,90,high,moderate,0
synthetic_shortcut,synthetic,margin_drop,oat:ci_level=90,ci_level,90,high,high,260
synthetic_shortcut,synthetic,margin_drop,oat:ci_level=95,ci_level,95,unreliable,unreliable,2389
synthetic_shortcut,synthetic,margin_drop,oat:ci_level=95,ci_level,95,unreliable,low,0
synthetic_shortcut,synthetic,margin_drop,oat:ci_level=95,ci_level,95,unreliable,moderate,0
synthetic_shortcut,synthetic,margin_drop,oat:ci_level=95,ci_level,95,unreliable,high,0
synthetic_shortcut,synthetic,margin_drop,oat:ci_level=95,ci_level,95,low,unreliable,0
synthetic_shortcut,synthetic,margin_drop,oat:ci_level=95,ci_level,95,low,low,551
synthetic_shortcut,synthetic,margin_drop,oat:ci_level=95,ci_level,95,low,moderate,0
synthetic_shortcut,synthetic,margin_drop,oat:ci_level=95,ci_level,95,low,high,0
synthetic_shortcut,synthetic,margin_drop,oat:ci_level=95,ci_level,95,moderate,unreliable,0
synthetic_shortcut,synthetic,margin_drop,oat:ci_level=95,ci_level,95,moderate,low,0
synthetic_shortcut,synthetic,margin_drop,oat:ci_level=95,ci_level,95,moderate,moderate,0
synthetic_shortcut,synthetic,margin_drop,oat:ci_level=95,ci_level,95,moderate,high,0
synthetic_shortcut,synthetic,margin_drop,oat:ci_level=95,ci_level,95,high,unreliable,0
synthetic_shortcut,synthetic,margin_drop,oat:ci_level=95,ci_level,95,high,low,0
synthetic_shortcut,synthetic,margin_drop,oat:ci_level=95,ci_level,95,high,moderate,0
synthetic_shortcut,synthetic,margin_drop,oat:ci_level=95,ci_level,95,high,high,260
synthetic_shortcut,synthetic,margin_drop,oat:ci_level=99,ci_level,99,unreliable,unreliable,2389
synthetic_shortcut,synthetic,margin_drop,oat:ci_level=99,ci_level,99,unreliable,low,0
synthetic_shortcut,synthetic,margin_drop,oat:ci_level=99,ci_level,99,unreliable,moderate,0
synthetic_shortcut,synthetic,margin_drop,oat:ci_level=99,ci_level,99,unreliable,high,0
synthetic_shortcut,synthetic,margin_drop,oat:ci_level=99,ci_level,99,low,unreliable,0
synthetic_shortcut,synthetic,margin_drop,oat:ci_level=99,ci_level,99,low,low,551
synthetic_shortcut,synthetic,margin_drop,oat:ci_level=99,ci_level,99,low,moderate,0
synthetic_shortcut,synthetic,margin_drop,oat:ci_level=99,ci_level,99,low,high,0
synthetic_shortcut,synthetic,margin_drop,oat:ci_level=99,ci_level,99,moderate,unreliable,0
synthetic_shortcut,synthetic,margin_drop,oat:ci_level=99,ci_level,99,moderate,low,0
synthetic_shortcut,synthetic,margin_drop,oat:ci_level=99,ci_level,99,moderate,moderate,0
synthetic_shortcut,synthetic,margin_drop,oat:ci_level=99,ci_level,99,moderate,high,0
synthetic_shortcut,synthetic,margin_drop,oat:ci_level=99,ci_level,99,high,unreliable,0
synthetic_shortcut,synthetic,margin_drop,oat:ci_level=99,ci_level,99,high,low,21
synthetic_shortcut,synthetic,margin_drop,oat:ci_level=99,ci_level,99,high,moderate,0
synthetic_shortcut,synthetic,margin_drop,oat:ci_level=99,ci_level,99,high,high,239
synthetic_shortcut,synthetic,margin_drop,oat:ci_level=999,ci_level,999,unreliable,unreliable,2389
synthetic_shortcut,synthetic,margin_drop,oat:ci_level=999,ci_level,999,unreliable,low,0
synthetic_shortcut,synthetic,margin_drop,oat:ci_level=999,ci_level,999,unreliable,moderate,0
synthetic_shortcut,synthetic,margin_drop,oat:ci_level=999,ci_level,999,unreliable,high,0
synthetic_shortcut,synthetic,margin_drop,oat:ci_level=999,ci_level,999,low,unreliable,0
synthetic_shortcut,synthetic,margin_drop,oat:ci_level=999,ci_level,999,low,low,551
synthetic_shortcut,synthetic,margin_drop,oat:ci_level=999,ci_level,999,low,moderate,0
synthetic_shortcut,synthetic,margin_drop,oat:ci_level=999,ci_level,999,low,high,0
synthetic_shortcut,synthetic,margin_drop,oat:ci_level=999,ci_level,999,moderate,unreliable,0
synthetic_shortcut,synthetic,margin_drop,oat:ci_level=999,ci_level,999,moderate,low,0
synthetic_shortcut,synthetic,margin_drop,oat:ci_level=999,ci_level,999,moderate,moderate,0
synthetic_shortcut,synthetic,margin_drop,oat:ci_level=999,ci_level,999,moderate,high,0
synthetic_shortcut,synthetic,margin_drop,oat:ci_level=999,ci_level,999,high,unreliable,0
synthetic_shortcut,synthetic,margin_drop,oat:ci_level=999,ci_level,999,high,low,21
synthetic_shortcut,synthetic,margin_drop,oat:ci_level=999,ci_level,999,high,moderate,0
synthetic_shortcut,synthetic,margin_drop,oat:ci_level=999,ci_level,999,high,high,239
synthetic_shortcut,synthetic,margin_drop,oat:ddof=0,ddof,0,unreliable,unreliable,2389
synthetic_shortcut,synthetic,margin_drop,oat:ddof=0,ddof,0,unreliable,low,0
synthetic_shortcut,synthetic,margin_drop,oat:ddof=0,ddof,0,unreliable,moderate,0
synthetic_shortcut,synthetic,margin_drop,oat:ddof=0,ddof,0,unreliable,high,0
synthetic_shortcut,synthetic,margin_drop,oat:ddof=0,ddof,0,low,unreliable,0
synthetic_shortcut,synthetic,margin_drop,oat:ddof=0,ddof,0,low,low,551
synthetic_shortcut,synthetic,margin_drop,oat:ddof=0,ddof,0,low,moderate,0
synthetic_shortcut,synthetic,margin_drop,oat:ddof=0,ddof,0,low,high,0
synthetic_shortcut,synthetic,margin_drop,oat:ddof=0,ddof,0,moderate,unreliable,0
synthetic_shortcut,synthetic,margin_drop,oat:ddof=0,ddof,0,moderate,low,0
synthetic_shortcut,synthetic,margin_drop,oat:ddof=0,ddof,0,moderate,moderate,0
synthetic_shortcut,synthetic,margin_drop,oat:ddof=0,ddof,0,moderate,high,0
synthetic_shortcut,synthetic,margin_drop,oat:ddof=0,ddof,0,high,unreliable,0
synthetic_shortcut,synthetic,margin_drop,oat:ddof=0,ddof,0,high,low,0
synthetic_shortcut,synthetic,margin_drop,oat:ddof=0,ddof,0,high,moderate,0
synthetic_shortcut,synthetic,margin_drop,oat:ddof=0,ddof,0,high,high,260
synthetic_shortcut,synthetic,margin_drop,oat:ddof=1,ddof,1,unreliable,unreliable,2389
synthetic_shortcut,synthetic,margin_drop,oat:ddof=1,ddof,1,unreliable,low,0
synthetic_shortcut,synthetic,margin_drop,oat:ddof=1,ddof,1,unreliable,moderate,0
synthetic_shortcut,synthetic,margin_drop,oat:ddof=1,ddof,1,unreliable,high,0
synthetic_shortcut,synthetic,margin_drop,oat:ddof=1,ddof,1,low,unreliable,0
synthetic_shortcut,synthetic,margin_drop,oat:ddof=1,ddof,1,low,low,551
synthetic_shortcut,synthetic,margin_drop,oat:ddof=1,ddof,1,low,moderate,0
synthetic_shortcut,synthetic,margin_drop,oat:ddof=1,ddof,1,low,high,0
synthetic_shortcut,synthetic,margin_drop,oat:ddof=1,ddof,1,moderate,unreliable,0
synthetic_shortcut,synthetic,margin_drop,oat:ddof=1,ddof,1,moderate,low,0
synthetic_shortcut,synthetic,margin_drop,oat:ddof=1,ddof,1,moderate,moderate,0
synthetic_shortcut,synthetic,margin_drop,oat:ddof=1,ddof,1,moderate,high,0
synthetic_shortcut,synthetic,margin_drop,oat:ddof=1,ddof,1,high,unreliable,0
synthetic_shortcut,synthetic,margin_drop,oat:ddof=1,ddof,1,high,low,10
synthetic_shortcut,synthetic,margin_drop,oat:ddof=1,ddof,1,high,moderate,0
synthetic_shortcut,synthetic,margin_drop,oat:ddof=1,ddof,1,high,high,250
synthetic_shortcut,synthetic,margin_drop,oat:std_floor_beta=0.0,std_floor_beta,0.0,unreliable,unreliable,2389
synthetic_shortcut,synthetic,margin_drop,oat:std_floor_beta=0.0,std_floor_beta,0.0,unreliable,low,0
synthetic_shortcut,synthetic,margin_drop,oat:std_floor_beta=0.0,std_floor_beta,0.0,unreliable,moderate,0
synthetic_shortcut,synthetic,margin_drop,oat:std_floor_beta=0.0,std_floor_beta,0.0,unreliable,high,0
synthetic_shortcut,synthetic,margin_drop,oat:std_floor_beta=0.0,std_floor_beta,0.0,low,unreliable,0
synthetic_shortcut,synthetic,margin_drop,oat:std_floor_beta=0.0,std_floor_beta,0.0,low,low,551
synthetic_shortcut,synthetic,margin_drop,oat:std_floor_beta=0.0,std_floor_beta,0.0,low,moderate,0
synthetic_shortcut,synthetic,margin_drop,oat:std_floor_beta=0.0,std_floor_beta,0.0,low,high,0
synthetic_shortcut,synthetic,margin_drop,oat:std_floor_beta=0.0,std_floor_beta,0.0,moderate,unreliable,0
synthetic_shortcut,synthetic,margin_drop,oat:std_floor_beta=0.0,std_floor_beta,0.0,moderate,low,0
synthetic_shortcut,synthetic,margin_drop,oat:std_floor_beta=0.0,std_floor_beta,0.0,moderate,moderate,0
synthetic_shortcut,synthetic,margin_drop,oat:std_floor_beta=0.0,std_floor_beta,0.0,moderate,high,0
synthetic_shortcut,synthetic,margin_drop,oat:std_floor_beta=0.0,std_floor_beta,0.0,high,unreliable,0
synthetic_shortcut,synthetic,margin_drop,oat:std_floor_beta=0.0,std_floor_beta,0.0,high,low,0
synthetic_shortcut,synthetic,margin_drop,oat:std_floor_beta=0.0,std_floor_beta,0.0,high,moderate,0
synthetic_shortcut,synthetic,margin_drop,oat:std_floor_beta=0.0,std_floor_beta,0.0,high,high,260
synthetic_shortcut,synthetic,margin_drop,oat:std_floor_beta=0.1,std_floor_beta,0.1,unreliable,unreliable,2389
synthetic_shortcut,synthetic,margin_drop,oat:std_floor_beta=0.1,std_floor_beta,0.1,unreliable,low,0
synthetic_shortcut,synthetic,margin_drop,oat:std_floor_beta=0.1,std_floor_beta,0.1,unreliable,moderate,0
synthetic_shortcut,synthetic,margin_drop,oat:std_floor_beta=0.1,std_floor_beta,0.1,unreliable,high,0
synthetic_shortcut,synthetic,margin_drop,oat:std_floor_beta=0.1,std_floor_beta,0.1,low,unreliable,0
synthetic_shortcut,synthetic,margin_drop,oat:std_floor_beta=0.1,std_floor_beta,0.1,low,low,551
synthetic_shortcut,synthetic,margin_drop,oat:std_floor_beta=0.1,std_floor_beta,0.1,low,moderate,0
synthetic_shortcut,synthetic,margin_drop,oat:std_floor_beta=0.1,std_floor_beta,0.1,low,high,0
synthetic_shortcut,synthetic,margin_drop,oat:std_floor_beta=0.1,std_floor_beta,0.1,moderate,unreliable,0
synthetic_shortcut,synthetic,margin_drop,oat:std_floor_beta=0.1,std_floor_beta,0.1,moderate,low,0
synthetic_shortcut,synthetic,margin_drop,oat:std_floor_beta=0.1,std_floor_beta,0.1,moderate,moderate,0
synthetic_shortcut,synthetic,margin_drop,oat:std_floor_beta=0.1,std_floor_beta,0.1,moderate,high,0
synthetic_shortcut,synthetic,margin_drop,oat:std_floor_beta=0.1,std_floor_beta,0.1,high,unreliable,0
synthetic_shortcut,synthetic,margin_drop,oat:std_floor_beta=0.1,std_floor_beta,0.1,high,low,22
synthetic_shortcut,synthetic,margin_drop,oat:std_floor_beta=0.1,std_floor_beta,0.1,high,moderate,0
synthetic_shortcut,synthetic,margin_drop,oat:std_floor_beta=0.1,std_floor_beta,0.1,high,high,238
synthetic_shortcut,synthetic,margin_drop,oat:std_floor_beta=0.25,std_floor_beta,0.25,unreliable,unreliable,2389
synthetic_shortcut,synthetic,margin_drop,oat:std_floor_beta=0.25,std_floor_beta,0.25,unreliable,low,0
synthetic_shortcut,synthetic,margin_drop,oat:std_floor_beta=0.25,std_floor_beta,0.25,unreliable,moderate,0
synthetic_shortcut,synthetic,margin_drop,oat:std_floor_beta=0.25,std_floor_beta,0.25,unreliable,high,0
synthetic_shortcut,synthetic,margin_drop,oat:std_floor_beta=0.25,std_floor_beta,0.25,low,unreliable,0
synthetic_shortcut,synthetic,margin_drop,oat:std_floor_beta=0.25,std_floor_beta,0.25,low,low,551
synthetic_shortcut,synthetic,margin_drop,oat:std_floor_beta=0.25,std_floor_beta,0.25,low,moderate,0
synthetic_shortcut,synthetic,margin_drop,oat:std_floor_beta=0.25,std_floor_beta,0.25,low,high,0
synthetic_shortcut,synthetic,margin_drop,oat:std_floor_beta=0.25,std_floor_beta,0.25,moderate,unreliable,0
synthetic_shortcut,synthetic,margin_drop,oat:std_floor_beta=0.25,std_floor_beta,0.25,moderate,low,0
synthetic_shortcut,synthetic,margin_drop,oat:std_floor_beta=0.25,std_floor_beta,0.25,moderate,moderate,0
synthetic_shortcut,synthetic,margin_drop,oat:std_floor_beta=0.25,std_floor_beta,0.25,moderate,high,0
synthetic_shortcut,synthetic,margin_drop,oat:std_floor_beta=0.25,std_floor_beta,0.25,high,unreliable,0
synthetic_shortcut,synthetic,margin_drop,oat:std_floor_beta=0.25,std_floor_beta,0.25,high,low,31
synthetic_shortcut,synthetic,margin_drop,oat:std_floor_beta=0.25,std_floor_beta,0.25,high,moderate,0
synthetic_shortcut,synthetic,margin_drop,oat:std_floor_beta=0.25,std_floor_beta,0.25,high,high,229
synthetic_shortcut,synthetic,margin_drop,preset:lenient,preset,lenient,unreliable,unreliable,2389
synthetic_shortcut,synthetic,margin_drop,preset:lenient,preset,lenient,unreliable,low,0
synthetic_shortcut,synthetic,margin_drop,preset:lenient,preset,lenient,unreliable,moderate,0
synthetic_shortcut,synthetic,margin_drop,preset:lenient,preset,lenient,unreliable,high,0
synthetic_shortcut,synthetic,margin_drop,preset:lenient,preset,lenient,low,unreliable,0
synthetic_shortcut,synthetic,margin_drop,preset:lenient,preset,lenient,low,low,510
synthetic_shortcut,synthetic,margin_drop,preset:lenient,preset,lenient,low,moderate,0
synthetic_shortcut,synthetic,margin_drop,preset:lenient,preset,lenient,low,high,41
synthetic_shortcut,synthetic,margin_drop,preset:lenient,preset,lenient,moderate,unreliable,0
synthetic_shortcut,synthetic,margin_drop,preset:lenient,preset,lenient,moderate,low,0
synthetic_shortcut,synthetic,margin_drop,preset:lenient,preset,lenient,moderate,moderate,0
synthetic_shortcut,synthetic,margin_drop,preset:lenient,preset,lenient,moderate,high,0
synthetic_shortcut,synthetic,margin_drop,preset:lenient,preset,lenient,high,unreliable,0
synthetic_shortcut,synthetic,margin_drop,preset:lenient,preset,lenient,high,low,0
synthetic_shortcut,synthetic,margin_drop,preset:lenient,preset,lenient,high,moderate,0
synthetic_shortcut,synthetic,margin_drop,preset:lenient,preset,lenient,high,high,260
synthetic_shortcut,synthetic,margin_drop,preset:conservative,preset,conservative,unreliable,unreliable,2270
synthetic_shortcut,synthetic,margin_drop,preset:conservative,preset,conservative,unreliable,low,118
synthetic_shortcut,synthetic,margin_drop,preset:conservative,preset,conservative,unreliable,moderate,0
synthetic_shortcut,synthetic,margin_drop,preset:conservative,preset,conservative,unreliable,high,1
synthetic_shortcut,synthetic,margin_drop,preset:conservative,preset,conservative,low,unreliable,188
synthetic_shortcut,synthetic,margin_drop,preset:conservative,preset,conservative,low,low,363
synthetic_shortcut,synthetic,margin_drop,preset:conservative,preset,conservative,low,moderate,0
synthetic_shortcut,synthetic,margin_drop,preset:conservative,preset,conservative,low,high,0
synthetic_shortcut,synthetic,margin_drop,preset:conservative,preset,conservative,moderate,unreliable,0
synthetic_shortcut,synthetic,margin_drop,preset:conservative,preset,conservative,moderate,low,0
synthetic_shortcut,synthetic,margin_drop,preset:conservative,preset,conservative,moderate,moderate,0
synthetic_shortcut,synthetic,margin_drop,preset:conservative,preset,conservative,moderate,high,0
synthetic_shortcut,synthetic,margin_drop,preset:conservative,preset,conservative,high,unreliable,21
synthetic_shortcut,synthetic,margin_drop,preset:conservative,preset,conservative,high,low,25
synthetic_shortcut,synthetic,margin_drop,preset:conservative,preset,conservative,high,moderate,0
synthetic_shortcut,synthetic,margin_drop,preset:conservative,preset,conservative,high,high,214
synthetic_shortcut,synthetic,margin_drop,alt:zero_abstain:sign_alpha=0.01,zero_abstain_alpha,0.01,unreliable,unreliable,1867
synthetic_shortcut,synthetic,margin_drop,alt:zero_abstain:sign_alpha=0.01,zero_abstain_alpha,0.01,unreliable,low,509
synthetic_shortcut,synthetic,margin_drop,alt:zero_abstain:sign_alpha=0.01,zero_abstain_alpha,0.01,unreliable,moderate,0
synthetic_shortcut,synthetic,margin_drop,alt:zero_abstain:sign_alpha=0.01,zero_abstain_alpha,0.01,unreliable,high,13
synthetic_shortcut,synthetic,margin_drop,alt:zero_abstain:sign_alpha=0.01,zero_abstain_alpha,0.01,low,unreliable,0
synthetic_shortcut,synthetic,margin_drop,alt:zero_abstain:sign_alpha=0.01,zero_abstain_alpha,0.01,low,low,551
synthetic_shortcut,synthetic,margin_drop,alt:zero_abstain:sign_alpha=0.01,zero_abstain_alpha,0.01,low,moderate,0
synthetic_shortcut,synthetic,margin_drop,alt:zero_abstain:sign_alpha=0.01,zero_abstain_alpha,0.01,low,high,0
synthetic_shortcut,synthetic,margin_drop,alt:zero_abstain:sign_alpha=0.01,zero_abstain_alpha,0.01,moderate,unreliable,0
synthetic_shortcut,synthetic,margin_drop,alt:zero_abstain:sign_alpha=0.01,zero_abstain_alpha,0.01,moderate,low,0
synthetic_shortcut,synthetic,margin_drop,alt:zero_abstain:sign_alpha=0.01,zero_abstain_alpha,0.01,moderate,moderate,0
synthetic_shortcut,synthetic,margin_drop,alt:zero_abstain:sign_alpha=0.01,zero_abstain_alpha,0.01,moderate,high,0
synthetic_shortcut,synthetic,margin_drop,alt:zero_abstain:sign_alpha=0.01,zero_abstain_alpha,0.01,high,unreliable,0
synthetic_shortcut,synthetic,margin_drop,alt:zero_abstain:sign_alpha=0.01,zero_abstain_alpha,0.01,high,low,13
synthetic_shortcut,synthetic,margin_drop,alt:zero_abstain:sign_alpha=0.01,zero_abstain_alpha,0.01,high,moderate,0
synthetic_shortcut,synthetic,margin_drop,alt:zero_abstain:sign_alpha=0.01,zero_abstain_alpha,0.01,high,high,247
synthetic_shortcut,synthetic,margin_drop,alt:zero_abstain:sign_alpha=0.05,zero_abstain_alpha,0.05,unreliable,unreliable,1724
synthetic_shortcut,synthetic,margin_drop,alt:zero_abstain:sign_alpha=0.05,zero_abstain_alpha,0.05,unreliable,low,640
synthetic_shortcut,synthetic,margin_drop,alt:zero_abstain:sign_alpha=0.05,zero_abstain_alpha,0.05,unreliable,moderate,0
synthetic_shortcut,synthetic,margin_drop,alt:zero_abstain:sign_alpha=0.05,zero_abstain_alpha,0.05,unreliable,high,25
synthetic_shortcut,synthetic,margin_drop,alt:zero_abstain:sign_alpha=0.05,zero_abstain_alpha,0.05,low,unreliable,0
synthetic_shortcut,synthetic,margin_drop,alt:zero_abstain:sign_alpha=0.05,zero_abstain_alpha,0.05,low,low,551
synthetic_shortcut,synthetic,margin_drop,alt:zero_abstain:sign_alpha=0.05,zero_abstain_alpha,0.05,low,moderate,0
synthetic_shortcut,synthetic,margin_drop,alt:zero_abstain:sign_alpha=0.05,zero_abstain_alpha,0.05,low,high,0
synthetic_shortcut,synthetic,margin_drop,alt:zero_abstain:sign_alpha=0.05,zero_abstain_alpha,0.05,moderate,unreliable,0
synthetic_shortcut,synthetic,margin_drop,alt:zero_abstain:sign_alpha=0.05,zero_abstain_alpha,0.05,moderate,low,0
synthetic_shortcut,synthetic,margin_drop,alt:zero_abstain:sign_alpha=0.05,zero_abstain_alpha,0.05,moderate,moderate,0
synthetic_shortcut,synthetic,margin_drop,alt:zero_abstain:sign_alpha=0.05,zero_abstain_alpha,0.05,moderate,high,0
synthetic_shortcut,synthetic,margin_drop,alt:zero_abstain:sign_alpha=0.05,zero_abstain_alpha,0.05,high,unreliable,0
synthetic_shortcut,synthetic,margin_drop,alt:zero_abstain:sign_alpha=0.05,zero_abstain_alpha,0.05,high,low,15
synthetic_shortcut,synthetic,margin_drop,alt:zero_abstain:sign_alpha=0.05,zero_abstain_alpha,0.05,high,moderate,0
synthetic_shortcut,synthetic,margin_drop,alt:zero_abstain:sign_alpha=0.05,zero_abstain_alpha,0.05,high,high,245
synthetic_shortcut,synthetic,margin_drop,alt:zero_abstain:sign_alpha=0.1,zero_abstain_alpha,0.1,unreliable,unreliable,1604
synthetic_shortcut,synthetic,margin_drop,alt:zero_abstain:sign_alpha=0.1,zero_abstain_alpha,0.1,unreliable,low,753
synthetic_shortcut,synthetic,margin_drop,alt:zero_abstain:sign_alpha=0.1,zero_abstain_alpha,0.1,unreliable,moderate,0
synthetic_shortcut,synthetic,margin_drop,alt:zero_abstain:sign_alpha=0.1,zero_abstain_alpha,0.1,unreliable,high,32
synthetic_shortcut,synthetic,margin_drop,alt:zero_abstain:sign_alpha=0.1,zero_abstain_alpha,0.1,low,unreliable,0
synthetic_shortcut,synthetic,margin_drop,alt:zero_abstain:sign_alpha=0.1,zero_abstain_alpha,0.1,low,low,551
synthetic_shortcut,synthetic,margin_drop,alt:zero_abstain:sign_alpha=0.1,zero_abstain_alpha,0.1,low,moderate,0
synthetic_shortcut,synthetic,margin_drop,alt:zero_abstain:sign_alpha=0.1,zero_abstain_alpha,0.1,low,high,0
synthetic_shortcut,synthetic,margin_drop,alt:zero_abstain:sign_alpha=0.1,zero_abstain_alpha,0.1,moderate,unreliable,0
synthetic_shortcut,synthetic,margin_drop,alt:zero_abstain:sign_alpha=0.1,zero_abstain_alpha,0.1,moderate,low,0
synthetic_shortcut,synthetic,margin_drop,alt:zero_abstain:sign_alpha=0.1,zero_abstain_alpha,0.1,moderate,moderate,0
synthetic_shortcut,synthetic,margin_drop,alt:zero_abstain:sign_alpha=0.1,zero_abstain_alpha,0.1,moderate,high,0
synthetic_shortcut,synthetic,margin_drop,alt:zero_abstain:sign_alpha=0.1,zero_abstain_alpha,0.1,high,unreliable,0
synthetic_shortcut,synthetic,margin_drop,alt:zero_abstain:sign_alpha=0.1,zero_abstain_alpha,0.1,high,low,18
synthetic_shortcut,synthetic,margin_drop,alt:zero_abstain:sign_alpha=0.1,zero_abstain_alpha,0.1,high,moderate,0
synthetic_shortcut,synthetic,margin_drop,alt:zero_abstain:sign_alpha=0.1,zero_abstain_alpha,0.1,high,high,242
synthetic_shortcut,synthetic,margin_drop,alt:zero_abstain:sign_alpha=0.25,zero_abstain_alpha,0.25,unreliable,unreliable,1421
synthetic_shortcut,synthetic,margin_drop,alt:zero_abstain:sign_alpha=0.25,zero_abstain_alpha,0.25,unreliable,low,923
synthetic_shortcut,synthetic,margin_drop,alt:zero_abstain:sign_alpha=0.25,zero_abstain_alpha,0.25,unreliable,moderate,0
synthetic_shortcut,synthetic,margin_drop,alt:zero_abstain:sign_alpha=0.25,zero_abstain_alpha,0.25,unreliable,high,45
synthetic_shortcut,synthetic,margin_drop,alt:zero_abstain:sign_alpha=0.25,zero_abstain_alpha,0.25,low,unreliable,0
synthetic_shortcut,synthetic,margin_drop,alt:zero_abstain:sign_alpha=0.25,zero_abstain_alpha,0.25,low,low,551
synthetic_shortcut,synthetic,margin_drop,alt:zero_abstain:sign_alpha=0.25,zero_abstain_alpha,0.25,low,moderate,0
synthetic_shortcut,synthetic,margin_drop,alt:zero_abstain:sign_alpha=0.25,zero_abstain_alpha,0.25,low,high,0
synthetic_shortcut,synthetic,margin_drop,alt:zero_abstain:sign_alpha=0.25,zero_abstain_alpha,0.25,moderate,unreliable,0
synthetic_shortcut,synthetic,margin_drop,alt:zero_abstain:sign_alpha=0.25,zero_abstain_alpha,0.25,moderate,low,0
synthetic_shortcut,synthetic,margin_drop,alt:zero_abstain:sign_alpha=0.25,zero_abstain_alpha,0.25,moderate,moderate,0
synthetic_shortcut,synthetic,margin_drop,alt:zero_abstain:sign_alpha=0.25,zero_abstain_alpha,0.25,moderate,high,0
synthetic_shortcut,synthetic,margin_drop,alt:zero_abstain:sign_alpha=0.25,zero_abstain_alpha,0.25,high,unreliable,0
synthetic_shortcut,synthetic,margin_drop,alt:zero_abstain:sign_alpha=0.25,zero_abstain_alpha,0.25,high,low,20
synthetic_shortcut,synthetic,margin_drop,alt:zero_abstain:sign_alpha=0.25,zero_abstain_alpha,0.25,high,moderate,0
synthetic_shortcut,synthetic,margin_drop,alt:zero_abstain:sign_alpha=0.25,zero_abstain_alpha,0.25,high,high,240
synthetic_normal,synthetic,margin_drop,default,default,,unreliable,unreliable,2019
synthetic_normal,synthetic,margin_drop,default,default,,unreliable,low,0
synthetic_normal,synthetic,margin_drop,default,default,,unreliable,moderate,0
synthetic_normal,synthetic,margin_drop,default,default,,unreliable,high,0
synthetic_normal,synthetic,margin_drop,default,default,,low,unreliable,0
synthetic_normal,synthetic,margin_drop,default,default,,low,low,418
synthetic_normal,synthetic,margin_drop,default,default,,low,moderate,0
synthetic_normal,synthetic,margin_drop,default,default,,low,high,0
synthetic_normal,synthetic,margin_drop,default,default,,moderate,unreliable,0
synthetic_normal,synthetic,margin_drop,default,default,,moderate,low,0
synthetic_normal,synthetic,margin_drop,default,default,,moderate,moderate,0
synthetic_normal,synthetic,margin_drop,default,default,,moderate,high,0
synthetic_normal,synthetic,margin_drop,default,default,,high,unreliable,0
synthetic_normal,synthetic,margin_drop,default,default,,high,low,0
synthetic_normal,synthetic,margin_drop,default,default,,high,moderate,0
synthetic_normal,synthetic,margin_drop,default,default,,high,high,763
synthetic_normal,synthetic,margin_drop,oat:z_threshold=1.0,z_threshold,1.0,unreliable,unreliable,2019
synthetic_normal,synthetic,margin_drop,oat:z_threshold=1.0,z_threshold,1.0,unreliable,low,0
synthetic_normal,synthetic,margin_drop,oat:z_threshold=1.0,z_threshold,1.0,unreliable,moderate,0
synthetic_normal,synthetic,margin_drop,oat:z_threshold=1.0,z_threshold,1.0,unreliable,high,0
synthetic_normal,synthetic,margin_drop,oat:z_threshold=1.0,z_threshold,1.0,low,unreliable,0
synthetic_normal,synthetic,margin_drop,oat:z_threshold=1.0,z_threshold,1.0,low,low,336
synthetic_normal,synthetic,margin_drop,oat:z_threshold=1.0,z_threshold,1.0,low,moderate,0
synthetic_normal,synthetic,margin_drop,oat:z_threshold=1.0,z_threshold,1.0,low,high,82
synthetic_normal,synthetic,margin_drop,oat:z_threshold=1.0,z_threshold,1.0,moderate,unreliable,0
synthetic_normal,synthetic,margin_drop,oat:z_threshold=1.0,z_threshold,1.0,moderate,low,0
synthetic_normal,synthetic,margin_drop,oat:z_threshold=1.0,z_threshold,1.0,moderate,moderate,0
synthetic_normal,synthetic,margin_drop,oat:z_threshold=1.0,z_threshold,1.0,moderate,high,0
synthetic_normal,synthetic,margin_drop,oat:z_threshold=1.0,z_threshold,1.0,high,unreliable,0
synthetic_normal,synthetic,margin_drop,oat:z_threshold=1.0,z_threshold,1.0,high,low,0
synthetic_normal,synthetic,margin_drop,oat:z_threshold=1.0,z_threshold,1.0,high,moderate,0
synthetic_normal,synthetic,margin_drop,oat:z_threshold=1.0,z_threshold,1.0,high,high,763
synthetic_normal,synthetic,margin_drop,oat:z_threshold=1.5,z_threshold,1.5,unreliable,unreliable,2019
synthetic_normal,synthetic,margin_drop,oat:z_threshold=1.5,z_threshold,1.5,unreliable,low,0
synthetic_normal,synthetic,margin_drop,oat:z_threshold=1.5,z_threshold,1.5,unreliable,moderate,0
synthetic_normal,synthetic,margin_drop,oat:z_threshold=1.5,z_threshold,1.5,unreliable,high,0
synthetic_normal,synthetic,margin_drop,oat:z_threshold=1.5,z_threshold,1.5,low,unreliable,0
synthetic_normal,synthetic,margin_drop,oat:z_threshold=1.5,z_threshold,1.5,low,low,376
synthetic_normal,synthetic,margin_drop,oat:z_threshold=1.5,z_threshold,1.5,low,moderate,0
synthetic_normal,synthetic,margin_drop,oat:z_threshold=1.5,z_threshold,1.5,low,high,42
synthetic_normal,synthetic,margin_drop,oat:z_threshold=1.5,z_threshold,1.5,moderate,unreliable,0
synthetic_normal,synthetic,margin_drop,oat:z_threshold=1.5,z_threshold,1.5,moderate,low,0
synthetic_normal,synthetic,margin_drop,oat:z_threshold=1.5,z_threshold,1.5,moderate,moderate,0
synthetic_normal,synthetic,margin_drop,oat:z_threshold=1.5,z_threshold,1.5,moderate,high,0
synthetic_normal,synthetic,margin_drop,oat:z_threshold=1.5,z_threshold,1.5,high,unreliable,0
synthetic_normal,synthetic,margin_drop,oat:z_threshold=1.5,z_threshold,1.5,high,low,0
synthetic_normal,synthetic,margin_drop,oat:z_threshold=1.5,z_threshold,1.5,high,moderate,0
synthetic_normal,synthetic,margin_drop,oat:z_threshold=1.5,z_threshold,1.5,high,high,763
synthetic_normal,synthetic,margin_drop,oat:z_threshold=2.0,z_threshold,2.0,unreliable,unreliable,2019
synthetic_normal,synthetic,margin_drop,oat:z_threshold=2.0,z_threshold,2.0,unreliable,low,0
synthetic_normal,synthetic,margin_drop,oat:z_threshold=2.0,z_threshold,2.0,unreliable,moderate,0
synthetic_normal,synthetic,margin_drop,oat:z_threshold=2.0,z_threshold,2.0,unreliable,high,0
synthetic_normal,synthetic,margin_drop,oat:z_threshold=2.0,z_threshold,2.0,low,unreliable,0
synthetic_normal,synthetic,margin_drop,oat:z_threshold=2.0,z_threshold,2.0,low,low,418
synthetic_normal,synthetic,margin_drop,oat:z_threshold=2.0,z_threshold,2.0,low,moderate,0
synthetic_normal,synthetic,margin_drop,oat:z_threshold=2.0,z_threshold,2.0,low,high,0
synthetic_normal,synthetic,margin_drop,oat:z_threshold=2.0,z_threshold,2.0,moderate,unreliable,0
synthetic_normal,synthetic,margin_drop,oat:z_threshold=2.0,z_threshold,2.0,moderate,low,0
synthetic_normal,synthetic,margin_drop,oat:z_threshold=2.0,z_threshold,2.0,moderate,moderate,0
synthetic_normal,synthetic,margin_drop,oat:z_threshold=2.0,z_threshold,2.0,moderate,high,0
synthetic_normal,synthetic,margin_drop,oat:z_threshold=2.0,z_threshold,2.0,high,unreliable,0
synthetic_normal,synthetic,margin_drop,oat:z_threshold=2.0,z_threshold,2.0,high,low,0
synthetic_normal,synthetic,margin_drop,oat:z_threshold=2.0,z_threshold,2.0,high,moderate,0
synthetic_normal,synthetic,margin_drop,oat:z_threshold=2.0,z_threshold,2.0,high,high,763
synthetic_normal,synthetic,margin_drop,oat:z_threshold=2.5,z_threshold,2.5,unreliable,unreliable,2019
synthetic_normal,synthetic,margin_drop,oat:z_threshold=2.5,z_threshold,2.5,unreliable,low,0
synthetic_normal,synthetic,margin_drop,oat:z_threshold=2.5,z_threshold,2.5,unreliable,moderate,0
synthetic_normal,synthetic,margin_drop,oat:z_threshold=2.5,z_threshold,2.5,unreliable,high,0
synthetic_normal,synthetic,margin_drop,oat:z_threshold=2.5,z_threshold,2.5,low,unreliable,0
synthetic_normal,synthetic,margin_drop,oat:z_threshold=2.5,z_threshold,2.5,low,low,418
synthetic_normal,synthetic,margin_drop,oat:z_threshold=2.5,z_threshold,2.5,low,moderate,0
synthetic_normal,synthetic,margin_drop,oat:z_threshold=2.5,z_threshold,2.5,low,high,0
synthetic_normal,synthetic,margin_drop,oat:z_threshold=2.5,z_threshold,2.5,moderate,unreliable,0
synthetic_normal,synthetic,margin_drop,oat:z_threshold=2.5,z_threshold,2.5,moderate,low,0
synthetic_normal,synthetic,margin_drop,oat:z_threshold=2.5,z_threshold,2.5,moderate,moderate,0
synthetic_normal,synthetic,margin_drop,oat:z_threshold=2.5,z_threshold,2.5,moderate,high,0
synthetic_normal,synthetic,margin_drop,oat:z_threshold=2.5,z_threshold,2.5,high,unreliable,0
synthetic_normal,synthetic,margin_drop,oat:z_threshold=2.5,z_threshold,2.5,high,low,41
synthetic_normal,synthetic,margin_drop,oat:z_threshold=2.5,z_threshold,2.5,high,moderate,0
synthetic_normal,synthetic,margin_drop,oat:z_threshold=2.5,z_threshold,2.5,high,high,722
synthetic_normal,synthetic,margin_drop,oat:z_threshold=3.0,z_threshold,3.0,unreliable,unreliable,2019
synthetic_normal,synthetic,margin_drop,oat:z_threshold=3.0,z_threshold,3.0,unreliable,low,0
synthetic_normal,synthetic,margin_drop,oat:z_threshold=3.0,z_threshold,3.0,unreliable,moderate,0
synthetic_normal,synthetic,margin_drop,oat:z_threshold=3.0,z_threshold,3.0,unreliable,high,0
synthetic_normal,synthetic,margin_drop,oat:z_threshold=3.0,z_threshold,3.0,low,unreliable,0
synthetic_normal,synthetic,margin_drop,oat:z_threshold=3.0,z_threshold,3.0,low,low,418
synthetic_normal,synthetic,margin_drop,oat:z_threshold=3.0,z_threshold,3.0,low,moderate,0
synthetic_normal,synthetic,margin_drop,oat:z_threshold=3.0,z_threshold,3.0,low,high,0
synthetic_normal,synthetic,margin_drop,oat:z_threshold=3.0,z_threshold,3.0,moderate,unreliable,0
synthetic_normal,synthetic,margin_drop,oat:z_threshold=3.0,z_threshold,3.0,moderate,low,0
synthetic_normal,synthetic,margin_drop,oat:z_threshold=3.0,z_threshold,3.0,moderate,moderate,0
synthetic_normal,synthetic,margin_drop,oat:z_threshold=3.0,z_threshold,3.0,moderate,high,0
synthetic_normal,synthetic,margin_drop,oat:z_threshold=3.0,z_threshold,3.0,high,unreliable,0
synthetic_normal,synthetic,margin_drop,oat:z_threshold=3.0,z_threshold,3.0,high,low,84
synthetic_normal,synthetic,margin_drop,oat:z_threshold=3.0,z_threshold,3.0,high,moderate,0
synthetic_normal,synthetic,margin_drop,oat:z_threshold=3.0,z_threshold,3.0,high,high,679
synthetic_normal,synthetic,margin_drop,oat:z_threshold=4.0,z_threshold,4.0,unreliable,unreliable,2019
synthetic_normal,synthetic,margin_drop,oat:z_threshold=4.0,z_threshold,4.0,unreliable,low,0
synthetic_normal,synthetic,margin_drop,oat:z_threshold=4.0,z_threshold,4.0,unreliable,moderate,0
synthetic_normal,synthetic,margin_drop,oat:z_threshold=4.0,z_threshold,4.0,unreliable,high,0
synthetic_normal,synthetic,margin_drop,oat:z_threshold=4.0,z_threshold,4.0,low,unreliable,0
synthetic_normal,synthetic,margin_drop,oat:z_threshold=4.0,z_threshold,4.0,low,low,418
synthetic_normal,synthetic,margin_drop,oat:z_threshold=4.0,z_threshold,4.0,low,moderate,0
synthetic_normal,synthetic,margin_drop,oat:z_threshold=4.0,z_threshold,4.0,low,high,0
synthetic_normal,synthetic,margin_drop,oat:z_threshold=4.0,z_threshold,4.0,moderate,unreliable,0
synthetic_normal,synthetic,margin_drop,oat:z_threshold=4.0,z_threshold,4.0,moderate,low,0
synthetic_normal,synthetic,margin_drop,oat:z_threshold=4.0,z_threshold,4.0,moderate,moderate,0
synthetic_normal,synthetic,margin_drop,oat:z_threshold=4.0,z_threshold,4.0,moderate,high,0
synthetic_normal,synthetic,margin_drop,oat:z_threshold=4.0,z_threshold,4.0,high,unreliable,0
synthetic_normal,synthetic,margin_drop,oat:z_threshold=4.0,z_threshold,4.0,high,low,140
synthetic_normal,synthetic,margin_drop,oat:z_threshold=4.0,z_threshold,4.0,high,moderate,0
synthetic_normal,synthetic,margin_drop,oat:z_threshold=4.0,z_threshold,4.0,high,high,623
synthetic_normal,synthetic,margin_drop,oat:sign_alpha=0.0,sign_alpha,0.0,unreliable,unreliable,2019
synthetic_normal,synthetic,margin_drop,oat:sign_alpha=0.0,sign_alpha,0.0,unreliable,low,0
synthetic_normal,synthetic,margin_drop,oat:sign_alpha=0.0,sign_alpha,0.0,unreliable,moderate,0
synthetic_normal,synthetic,margin_drop,oat:sign_alpha=0.0,sign_alpha,0.0,unreliable,high,0
synthetic_normal,synthetic,margin_drop,oat:sign_alpha=0.0,sign_alpha,0.0,low,unreliable,0
synthetic_normal,synthetic,margin_drop,oat:sign_alpha=0.0,sign_alpha,0.0,low,low,418
synthetic_normal,synthetic,margin_drop,oat:sign_alpha=0.0,sign_alpha,0.0,low,moderate,0
synthetic_normal,synthetic,margin_drop,oat:sign_alpha=0.0,sign_alpha,0.0,low,high,0
synthetic_normal,synthetic,margin_drop,oat:sign_alpha=0.0,sign_alpha,0.0,moderate,unreliable,0
synthetic_normal,synthetic,margin_drop,oat:sign_alpha=0.0,sign_alpha,0.0,moderate,low,0
synthetic_normal,synthetic,margin_drop,oat:sign_alpha=0.0,sign_alpha,0.0,moderate,moderate,0
synthetic_normal,synthetic,margin_drop,oat:sign_alpha=0.0,sign_alpha,0.0,moderate,high,0
synthetic_normal,synthetic,margin_drop,oat:sign_alpha=0.0,sign_alpha,0.0,high,unreliable,0
synthetic_normal,synthetic,margin_drop,oat:sign_alpha=0.0,sign_alpha,0.0,high,low,0
synthetic_normal,synthetic,margin_drop,oat:sign_alpha=0.0,sign_alpha,0.0,high,moderate,0
synthetic_normal,synthetic,margin_drop,oat:sign_alpha=0.0,sign_alpha,0.0,high,high,763
synthetic_normal,synthetic,margin_drop,oat:sign_alpha=0.01,sign_alpha,0.01,unreliable,unreliable,2019
synthetic_normal,synthetic,margin_drop,oat:sign_alpha=0.01,sign_alpha,0.01,unreliable,low,0
synthetic_normal,synthetic,margin_drop,oat:sign_alpha=0.01,sign_alpha,0.01,unreliable,moderate,0
synthetic_normal,synthetic,margin_drop,oat:sign_alpha=0.01,sign_alpha,0.01,unreliable,high,0
synthetic_normal,synthetic,margin_drop,oat:sign_alpha=0.01,sign_alpha,0.01,low,unreliable,9
synthetic_normal,synthetic,margin_drop,oat:sign_alpha=0.01,sign_alpha,0.01,low,low,409
synthetic_normal,synthetic,margin_drop,oat:sign_alpha=0.01,sign_alpha,0.01,low,moderate,0
synthetic_normal,synthetic,margin_drop,oat:sign_alpha=0.01,sign_alpha,0.01,low,high,0
synthetic_normal,synthetic,margin_drop,oat:sign_alpha=0.01,sign_alpha,0.01,moderate,unreliable,0
synthetic_normal,synthetic,margin_drop,oat:sign_alpha=0.01,sign_alpha,0.01,moderate,low,0
synthetic_normal,synthetic,margin_drop,oat:sign_alpha=0.01,sign_alpha,0.01,moderate,moderate,0
synthetic_normal,synthetic,margin_drop,oat:sign_alpha=0.01,sign_alpha,0.01,moderate,high,0
synthetic_normal,synthetic,margin_drop,oat:sign_alpha=0.01,sign_alpha,0.01,high,unreliable,14
synthetic_normal,synthetic,margin_drop,oat:sign_alpha=0.01,sign_alpha,0.01,high,low,0
synthetic_normal,synthetic,margin_drop,oat:sign_alpha=0.01,sign_alpha,0.01,high,moderate,0
synthetic_normal,synthetic,margin_drop,oat:sign_alpha=0.01,sign_alpha,0.01,high,high,749
synthetic_normal,synthetic,margin_drop,oat:sign_alpha=0.05,sign_alpha,0.05,unreliable,unreliable,2019
synthetic_normal,synthetic,margin_drop,oat:sign_alpha=0.05,sign_alpha,0.05,unreliable,low,0
synthetic_normal,synthetic,margin_drop,oat:sign_alpha=0.05,sign_alpha,0.05,unreliable,moderate,0
synthetic_normal,synthetic,margin_drop,oat:sign_alpha=0.05,sign_alpha,0.05,unreliable,high,0
synthetic_normal,synthetic,margin_drop,oat:sign_alpha=0.05,sign_alpha,0.05,low,unreliable,36
synthetic_normal,synthetic,margin_drop,oat:sign_alpha=0.05,sign_alpha,0.05,low,low,382
synthetic_normal,synthetic,margin_drop,oat:sign_alpha=0.05,sign_alpha,0.05,low,moderate,0
synthetic_normal,synthetic,margin_drop,oat:sign_alpha=0.05,sign_alpha,0.05,low,high,0
synthetic_normal,synthetic,margin_drop,oat:sign_alpha=0.05,sign_alpha,0.05,moderate,unreliable,0
synthetic_normal,synthetic,margin_drop,oat:sign_alpha=0.05,sign_alpha,0.05,moderate,low,0
synthetic_normal,synthetic,margin_drop,oat:sign_alpha=0.05,sign_alpha,0.05,moderate,moderate,0
synthetic_normal,synthetic,margin_drop,oat:sign_alpha=0.05,sign_alpha,0.05,moderate,high,0
synthetic_normal,synthetic,margin_drop,oat:sign_alpha=0.05,sign_alpha,0.05,high,unreliable,46
synthetic_normal,synthetic,margin_drop,oat:sign_alpha=0.05,sign_alpha,0.05,high,low,0
synthetic_normal,synthetic,margin_drop,oat:sign_alpha=0.05,sign_alpha,0.05,high,moderate,0
synthetic_normal,synthetic,margin_drop,oat:sign_alpha=0.05,sign_alpha,0.05,high,high,717
synthetic_normal,synthetic,margin_drop,oat:sign_alpha=0.1,sign_alpha,0.1,unreliable,unreliable,2019
synthetic_normal,synthetic,margin_drop,oat:sign_alpha=0.1,sign_alpha,0.1,unreliable,low,0
synthetic_normal,synthetic,margin_drop,oat:sign_alpha=0.1,sign_alpha,0.1,unreliable,moderate,0
synthetic_normal,synthetic,margin_drop,oat:sign_alpha=0.1,sign_alpha,0.1,unreliable,high,0
synthetic_normal,synthetic,margin_drop,oat:sign_alpha=0.1,sign_alpha,0.1,low,unreliable,61
synthetic_normal,synthetic,margin_drop,oat:sign_alpha=0.1,sign_alpha,0.1,low,low,357
synthetic_normal,synthetic,margin_drop,oat:sign_alpha=0.1,sign_alpha,0.1,low,moderate,0
synthetic_normal,synthetic,margin_drop,oat:sign_alpha=0.1,sign_alpha,0.1,low,high,0
synthetic_normal,synthetic,margin_drop,oat:sign_alpha=0.1,sign_alpha,0.1,moderate,unreliable,0
synthetic_normal,synthetic,margin_drop,oat:sign_alpha=0.1,sign_alpha,0.1,moderate,low,0
synthetic_normal,synthetic,margin_drop,oat:sign_alpha=0.1,sign_alpha,0.1,moderate,moderate,0
synthetic_normal,synthetic,margin_drop,oat:sign_alpha=0.1,sign_alpha,0.1,moderate,high,0
synthetic_normal,synthetic,margin_drop,oat:sign_alpha=0.1,sign_alpha,0.1,high,unreliable,86
synthetic_normal,synthetic,margin_drop,oat:sign_alpha=0.1,sign_alpha,0.1,high,low,0
synthetic_normal,synthetic,margin_drop,oat:sign_alpha=0.1,sign_alpha,0.1,high,moderate,0
synthetic_normal,synthetic,margin_drop,oat:sign_alpha=0.1,sign_alpha,0.1,high,high,677
synthetic_normal,synthetic,margin_drop,oat:sign_alpha=0.25,sign_alpha,0.25,unreliable,unreliable,2017
synthetic_normal,synthetic,margin_drop,oat:sign_alpha=0.25,sign_alpha,0.25,unreliable,low,1
synthetic_normal,synthetic,margin_drop,oat:sign_alpha=0.25,sign_alpha,0.25,unreliable,moderate,0
synthetic_normal,synthetic,margin_drop,oat:sign_alpha=0.25,sign_alpha,0.25,unreliable,high,1
synthetic_normal,synthetic,margin_drop,oat:sign_alpha=0.25,sign_alpha,0.25,low,unreliable,150
synthetic_normal,synthetic,margin_drop,oat:sign_alpha=0.25,sign_alpha,0.25,low,low,268
synthetic_normal,synthetic,margin_drop,oat:sign_alpha=0.25,sign_alpha,0.25,low,moderate,0
synthetic_normal,synthetic,margin_drop,oat:sign_alpha=0.25,sign_alpha,0.25,low,high,0
synthetic_normal,synthetic,margin_drop,oat:sign_alpha=0.25,sign_alpha,0.25,moderate,unreliable,0
synthetic_normal,synthetic,margin_drop,oat:sign_alpha=0.25,sign_alpha,0.25,moderate,low,0
synthetic_normal,synthetic,margin_drop,oat:sign_alpha=0.25,sign_alpha,0.25,moderate,moderate,0
synthetic_normal,synthetic,margin_drop,oat:sign_alpha=0.25,sign_alpha,0.25,moderate,high,0
synthetic_normal,synthetic,margin_drop,oat:sign_alpha=0.25,sign_alpha,0.25,high,unreliable,216
synthetic_normal,synthetic,margin_drop,oat:sign_alpha=0.25,sign_alpha,0.25,high,low,0
synthetic_normal,synthetic,margin_drop,oat:sign_alpha=0.25,sign_alpha,0.25,high,moderate,0
synthetic_normal,synthetic,margin_drop,oat:sign_alpha=0.25,sign_alpha,0.25,high,high,547
synthetic_normal,synthetic,margin_drop,oat:min_multi_strategy=2,min_multi_strategy,2,unreliable,unreliable,2019
synthetic_normal,synthetic,margin_drop,oat:min_multi_strategy=2,min_multi_strategy,2,unreliable,low,0
synthetic_normal,synthetic,margin_drop,oat:min_multi_strategy=2,min_multi_strategy,2,unreliable,moderate,0
synthetic_normal,synthetic,margin_drop,oat:min_multi_strategy=2,min_multi_strategy,2,unreliable,high,0
synthetic_normal,synthetic,margin_drop,oat:min_multi_strategy=2,min_multi_strategy,2,low,unreliable,0
synthetic_normal,synthetic,margin_drop,oat:min_multi_strategy=2,min_multi_strategy,2,low,low,418
synthetic_normal,synthetic,margin_drop,oat:min_multi_strategy=2,min_multi_strategy,2,low,moderate,0
synthetic_normal,synthetic,margin_drop,oat:min_multi_strategy=2,min_multi_strategy,2,low,high,0
synthetic_normal,synthetic,margin_drop,oat:min_multi_strategy=2,min_multi_strategy,2,moderate,unreliable,0
synthetic_normal,synthetic,margin_drop,oat:min_multi_strategy=2,min_multi_strategy,2,moderate,low,0
synthetic_normal,synthetic,margin_drop,oat:min_multi_strategy=2,min_multi_strategy,2,moderate,moderate,0
synthetic_normal,synthetic,margin_drop,oat:min_multi_strategy=2,min_multi_strategy,2,moderate,high,0
synthetic_normal,synthetic,margin_drop,oat:min_multi_strategy=2,min_multi_strategy,2,high,unreliable,0
synthetic_normal,synthetic,margin_drop,oat:min_multi_strategy=2,min_multi_strategy,2,high,low,0
synthetic_normal,synthetic,margin_drop,oat:min_multi_strategy=2,min_multi_strategy,2,high,moderate,0
synthetic_normal,synthetic,margin_drop,oat:min_multi_strategy=2,min_multi_strategy,2,high,high,763
synthetic_normal,synthetic,margin_drop,oat:min_multi_strategy=3,min_multi_strategy,3,unreliable,unreliable,2019
synthetic_normal,synthetic,margin_drop,oat:min_multi_strategy=3,min_multi_strategy,3,unreliable,low,0
synthetic_normal,synthetic,margin_drop,oat:min_multi_strategy=3,min_multi_strategy,3,unreliable,moderate,0
synthetic_normal,synthetic,margin_drop,oat:min_multi_strategy=3,min_multi_strategy,3,unreliable,high,0
synthetic_normal,synthetic,margin_drop,oat:min_multi_strategy=3,min_multi_strategy,3,low,unreliable,0
synthetic_normal,synthetic,margin_drop,oat:min_multi_strategy=3,min_multi_strategy,3,low,low,418
synthetic_normal,synthetic,margin_drop,oat:min_multi_strategy=3,min_multi_strategy,3,low,moderate,0
synthetic_normal,synthetic,margin_drop,oat:min_multi_strategy=3,min_multi_strategy,3,low,high,0
synthetic_normal,synthetic,margin_drop,oat:min_multi_strategy=3,min_multi_strategy,3,moderate,unreliable,0
synthetic_normal,synthetic,margin_drop,oat:min_multi_strategy=3,min_multi_strategy,3,moderate,low,0
synthetic_normal,synthetic,margin_drop,oat:min_multi_strategy=3,min_multi_strategy,3,moderate,moderate,0
synthetic_normal,synthetic,margin_drop,oat:min_multi_strategy=3,min_multi_strategy,3,moderate,high,0
synthetic_normal,synthetic,margin_drop,oat:min_multi_strategy=3,min_multi_strategy,3,high,unreliable,0
synthetic_normal,synthetic,margin_drop,oat:min_multi_strategy=3,min_multi_strategy,3,high,low,0
synthetic_normal,synthetic,margin_drop,oat:min_multi_strategy=3,min_multi_strategy,3,high,moderate,0
synthetic_normal,synthetic,margin_drop,oat:min_multi_strategy=3,min_multi_strategy,3,high,high,763
synthetic_normal,synthetic,margin_drop,oat:min_multi_strategy=4,min_multi_strategy,4,unreliable,unreliable,2019
synthetic_normal,synthetic,margin_drop,oat:min_multi_strategy=4,min_multi_strategy,4,unreliable,low,0
synthetic_normal,synthetic,margin_drop,oat:min_multi_strategy=4,min_multi_strategy,4,unreliable,moderate,0
synthetic_normal,synthetic,margin_drop,oat:min_multi_strategy=4,min_multi_strategy,4,unreliable,high,0
synthetic_normal,synthetic,margin_drop,oat:min_multi_strategy=4,min_multi_strategy,4,low,unreliable,0
synthetic_normal,synthetic,margin_drop,oat:min_multi_strategy=4,min_multi_strategy,4,low,low,418
synthetic_normal,synthetic,margin_drop,oat:min_multi_strategy=4,min_multi_strategy,4,low,moderate,0
synthetic_normal,synthetic,margin_drop,oat:min_multi_strategy=4,min_multi_strategy,4,low,high,0
synthetic_normal,synthetic,margin_drop,oat:min_multi_strategy=4,min_multi_strategy,4,moderate,unreliable,0
synthetic_normal,synthetic,margin_drop,oat:min_multi_strategy=4,min_multi_strategy,4,moderate,low,0
synthetic_normal,synthetic,margin_drop,oat:min_multi_strategy=4,min_multi_strategy,4,moderate,moderate,0
synthetic_normal,synthetic,margin_drop,oat:min_multi_strategy=4,min_multi_strategy,4,moderate,high,0
synthetic_normal,synthetic,margin_drop,oat:min_multi_strategy=4,min_multi_strategy,4,high,unreliable,0
synthetic_normal,synthetic,margin_drop,oat:min_multi_strategy=4,min_multi_strategy,4,high,low,0
synthetic_normal,synthetic,margin_drop,oat:min_multi_strategy=4,min_multi_strategy,4,high,moderate,0
synthetic_normal,synthetic,margin_drop,oat:min_multi_strategy=4,min_multi_strategy,4,high,high,763
synthetic_normal,synthetic,margin_drop,oat:min_multi_strategy=5,min_multi_strategy,5,unreliable,unreliable,2019
synthetic_normal,synthetic,margin_drop,oat:min_multi_strategy=5,min_multi_strategy,5,unreliable,low,0
synthetic_normal,synthetic,margin_drop,oat:min_multi_strategy=5,min_multi_strategy,5,unreliable,moderate,0
synthetic_normal,synthetic,margin_drop,oat:min_multi_strategy=5,min_multi_strategy,5,unreliable,high,0
synthetic_normal,synthetic,margin_drop,oat:min_multi_strategy=5,min_multi_strategy,5,low,unreliable,0
synthetic_normal,synthetic,margin_drop,oat:min_multi_strategy=5,min_multi_strategy,5,low,low,418
synthetic_normal,synthetic,margin_drop,oat:min_multi_strategy=5,min_multi_strategy,5,low,moderate,0
synthetic_normal,synthetic,margin_drop,oat:min_multi_strategy=5,min_multi_strategy,5,low,high,0
synthetic_normal,synthetic,margin_drop,oat:min_multi_strategy=5,min_multi_strategy,5,moderate,unreliable,0
synthetic_normal,synthetic,margin_drop,oat:min_multi_strategy=5,min_multi_strategy,5,moderate,low,0
synthetic_normal,synthetic,margin_drop,oat:min_multi_strategy=5,min_multi_strategy,5,moderate,moderate,0
synthetic_normal,synthetic,margin_drop,oat:min_multi_strategy=5,min_multi_strategy,5,moderate,high,0
synthetic_normal,synthetic,margin_drop,oat:min_multi_strategy=5,min_multi_strategy,5,high,unreliable,0
synthetic_normal,synthetic,margin_drop,oat:min_multi_strategy=5,min_multi_strategy,5,high,low,0
synthetic_normal,synthetic,margin_drop,oat:min_multi_strategy=5,min_multi_strategy,5,high,moderate,0
synthetic_normal,synthetic,margin_drop,oat:min_multi_strategy=5,min_multi_strategy,5,high,high,763
synthetic_normal,synthetic,margin_drop,oat:ci_level=90,ci_level,90,unreliable,unreliable,2019
synthetic_normal,synthetic,margin_drop,oat:ci_level=90,ci_level,90,unreliable,low,0
synthetic_normal,synthetic,margin_drop,oat:ci_level=90,ci_level,90,unreliable,moderate,0
synthetic_normal,synthetic,margin_drop,oat:ci_level=90,ci_level,90,unreliable,high,0
synthetic_normal,synthetic,margin_drop,oat:ci_level=90,ci_level,90,low,unreliable,0
synthetic_normal,synthetic,margin_drop,oat:ci_level=90,ci_level,90,low,low,418
synthetic_normal,synthetic,margin_drop,oat:ci_level=90,ci_level,90,low,moderate,0
synthetic_normal,synthetic,margin_drop,oat:ci_level=90,ci_level,90,low,high,0
synthetic_normal,synthetic,margin_drop,oat:ci_level=90,ci_level,90,moderate,unreliable,0
synthetic_normal,synthetic,margin_drop,oat:ci_level=90,ci_level,90,moderate,low,0
synthetic_normal,synthetic,margin_drop,oat:ci_level=90,ci_level,90,moderate,moderate,0
synthetic_normal,synthetic,margin_drop,oat:ci_level=90,ci_level,90,moderate,high,0
synthetic_normal,synthetic,margin_drop,oat:ci_level=90,ci_level,90,high,unreliable,0
synthetic_normal,synthetic,margin_drop,oat:ci_level=90,ci_level,90,high,low,0
synthetic_normal,synthetic,margin_drop,oat:ci_level=90,ci_level,90,high,moderate,0
synthetic_normal,synthetic,margin_drop,oat:ci_level=90,ci_level,90,high,high,763
synthetic_normal,synthetic,margin_drop,oat:ci_level=95,ci_level,95,unreliable,unreliable,2019
synthetic_normal,synthetic,margin_drop,oat:ci_level=95,ci_level,95,unreliable,low,0
synthetic_normal,synthetic,margin_drop,oat:ci_level=95,ci_level,95,unreliable,moderate,0
synthetic_normal,synthetic,margin_drop,oat:ci_level=95,ci_level,95,unreliable,high,0
synthetic_normal,synthetic,margin_drop,oat:ci_level=95,ci_level,95,low,unreliable,0
synthetic_normal,synthetic,margin_drop,oat:ci_level=95,ci_level,95,low,low,418
synthetic_normal,synthetic,margin_drop,oat:ci_level=95,ci_level,95,low,moderate,0
synthetic_normal,synthetic,margin_drop,oat:ci_level=95,ci_level,95,low,high,0
synthetic_normal,synthetic,margin_drop,oat:ci_level=95,ci_level,95,moderate,unreliable,0
synthetic_normal,synthetic,margin_drop,oat:ci_level=95,ci_level,95,moderate,low,0
synthetic_normal,synthetic,margin_drop,oat:ci_level=95,ci_level,95,moderate,moderate,0
synthetic_normal,synthetic,margin_drop,oat:ci_level=95,ci_level,95,moderate,high,0
synthetic_normal,synthetic,margin_drop,oat:ci_level=95,ci_level,95,high,unreliable,0
synthetic_normal,synthetic,margin_drop,oat:ci_level=95,ci_level,95,high,low,0
synthetic_normal,synthetic,margin_drop,oat:ci_level=95,ci_level,95,high,moderate,0
synthetic_normal,synthetic,margin_drop,oat:ci_level=95,ci_level,95,high,high,763
synthetic_normal,synthetic,margin_drop,oat:ci_level=99,ci_level,99,unreliable,unreliable,2019
synthetic_normal,synthetic,margin_drop,oat:ci_level=99,ci_level,99,unreliable,low,0
synthetic_normal,synthetic,margin_drop,oat:ci_level=99,ci_level,99,unreliable,moderate,0
synthetic_normal,synthetic,margin_drop,oat:ci_level=99,ci_level,99,unreliable,high,0
synthetic_normal,synthetic,margin_drop,oat:ci_level=99,ci_level,99,low,unreliable,0
synthetic_normal,synthetic,margin_drop,oat:ci_level=99,ci_level,99,low,low,418
synthetic_normal,synthetic,margin_drop,oat:ci_level=99,ci_level,99,low,moderate,0
synthetic_normal,synthetic,margin_drop,oat:ci_level=99,ci_level,99,low,high,0
synthetic_normal,synthetic,margin_drop,oat:ci_level=99,ci_level,99,moderate,unreliable,0
synthetic_normal,synthetic,margin_drop,oat:ci_level=99,ci_level,99,moderate,low,0
synthetic_normal,synthetic,margin_drop,oat:ci_level=99,ci_level,99,moderate,moderate,0
synthetic_normal,synthetic,margin_drop,oat:ci_level=99,ci_level,99,moderate,high,0
synthetic_normal,synthetic,margin_drop,oat:ci_level=99,ci_level,99,high,unreliable,0
synthetic_normal,synthetic,margin_drop,oat:ci_level=99,ci_level,99,high,low,0
synthetic_normal,synthetic,margin_drop,oat:ci_level=99,ci_level,99,high,moderate,0
synthetic_normal,synthetic,margin_drop,oat:ci_level=99,ci_level,99,high,high,763
synthetic_normal,synthetic,margin_drop,oat:ci_level=999,ci_level,999,unreliable,unreliable,2019
synthetic_normal,synthetic,margin_drop,oat:ci_level=999,ci_level,999,unreliable,low,0
synthetic_normal,synthetic,margin_drop,oat:ci_level=999,ci_level,999,unreliable,moderate,0
synthetic_normal,synthetic,margin_drop,oat:ci_level=999,ci_level,999,unreliable,high,0
synthetic_normal,synthetic,margin_drop,oat:ci_level=999,ci_level,999,low,unreliable,0
synthetic_normal,synthetic,margin_drop,oat:ci_level=999,ci_level,999,low,low,418
synthetic_normal,synthetic,margin_drop,oat:ci_level=999,ci_level,999,low,moderate,0
synthetic_normal,synthetic,margin_drop,oat:ci_level=999,ci_level,999,low,high,0
synthetic_normal,synthetic,margin_drop,oat:ci_level=999,ci_level,999,moderate,unreliable,0
synthetic_normal,synthetic,margin_drop,oat:ci_level=999,ci_level,999,moderate,low,0
synthetic_normal,synthetic,margin_drop,oat:ci_level=999,ci_level,999,moderate,moderate,0
synthetic_normal,synthetic,margin_drop,oat:ci_level=999,ci_level,999,moderate,high,0
synthetic_normal,synthetic,margin_drop,oat:ci_level=999,ci_level,999,high,unreliable,0
synthetic_normal,synthetic,margin_drop,oat:ci_level=999,ci_level,999,high,low,0
synthetic_normal,synthetic,margin_drop,oat:ci_level=999,ci_level,999,high,moderate,0
synthetic_normal,synthetic,margin_drop,oat:ci_level=999,ci_level,999,high,high,763
synthetic_normal,synthetic,margin_drop,oat:ddof=0,ddof,0,unreliable,unreliable,2019
synthetic_normal,synthetic,margin_drop,oat:ddof=0,ddof,0,unreliable,low,0
synthetic_normal,synthetic,margin_drop,oat:ddof=0,ddof,0,unreliable,moderate,0
synthetic_normal,synthetic,margin_drop,oat:ddof=0,ddof,0,unreliable,high,0
synthetic_normal,synthetic,margin_drop,oat:ddof=0,ddof,0,low,unreliable,0
synthetic_normal,synthetic,margin_drop,oat:ddof=0,ddof,0,low,low,418
synthetic_normal,synthetic,margin_drop,oat:ddof=0,ddof,0,low,moderate,0
synthetic_normal,synthetic,margin_drop,oat:ddof=0,ddof,0,low,high,0
synthetic_normal,synthetic,margin_drop,oat:ddof=0,ddof,0,moderate,unreliable,0
synthetic_normal,synthetic,margin_drop,oat:ddof=0,ddof,0,moderate,low,0
synthetic_normal,synthetic,margin_drop,oat:ddof=0,ddof,0,moderate,moderate,0
synthetic_normal,synthetic,margin_drop,oat:ddof=0,ddof,0,moderate,high,0
synthetic_normal,synthetic,margin_drop,oat:ddof=0,ddof,0,high,unreliable,0
synthetic_normal,synthetic,margin_drop,oat:ddof=0,ddof,0,high,low,0
synthetic_normal,synthetic,margin_drop,oat:ddof=0,ddof,0,high,moderate,0
synthetic_normal,synthetic,margin_drop,oat:ddof=0,ddof,0,high,high,763
synthetic_normal,synthetic,margin_drop,oat:ddof=1,ddof,1,unreliable,unreliable,2019
synthetic_normal,synthetic,margin_drop,oat:ddof=1,ddof,1,unreliable,low,0
synthetic_normal,synthetic,margin_drop,oat:ddof=1,ddof,1,unreliable,moderate,0
synthetic_normal,synthetic,margin_drop,oat:ddof=1,ddof,1,unreliable,high,0
synthetic_normal,synthetic,margin_drop,oat:ddof=1,ddof,1,low,unreliable,0
synthetic_normal,synthetic,margin_drop,oat:ddof=1,ddof,1,low,low,418
synthetic_normal,synthetic,margin_drop,oat:ddof=1,ddof,1,low,moderate,0
synthetic_normal,synthetic,margin_drop,oat:ddof=1,ddof,1,low,high,0
synthetic_normal,synthetic,margin_drop,oat:ddof=1,ddof,1,moderate,unreliable,0
synthetic_normal,synthetic,margin_drop,oat:ddof=1,ddof,1,moderate,low,0
synthetic_normal,synthetic,margin_drop,oat:ddof=1,ddof,1,moderate,moderate,0
synthetic_normal,synthetic,margin_drop,oat:ddof=1,ddof,1,moderate,high,0
synthetic_normal,synthetic,margin_drop,oat:ddof=1,ddof,1,high,unreliable,0
synthetic_normal,synthetic,margin_drop,oat:ddof=1,ddof,1,high,low,71
synthetic_normal,synthetic,margin_drop,oat:ddof=1,ddof,1,high,moderate,0
synthetic_normal,synthetic,margin_drop,oat:ddof=1,ddof,1,high,high,692
synthetic_normal,synthetic,margin_drop,oat:std_floor_beta=0.0,std_floor_beta,0.0,unreliable,unreliable,2019
synthetic_normal,synthetic,margin_drop,oat:std_floor_beta=0.0,std_floor_beta,0.0,unreliable,low,0
synthetic_normal,synthetic,margin_drop,oat:std_floor_beta=0.0,std_floor_beta,0.0,unreliable,moderate,0
synthetic_normal,synthetic,margin_drop,oat:std_floor_beta=0.0,std_floor_beta,0.0,unreliable,high,0
synthetic_normal,synthetic,margin_drop,oat:std_floor_beta=0.0,std_floor_beta,0.0,low,unreliable,0
synthetic_normal,synthetic,margin_drop,oat:std_floor_beta=0.0,std_floor_beta,0.0,low,low,418
synthetic_normal,synthetic,margin_drop,oat:std_floor_beta=0.0,std_floor_beta,0.0,low,moderate,0
synthetic_normal,synthetic,margin_drop,oat:std_floor_beta=0.0,std_floor_beta,0.0,low,high,0
synthetic_normal,synthetic,margin_drop,oat:std_floor_beta=0.0,std_floor_beta,0.0,moderate,unreliable,0
synthetic_normal,synthetic,margin_drop,oat:std_floor_beta=0.0,std_floor_beta,0.0,moderate,low,0
synthetic_normal,synthetic,margin_drop,oat:std_floor_beta=0.0,std_floor_beta,0.0,moderate,moderate,0
synthetic_normal,synthetic,margin_drop,oat:std_floor_beta=0.0,std_floor_beta,0.0,moderate,high,0
synthetic_normal,synthetic,margin_drop,oat:std_floor_beta=0.0,std_floor_beta,0.0,high,unreliable,0
synthetic_normal,synthetic,margin_drop,oat:std_floor_beta=0.0,std_floor_beta,0.0,high,low,0
synthetic_normal,synthetic,margin_drop,oat:std_floor_beta=0.0,std_floor_beta,0.0,high,moderate,0
synthetic_normal,synthetic,margin_drop,oat:std_floor_beta=0.0,std_floor_beta,0.0,high,high,763
synthetic_normal,synthetic,margin_drop,oat:std_floor_beta=0.1,std_floor_beta,0.1,unreliable,unreliable,2019
synthetic_normal,synthetic,margin_drop,oat:std_floor_beta=0.1,std_floor_beta,0.1,unreliable,low,0
synthetic_normal,synthetic,margin_drop,oat:std_floor_beta=0.1,std_floor_beta,0.1,unreliable,moderate,0
synthetic_normal,synthetic,margin_drop,oat:std_floor_beta=0.1,std_floor_beta,0.1,unreliable,high,0
synthetic_normal,synthetic,margin_drop,oat:std_floor_beta=0.1,std_floor_beta,0.1,low,unreliable,0
synthetic_normal,synthetic,margin_drop,oat:std_floor_beta=0.1,std_floor_beta,0.1,low,low,418
synthetic_normal,synthetic,margin_drop,oat:std_floor_beta=0.1,std_floor_beta,0.1,low,moderate,0
synthetic_normal,synthetic,margin_drop,oat:std_floor_beta=0.1,std_floor_beta,0.1,low,high,0
synthetic_normal,synthetic,margin_drop,oat:std_floor_beta=0.1,std_floor_beta,0.1,moderate,unreliable,0
synthetic_normal,synthetic,margin_drop,oat:std_floor_beta=0.1,std_floor_beta,0.1,moderate,low,0
synthetic_normal,synthetic,margin_drop,oat:std_floor_beta=0.1,std_floor_beta,0.1,moderate,moderate,0
synthetic_normal,synthetic,margin_drop,oat:std_floor_beta=0.1,std_floor_beta,0.1,moderate,high,0
synthetic_normal,synthetic,margin_drop,oat:std_floor_beta=0.1,std_floor_beta,0.1,high,unreliable,0
synthetic_normal,synthetic,margin_drop,oat:std_floor_beta=0.1,std_floor_beta,0.1,high,low,2
synthetic_normal,synthetic,margin_drop,oat:std_floor_beta=0.1,std_floor_beta,0.1,high,moderate,0
synthetic_normal,synthetic,margin_drop,oat:std_floor_beta=0.1,std_floor_beta,0.1,high,high,761
synthetic_normal,synthetic,margin_drop,oat:std_floor_beta=0.25,std_floor_beta,0.25,unreliable,unreliable,2019
synthetic_normal,synthetic,margin_drop,oat:std_floor_beta=0.25,std_floor_beta,0.25,unreliable,low,0
synthetic_normal,synthetic,margin_drop,oat:std_floor_beta=0.25,std_floor_beta,0.25,unreliable,moderate,0
synthetic_normal,synthetic,margin_drop,oat:std_floor_beta=0.25,std_floor_beta,0.25,unreliable,high,0
synthetic_normal,synthetic,margin_drop,oat:std_floor_beta=0.25,std_floor_beta,0.25,low,unreliable,0
synthetic_normal,synthetic,margin_drop,oat:std_floor_beta=0.25,std_floor_beta,0.25,low,low,418
synthetic_normal,synthetic,margin_drop,oat:std_floor_beta=0.25,std_floor_beta,0.25,low,moderate,0
synthetic_normal,synthetic,margin_drop,oat:std_floor_beta=0.25,std_floor_beta,0.25,low,high,0
synthetic_normal,synthetic,margin_drop,oat:std_floor_beta=0.25,std_floor_beta,0.25,moderate,unreliable,0
synthetic_normal,synthetic,margin_drop,oat:std_floor_beta=0.25,std_floor_beta,0.25,moderate,low,0
synthetic_normal,synthetic,margin_drop,oat:std_floor_beta=0.25,std_floor_beta,0.25,moderate,moderate,0
synthetic_normal,synthetic,margin_drop,oat:std_floor_beta=0.25,std_floor_beta,0.25,moderate,high,0
synthetic_normal,synthetic,margin_drop,oat:std_floor_beta=0.25,std_floor_beta,0.25,high,unreliable,0
synthetic_normal,synthetic,margin_drop,oat:std_floor_beta=0.25,std_floor_beta,0.25,high,low,7
synthetic_normal,synthetic,margin_drop,oat:std_floor_beta=0.25,std_floor_beta,0.25,high,moderate,0
synthetic_normal,synthetic,margin_drop,oat:std_floor_beta=0.25,std_floor_beta,0.25,high,high,756
synthetic_normal,synthetic,margin_drop,preset:lenient,preset,lenient,unreliable,unreliable,2019
synthetic_normal,synthetic,margin_drop,preset:lenient,preset,lenient,unreliable,low,0
synthetic_normal,synthetic,margin_drop,preset:lenient,preset,lenient,unreliable,moderate,0
synthetic_normal,synthetic,margin_drop,preset:lenient,preset,lenient,unreliable,high,0
synthetic_normal,synthetic,margin_drop,preset:lenient,preset,lenient,low,unreliable,0
synthetic_normal,synthetic,margin_drop,preset:lenient,preset,lenient,low,low,376
synthetic_normal,synthetic,margin_drop,preset:lenient,preset,lenient,low,moderate,0
synthetic_normal,synthetic,margin_drop,preset:lenient,preset,lenient,low,high,42
synthetic_normal,synthetic,margin_drop,preset:lenient,preset,lenient,moderate,unreliable,0
synthetic_normal,synthetic,margin_drop,preset:lenient,preset,lenient,moderate,low,0
synthetic_normal,synthetic,margin_drop,preset:lenient,preset,lenient,moderate,moderate,0
synthetic_normal,synthetic,margin_drop,preset:lenient,preset,lenient,moderate,high,0
synthetic_normal,synthetic,margin_drop,preset:lenient,preset,lenient,high,unreliable,0
synthetic_normal,synthetic,margin_drop,preset:lenient,preset,lenient,high,low,0
synthetic_normal,synthetic,margin_drop,preset:lenient,preset,lenient,high,moderate,0
synthetic_normal,synthetic,margin_drop,preset:lenient,preset,lenient,high,high,763
synthetic_normal,synthetic,margin_drop,preset:conservative,preset,conservative,unreliable,unreliable,2019
synthetic_normal,synthetic,margin_drop,preset:conservative,preset,conservative,unreliable,low,0
synthetic_normal,synthetic,margin_drop,preset:conservative,preset,conservative,unreliable,moderate,0
synthetic_normal,synthetic,margin_drop,preset:conservative,preset,conservative,unreliable,high,0
synthetic_normal,synthetic,margin_drop,preset:conservative,preset,conservative,low,unreliable,36
synthetic_normal,synthetic,margin_drop,preset:conservative,preset,conservative,low,low,382
synthetic_normal,synthetic,margin_drop,preset:conservative,preset,conservative,low,moderate,0
synthetic_normal,synthetic,margin_drop,preset:conservative,preset,conservative,low,high,0
synthetic_normal,synthetic,margin_drop,preset:conservative,preset,conservative,moderate,unreliable,0
synthetic_normal,synthetic,margin_drop,preset:conservative,preset,conservative,moderate,low,0
synthetic_normal,synthetic,margin_drop,preset:conservative,preset,conservative,moderate,moderate,0
synthetic_normal,synthetic,margin_drop,preset:conservative,preset,conservative,moderate,high,0
synthetic_normal,synthetic,margin_drop,preset:conservative,preset,conservative,high,unreliable,46
synthetic_normal,synthetic,margin_drop,preset:conservative,preset,conservative,high,low,145
synthetic_normal,synthetic,margin_drop,preset:conservative,preset,conservative,high,moderate,0
synthetic_normal,synthetic,margin_drop,preset:conservative,preset,conservative,high,high,572
synthetic_normal,synthetic,margin_drop,alt:zero_abstain:sign_alpha=0.01,zero_abstain_alpha,0.01,unreliable,unreliable,1998
synthetic_normal,synthetic,margin_drop,alt:zero_abstain:sign_alpha=0.01,zero_abstain_alpha,0.01,unreliable,low,3
synthetic_normal,synthetic,margin_drop,alt:zero_abstain:sign_alpha=0.01,zero_abstain_alpha,0.01,unreliable,moderate,0
synthetic_normal,synthetic,margin_drop,alt:zero_abstain:sign_alpha=0.01,zero_abstain_alpha,0.01,unreliable,high,18
synthetic_normal,synthetic,margin_drop,alt:zero_abstain:sign_alpha=0.01,zero_abstain_alpha,0.01,low,unreliable,0
synthetic_normal,synthetic,margin_drop,alt:zero_abstain:sign_alpha=0.01,zero_abstain_alpha,0.01,low,low,418
synthetic_normal,synthetic,margin_drop,alt:zero_abstain:sign_alpha=0.01,zero_abstain_alpha,0.01,low,moderate,0
synthetic_normal,synthetic,margin_drop,alt:zero_abstain:sign_alpha=0.01,zero_abstain_alpha,0.01,low,high,0
synthetic_normal,synthetic,margin_drop,alt:zero_abstain:sign_alpha=0.01,zero_abstain_alpha,0.01,moderate,unreliable,0
synthetic_normal,synthetic,margin_drop,alt:zero_abstain:sign_alpha=0.01,zero_abstain_alpha,0.01,moderate,low,0
synthetic_normal,synthetic,margin_drop,alt:zero_abstain:sign_alpha=0.01,zero_abstain_alpha,0.01,moderate,moderate,0
synthetic_normal,synthetic,margin_drop,alt:zero_abstain:sign_alpha=0.01,zero_abstain_alpha,0.01,moderate,high,0
synthetic_normal,synthetic,margin_drop,alt:zero_abstain:sign_alpha=0.01,zero_abstain_alpha,0.01,high,unreliable,0
synthetic_normal,synthetic,margin_drop,alt:zero_abstain:sign_alpha=0.01,zero_abstain_alpha,0.01,high,low,0
synthetic_normal,synthetic,margin_drop,alt:zero_abstain:sign_alpha=0.01,zero_abstain_alpha,0.01,high,moderate,0
synthetic_normal,synthetic,margin_drop,alt:zero_abstain:sign_alpha=0.01,zero_abstain_alpha,0.01,high,high,763
synthetic_normal,synthetic,margin_drop,alt:zero_abstain:sign_alpha=0.05,zero_abstain_alpha,0.05,unreliable,unreliable,1938
synthetic_normal,synthetic,margin_drop,alt:zero_abstain:sign_alpha=0.05,zero_abstain_alpha,0.05,unreliable,low,28
synthetic_normal,synthetic,margin_drop,alt:zero_abstain:sign_alpha=0.05,zero_abstain_alpha,0.05,unreliable,moderate,0
synthetic_normal,synthetic,margin_drop,alt:zero_abstain:sign_alpha=0.05,zero_abstain_alpha,0.05,unreliable,high,53
synthetic_normal,synthetic,margin_drop,alt:zero_abstain:sign_alpha=0.05,zero_abstain_alpha,0.05,low,unreliable,0
synthetic_normal,synthetic,margin_drop,alt:zero_abstain:sign_alpha=0.05,zero_abstain_alpha,0.05,low,low,418
synthetic_normal,synthetic,margin_drop,alt:zero_abstain:sign_alpha=0.05,zero_abstain_alpha,0.05,low,moderate,0
synthetic_normal,synthetic,margin_drop,alt:zero_abstain:sign_alpha=0.05,zero_abstain_alpha,0.05,low,high,0
synthetic_normal,synthetic,margin_drop,alt:zero_abstain:sign_alpha=0.05,zero_abstain_alpha,0.05,moderate,unreliable,0
synthetic_normal,synthetic,margin_drop,alt:zero_abstain:sign_alpha=0.05,zero_abstain_alpha,0.05,moderate,low,0
synthetic_normal,synthetic,margin_drop,alt:zero_abstain:sign_alpha=0.05,zero_abstain_alpha,0.05,moderate,moderate,0
synthetic_normal,synthetic,margin_drop,alt:zero_abstain:sign_alpha=0.05,zero_abstain_alpha,0.05,moderate,high,0
synthetic_normal,synthetic,margin_drop,alt:zero_abstain:sign_alpha=0.05,zero_abstain_alpha,0.05,high,unreliable,0
synthetic_normal,synthetic,margin_drop,alt:zero_abstain:sign_alpha=0.05,zero_abstain_alpha,0.05,high,low,0
synthetic_normal,synthetic,margin_drop,alt:zero_abstain:sign_alpha=0.05,zero_abstain_alpha,0.05,high,moderate,0
synthetic_normal,synthetic,margin_drop,alt:zero_abstain:sign_alpha=0.05,zero_abstain_alpha,0.05,high,high,763
synthetic_normal,synthetic,margin_drop,alt:zero_abstain:sign_alpha=0.1,zero_abstain_alpha,0.1,unreliable,unreliable,1850
synthetic_normal,synthetic,margin_drop,alt:zero_abstain:sign_alpha=0.1,zero_abstain_alpha,0.1,unreliable,low,66
synthetic_normal,synthetic,margin_drop,alt:zero_abstain:sign_alpha=0.1,zero_abstain_alpha,0.1,unreliable,moderate,0
synthetic_normal,synthetic,margin_drop,alt:zero_abstain:sign_alpha=0.1,zero_abstain_alpha,0.1,unreliable,high,103
synthetic_normal,synthetic,margin_drop,alt:zero_abstain:sign_alpha=0.1,zero_abstain_alpha,0.1,low,unreliable,0
synthetic_normal,synthetic,margin_drop,alt:zero_abstain:sign_alpha=0.1,zero_abstain_alpha,0.1,low,low,418
synthetic_normal,synthetic,margin_drop,alt:zero_abstain:sign_alpha=0.1,zero_abstain_alpha,0.1,low,moderate,0
synthetic_normal,synthetic,margin_drop,alt:zero_abstain:sign_alpha=0.1,zero_abstain_alpha,0.1,low,high,0
synthetic_normal,synthetic,margin_drop,alt:zero_abstain:sign_alpha=0.1,zero_abstain_alpha,0.1,moderate,unreliable,0
synthetic_normal,synthetic,margin_drop,alt:zero_abstain:sign_alpha=0.1,zero_abstain_alpha,0.1,moderate,low,0
synthetic_normal,synthetic,margin_drop,alt:zero_abstain:sign_alpha=0.1,zero_abstain_alpha,0.1,moderate,moderate,0
synthetic_normal,synthetic,margin_drop,alt:zero_abstain:sign_alpha=0.1,zero_abstain_alpha,0.1,moderate,high,0
synthetic_normal,synthetic,margin_drop,alt:zero_abstain:sign_alpha=0.1,zero_abstain_alpha,0.1,high,unreliable,0
synthetic_normal,synthetic,margin_drop,alt:zero_abstain:sign_alpha=0.1,zero_abstain_alpha,0.1,high,low,0
synthetic_normal,synthetic,margin_drop,alt:zero_abstain:sign_alpha=0.1,zero_abstain_alpha,0.1,high,moderate,0
synthetic_normal,synthetic,margin_drop,alt:zero_abstain:sign_alpha=0.1,zero_abstain_alpha,0.1,high,high,763
synthetic_normal,synthetic,margin_drop,alt:zero_abstain:sign_alpha=0.25,zero_abstain_alpha,0.25,unreliable,unreliable,1611
synthetic_normal,synthetic,margin_drop,alt:zero_abstain:sign_alpha=0.25,zero_abstain_alpha,0.25,unreliable,low,181
synthetic_normal,synthetic,margin_drop,alt:zero_abstain:sign_alpha=0.25,zero_abstain_alpha,0.25,unreliable,moderate,0
synthetic_normal,synthetic,margin_drop,alt:zero_abstain:sign_alpha=0.25,zero_abstain_alpha,0.25,unreliable,high,227
synthetic_normal,synthetic,margin_drop,alt:zero_abstain:sign_alpha=0.25,zero_abstain_alpha,0.25,low,unreliable,0
synthetic_normal,synthetic,margin_drop,alt:zero_abstain:sign_alpha=0.25,zero_abstain_alpha,0.25,low,low,418
synthetic_normal,synthetic,margin_drop,alt:zero_abstain:sign_alpha=0.25,zero_abstain_alpha,0.25,low,moderate,0
synthetic_normal,synthetic,margin_drop,alt:zero_abstain:sign_alpha=0.25,zero_abstain_alpha,0.25,low,high,0
synthetic_normal,synthetic,margin_drop,alt:zero_abstain:sign_alpha=0.25,zero_abstain_alpha,0.25,moderate,unreliable,0
synthetic_normal,synthetic,margin_drop,alt:zero_abstain:sign_alpha=0.25,zero_abstain_alpha,0.25,moderate,low,0
synthetic_normal,synthetic,margin_drop,alt:zero_abstain:sign_alpha=0.25,zero_abstain_alpha,0.25,moderate,moderate,0
synthetic_normal,synthetic,margin_drop,alt:zero_abstain:sign_alpha=0.25,zero_abstain_alpha,0.25,moderate,high,0
synthetic_normal,synthetic,margin_drop,alt:zero_abstain:sign_alpha=0.25,zero_abstain_alpha,0.25,high,unreliable,0
synthetic_normal,synthetic,margin_drop,alt:zero_abstain:sign_alpha=0.25,zero_abstain_alpha,0.25,high,low,1
synthetic_normal,synthetic,margin_drop,alt:zero_abstain:sign_alpha=0.25,zero_abstain_alpha,0.25,high,moderate,0
synthetic_normal,synthetic,margin_drop,alt:zero_abstain:sign_alpha=0.25,zero_abstain_alpha,0.25,high,high,762
imagenet_mnv2_050_exact_k3,imagenet,margin_drop,default,default,,unreliable,unreliable,94447
imagenet_mnv2_050_exact_k3,imagenet,margin_drop,default,default,,unreliable,low,0
imagenet_mnv2_050_exact_k3,imagenet,margin_drop,default,default,,unreliable,moderate,0
imagenet_mnv2_050_exact_k3,imagenet,margin_drop,default,default,,unreliable,high,0
imagenet_mnv2_050_exact_k3,imagenet,margin_drop,default,default,,low,unreliable,0
imagenet_mnv2_050_exact_k3,imagenet,margin_drop,default,default,,low,low,42698
imagenet_mnv2_050_exact_k3,imagenet,margin_drop,default,default,,low,moderate,0
imagenet_mnv2_050_exact_k3,imagenet,margin_drop,default,default,,low,high,0
imagenet_mnv2_050_exact_k3,imagenet,margin_drop,default,default,,moderate,unreliable,0
imagenet_mnv2_050_exact_k3,imagenet,margin_drop,default,default,,moderate,low,0
imagenet_mnv2_050_exact_k3,imagenet,margin_drop,default,default,,moderate,moderate,0
imagenet_mnv2_050_exact_k3,imagenet,margin_drop,default,default,,moderate,high,0
imagenet_mnv2_050_exact_k3,imagenet,margin_drop,default,default,,high,unreliable,0
imagenet_mnv2_050_exact_k3,imagenet,margin_drop,default,default,,high,low,0
imagenet_mnv2_050_exact_k3,imagenet,margin_drop,default,default,,high,moderate,0
imagenet_mnv2_050_exact_k3,imagenet,margin_drop,default,default,,high,high,22855
imagenet_mnv2_050_exact_k3,imagenet,margin_drop,oat:z_threshold=1.0,z_threshold,1.0,unreliable,unreliable,94447
imagenet_mnv2_050_exact_k3,imagenet,margin_drop,oat:z_threshold=1.0,z_threshold,1.0,unreliable,low,0
imagenet_mnv2_050_exact_k3,imagenet,margin_drop,oat:z_threshold=1.0,z_threshold,1.0,unreliable,moderate,0
imagenet_mnv2_050_exact_k3,imagenet,margin_drop,oat:z_threshold=1.0,z_threshold,1.0,unreliable,high,0
imagenet_mnv2_050_exact_k3,imagenet,margin_drop,oat:z_threshold=1.0,z_threshold,1.0,low,unreliable,0
imagenet_mnv2_050_exact_k3,imagenet,margin_drop,oat:z_threshold=1.0,z_threshold,1.0,low,low,31752
imagenet_mnv2_050_exact_k3,imagenet,margin_drop,oat:z_threshold=1.0,z_threshold,1.0,low,moderate,0
imagenet_mnv2_050_exact_k3,imagenet,margin_drop,oat:z_threshold=1.0,z_threshold,1.0,low,high,10946
imagenet_mnv2_050_exact_k3,imagenet,margin_drop,oat:z_threshold=1.0,z_threshold,1.0,moderate,unreliable,0
imagenet_mnv2_050_exact_k3,imagenet,margin_drop,oat:z_threshold=1.0,z_threshold,1.0,moderate,low,0
imagenet_mnv2_050_exact_k3,imagenet,margin_drop,oat:z_threshold=1.0,z_threshold,1.0,moderate,moderate,0
imagenet_mnv2_050_exact_k3,imagenet,margin_drop,oat:z_threshold=1.0,z_threshold,1.0,moderate,high,0
imagenet_mnv2_050_exact_k3,imagenet,margin_drop,oat:z_threshold=1.0,z_threshold,1.0,high,unreliable,0
imagenet_mnv2_050_exact_k3,imagenet,margin_drop,oat:z_threshold=1.0,z_threshold,1.0,high,low,0
imagenet_mnv2_050_exact_k3,imagenet,margin_drop,oat:z_threshold=1.0,z_threshold,1.0,high,moderate,0
imagenet_mnv2_050_exact_k3,imagenet,margin_drop,oat:z_threshold=1.0,z_threshold,1.0,high,high,22855
imagenet_mnv2_050_exact_k3,imagenet,margin_drop,oat:z_threshold=1.5,z_threshold,1.5,unreliable,unreliable,94447
imagenet_mnv2_050_exact_k3,imagenet,margin_drop,oat:z_threshold=1.5,z_threshold,1.5,unreliable,low,0
imagenet_mnv2_050_exact_k3,imagenet,margin_drop,oat:z_threshold=1.5,z_threshold,1.5,unreliable,moderate,0
imagenet_mnv2_050_exact_k3,imagenet,margin_drop,oat:z_threshold=1.5,z_threshold,1.5,unreliable,high,0
imagenet_mnv2_050_exact_k3,imagenet,margin_drop,oat:z_threshold=1.5,z_threshold,1.5,low,unreliable,0
imagenet_mnv2_050_exact_k3,imagenet,margin_drop,oat:z_threshold=1.5,z_threshold,1.5,low,low,37919
imagenet_mnv2_050_exact_k3,imagenet,margin_drop,oat:z_threshold=1.5,z_threshold,1.5,low,moderate,0
imagenet_mnv2_050_exact_k3,imagenet,margin_drop,oat:z_threshold=1.5,z_threshold,1.5,low,high,4779
imagenet_mnv2_050_exact_k3,imagenet,margin_drop,oat:z_threshold=1.5,z_threshold,1.5,moderate,unreliable,0
imagenet_mnv2_050_exact_k3,imagenet,margin_drop,oat:z_threshold=1.5,z_threshold,1.5,moderate,low,0
imagenet_mnv2_050_exact_k3,imagenet,margin_drop,oat:z_threshold=1.5,z_threshold,1.5,moderate,moderate,0
imagenet_mnv2_050_exact_k3,imagenet,margin_drop,oat:z_threshold=1.5,z_threshold,1.5,moderate,high,0
imagenet_mnv2_050_exact_k3,imagenet,margin_drop,oat:z_threshold=1.5,z_threshold,1.5,high,unreliable,0
imagenet_mnv2_050_exact_k3,imagenet,margin_drop,oat:z_threshold=1.5,z_threshold,1.5,high,low,0
imagenet_mnv2_050_exact_k3,imagenet,margin_drop,oat:z_threshold=1.5,z_threshold,1.5,high,moderate,0
imagenet_mnv2_050_exact_k3,imagenet,margin_drop,oat:z_threshold=1.5,z_threshold,1.5,high,high,22855
imagenet_mnv2_050_exact_k3,imagenet,margin_drop,oat:z_threshold=2.0,z_threshold,2.0,unreliable,unreliable,94447
imagenet_mnv2_050_exact_k3,imagenet,margin_drop,oat:z_threshold=2.0,z_threshold,2.0,unreliable,low,0
imagenet_mnv2_050_exact_k3,imagenet,margin_drop,oat:z_threshold=2.0,z_threshold,2.0,unreliable,moderate,0
imagenet_mnv2_050_exact_k3,imagenet,margin_drop,oat:z_threshold=2.0,z_threshold,2.0,unreliable,high,0
imagenet_mnv2_050_exact_k3,imagenet,margin_drop,oat:z_threshold=2.0,z_threshold,2.0,low,unreliable,0
imagenet_mnv2_050_exact_k3,imagenet,margin_drop,oat:z_threshold=2.0,z_threshold,2.0,low,low,42698
imagenet_mnv2_050_exact_k3,imagenet,margin_drop,oat:z_threshold=2.0,z_threshold,2.0,low,moderate,0
imagenet_mnv2_050_exact_k3,imagenet,margin_drop,oat:z_threshold=2.0,z_threshold,2.0,low,high,0
imagenet_mnv2_050_exact_k3,imagenet,margin_drop,oat:z_threshold=2.0,z_threshold,2.0,moderate,unreliable,0
imagenet_mnv2_050_exact_k3,imagenet,margin_drop,oat:z_threshold=2.0,z_threshold,2.0,moderate,low,0
imagenet_mnv2_050_exact_k3,imagenet,margin_drop,oat:z_threshold=2.0,z_threshold,2.0,moderate,moderate,0
imagenet_mnv2_050_exact_k3,imagenet,margin_drop,oat:z_threshold=2.0,z_threshold,2.0,moderate,high,0
imagenet_mnv2_050_exact_k3,imagenet,margin_drop,oat:z_threshold=2.0,z_threshold,2.0,high,unreliable,0
imagenet_mnv2_050_exact_k3,imagenet,margin_drop,oat:z_threshold=2.0,z_threshold,2.0,high,low,0
imagenet_mnv2_050_exact_k3,imagenet,margin_drop,oat:z_threshold=2.0,z_threshold,2.0,high,moderate,0
imagenet_mnv2_050_exact_k3,imagenet,margin_drop,oat:z_threshold=2.0,z_threshold,2.0,high,high,22855
imagenet_mnv2_050_exact_k3,imagenet,margin_drop,oat:z_threshold=2.5,z_threshold,2.5,unreliable,unreliable,94447
imagenet_mnv2_050_exact_k3,imagenet,margin_drop,oat:z_threshold=2.5,z_threshold,2.5,unreliable,low,0
imagenet_mnv2_050_exact_k3,imagenet,margin_drop,oat:z_threshold=2.5,z_threshold,2.5,unreliable,moderate,0
imagenet_mnv2_050_exact_k3,imagenet,margin_drop,oat:z_threshold=2.5,z_threshold,2.5,unreliable,high,0
imagenet_mnv2_050_exact_k3,imagenet,margin_drop,oat:z_threshold=2.5,z_threshold,2.5,low,unreliable,0
imagenet_mnv2_050_exact_k3,imagenet,margin_drop,oat:z_threshold=2.5,z_threshold,2.5,low,low,42698
imagenet_mnv2_050_exact_k3,imagenet,margin_drop,oat:z_threshold=2.5,z_threshold,2.5,low,moderate,0
imagenet_mnv2_050_exact_k3,imagenet,margin_drop,oat:z_threshold=2.5,z_threshold,2.5,low,high,0
imagenet_mnv2_050_exact_k3,imagenet,margin_drop,oat:z_threshold=2.5,z_threshold,2.5,moderate,unreliable,0
imagenet_mnv2_050_exact_k3,imagenet,margin_drop,oat:z_threshold=2.5,z_threshold,2.5,moderate,low,0
imagenet_mnv2_050_exact_k3,imagenet,margin_drop,oat:z_threshold=2.5,z_threshold,2.5,moderate,moderate,0
imagenet_mnv2_050_exact_k3,imagenet,margin_drop,oat:z_threshold=2.5,z_threshold,2.5,moderate,high,0
imagenet_mnv2_050_exact_k3,imagenet,margin_drop,oat:z_threshold=2.5,z_threshold,2.5,high,unreliable,0
imagenet_mnv2_050_exact_k3,imagenet,margin_drop,oat:z_threshold=2.5,z_threshold,2.5,high,low,3772
imagenet_mnv2_050_exact_k3,imagenet,margin_drop,oat:z_threshold=2.5,z_threshold,2.5,high,moderate,0
imagenet_mnv2_050_exact_k3,imagenet,margin_drop,oat:z_threshold=2.5,z_threshold,2.5,high,high,19083
imagenet_mnv2_050_exact_k3,imagenet,margin_drop,oat:z_threshold=3.0,z_threshold,3.0,unreliable,unreliable,94447
imagenet_mnv2_050_exact_k3,imagenet,margin_drop,oat:z_threshold=3.0,z_threshold,3.0,unreliable,low,0
imagenet_mnv2_050_exact_k3,imagenet,margin_drop,oat:z_threshold=3.0,z_threshold,3.0,unreliable,moderate,0
imagenet_mnv2_050_exact_k3,imagenet,margin_drop,oat:z_threshold=3.0,z_threshold,3.0,unreliable,high,0
imagenet_mnv2_050_exact_k3,imagenet,margin_drop,oat:z_threshold=3.0,z_threshold,3.0,low,unreliable,0
imagenet_mnv2_050_exact_k3,imagenet,margin_drop,oat:z_threshold=3.0,z_threshold,3.0,low,low,42698
imagenet_mnv2_050_exact_k3,imagenet,margin_drop,oat:z_threshold=3.0,z_threshold,3.0,low,moderate,0
imagenet_mnv2_050_exact_k3,imagenet,margin_drop,oat:z_threshold=3.0,z_threshold,3.0,low,high,0
imagenet_mnv2_050_exact_k3,imagenet,margin_drop,oat:z_threshold=3.0,z_threshold,3.0,moderate,unreliable,0
imagenet_mnv2_050_exact_k3,imagenet,margin_drop,oat:z_threshold=3.0,z_threshold,3.0,moderate,low,0
imagenet_mnv2_050_exact_k3,imagenet,margin_drop,oat:z_threshold=3.0,z_threshold,3.0,moderate,moderate,0
imagenet_mnv2_050_exact_k3,imagenet,margin_drop,oat:z_threshold=3.0,z_threshold,3.0,moderate,high,0
imagenet_mnv2_050_exact_k3,imagenet,margin_drop,oat:z_threshold=3.0,z_threshold,3.0,high,unreliable,0
imagenet_mnv2_050_exact_k3,imagenet,margin_drop,oat:z_threshold=3.0,z_threshold,3.0,high,low,6763
imagenet_mnv2_050_exact_k3,imagenet,margin_drop,oat:z_threshold=3.0,z_threshold,3.0,high,moderate,0
imagenet_mnv2_050_exact_k3,imagenet,margin_drop,oat:z_threshold=3.0,z_threshold,3.0,high,high,16092
imagenet_mnv2_050_exact_k3,imagenet,margin_drop,oat:z_threshold=4.0,z_threshold,4.0,unreliable,unreliable,94447
imagenet_mnv2_050_exact_k3,imagenet,margin_drop,oat:z_threshold=4.0,z_threshold,4.0,unreliable,low,0
imagenet_mnv2_050_exact_k3,imagenet,margin_drop,oat:z_threshold=4.0,z_threshold,4.0,unreliable,moderate,0
imagenet_mnv2_050_exact_k3,imagenet,margin_drop,oat:z_threshold=4.0,z_threshold,4.0,unreliable,high,0
imagenet_mnv2_050_exact_k3,imagenet,margin_drop,oat:z_threshold=4.0,z_threshold,4.0,low,unreliable,0
imagenet_mnv2_050_exact_k3,imagenet,margin_drop,oat:z_threshold=4.0,z_threshold,4.0,low,low,42698
imagenet_mnv2_050_exact_k3,imagenet,margin_drop,oat:z_threshold=4.0,z_threshold,4.0,low,moderate,0
imagenet_mnv2_050_exact_k3,imagenet,margin_drop,oat:z_threshold=4.0,z_threshold,4.0,low,high,0
imagenet_mnv2_050_exact_k3,imagenet,margin_drop,oat:z_threshold=4.0,z_threshold,4.0,moderate,unreliable,0
imagenet_mnv2_050_exact_k3,imagenet,margin_drop,oat:z_threshold=4.0,z_threshold,4.0,moderate,low,0
imagenet_mnv2_050_exact_k3,imagenet,margin_drop,oat:z_threshold=4.0,z_threshold,4.0,moderate,moderate,0
imagenet_mnv2_050_exact_k3,imagenet,margin_drop,oat:z_threshold=4.0,z_threshold,4.0,moderate,high,0
imagenet_mnv2_050_exact_k3,imagenet,margin_drop,oat:z_threshold=4.0,z_threshold,4.0,high,unreliable,0
imagenet_mnv2_050_exact_k3,imagenet,margin_drop,oat:z_threshold=4.0,z_threshold,4.0,high,low,11019
imagenet_mnv2_050_exact_k3,imagenet,margin_drop,oat:z_threshold=4.0,z_threshold,4.0,high,moderate,0
imagenet_mnv2_050_exact_k3,imagenet,margin_drop,oat:z_threshold=4.0,z_threshold,4.0,high,high,11836
imagenet_mnv2_050_exact_k3,imagenet,margin_drop,oat:sign_alpha=0.0,sign_alpha,0.0,unreliable,unreliable,94447
imagenet_mnv2_050_exact_k3,imagenet,margin_drop,oat:sign_alpha=0.0,sign_alpha,0.0,unreliable,low,0
imagenet_mnv2_050_exact_k3,imagenet,margin_drop,oat:sign_alpha=0.0,sign_alpha,0.0,unreliable,moderate,0
imagenet_mnv2_050_exact_k3,imagenet,margin_drop,oat:sign_alpha=0.0,sign_alpha,0.0,unreliable,high,0
imagenet_mnv2_050_exact_k3,imagenet,margin_drop,oat:sign_alpha=0.0,sign_alpha,0.0,low,unreliable,0
imagenet_mnv2_050_exact_k3,imagenet,margin_drop,oat:sign_alpha=0.0,sign_alpha,0.0,low,low,42698
imagenet_mnv2_050_exact_k3,imagenet,margin_drop,oat:sign_alpha=0.0,sign_alpha,0.0,low,moderate,0
imagenet_mnv2_050_exact_k3,imagenet,margin_drop,oat:sign_alpha=0.0,sign_alpha,0.0,low,high,0
imagenet_mnv2_050_exact_k3,imagenet,margin_drop,oat:sign_alpha=0.0,sign_alpha,0.0,moderate,unreliable,0
imagenet_mnv2_050_exact_k3,imagenet,margin_drop,oat:sign_alpha=0.0,sign_alpha,0.0,moderate,low,0
imagenet_mnv2_050_exact_k3,imagenet,margin_drop,oat:sign_alpha=0.0,sign_alpha,0.0,moderate,moderate,0
imagenet_mnv2_050_exact_k3,imagenet,margin_drop,oat:sign_alpha=0.0,sign_alpha,0.0,moderate,high,0
imagenet_mnv2_050_exact_k3,imagenet,margin_drop,oat:sign_alpha=0.0,sign_alpha,0.0,high,unreliable,0
imagenet_mnv2_050_exact_k3,imagenet,margin_drop,oat:sign_alpha=0.0,sign_alpha,0.0,high,low,0
imagenet_mnv2_050_exact_k3,imagenet,margin_drop,oat:sign_alpha=0.0,sign_alpha,0.0,high,moderate,0
imagenet_mnv2_050_exact_k3,imagenet,margin_drop,oat:sign_alpha=0.0,sign_alpha,0.0,high,high,22855
imagenet_mnv2_050_exact_k3,imagenet,margin_drop,oat:sign_alpha=0.01,sign_alpha,0.01,unreliable,unreliable,94447
imagenet_mnv2_050_exact_k3,imagenet,margin_drop,oat:sign_alpha=0.01,sign_alpha,0.01,unreliable,low,0
imagenet_mnv2_050_exact_k3,imagenet,margin_drop,oat:sign_alpha=0.01,sign_alpha,0.01,unreliable,moderate,0
imagenet_mnv2_050_exact_k3,imagenet,margin_drop,oat:sign_alpha=0.01,sign_alpha,0.01,unreliable,high,0
imagenet_mnv2_050_exact_k3,imagenet,margin_drop,oat:sign_alpha=0.01,sign_alpha,0.01,low,unreliable,940
imagenet_mnv2_050_exact_k3,imagenet,margin_drop,oat:sign_alpha=0.01,sign_alpha,0.01,low,low,41758
imagenet_mnv2_050_exact_k3,imagenet,margin_drop,oat:sign_alpha=0.01,sign_alpha,0.01,low,moderate,0
imagenet_mnv2_050_exact_k3,imagenet,margin_drop,oat:sign_alpha=0.01,sign_alpha,0.01,low,high,0
imagenet_mnv2_050_exact_k3,imagenet,margin_drop,oat:sign_alpha=0.01,sign_alpha,0.01,moderate,unreliable,0
imagenet_mnv2_050_exact_k3,imagenet,margin_drop,oat:sign_alpha=0.01,sign_alpha,0.01,moderate,low,0
imagenet_mnv2_050_exact_k3,imagenet,margin_drop,oat:sign_alpha=0.01,sign_alpha,0.01,moderate,moderate,0
imagenet_mnv2_050_exact_k3,imagenet,margin_drop,oat:sign_alpha=0.01,sign_alpha,0.01,moderate,high,0
imagenet_mnv2_050_exact_k3,imagenet,margin_drop,oat:sign_alpha=0.01,sign_alpha,0.01,high,unreliable,237
imagenet_mnv2_050_exact_k3,imagenet,margin_drop,oat:sign_alpha=0.01,sign_alpha,0.01,high,low,0
imagenet_mnv2_050_exact_k3,imagenet,margin_drop,oat:sign_alpha=0.01,sign_alpha,0.01,high,moderate,0
imagenet_mnv2_050_exact_k3,imagenet,margin_drop,oat:sign_alpha=0.01,sign_alpha,0.01,high,high,22618
imagenet_mnv2_050_exact_k3,imagenet,margin_drop,oat:sign_alpha=0.05,sign_alpha,0.05,unreliable,unreliable,94410
imagenet_mnv2_050_exact_k3,imagenet,margin_drop,oat:sign_alpha=0.05,sign_alpha,0.05,unreliable,low,30
imagenet_mnv2_050_exact_k3,imagenet,margin_drop,oat:sign_alpha=0.05,sign_alpha,0.05,unreliable,moderate,0
imagenet_mnv2_050_exact_k3,imagenet,margin_drop,oat:sign_alpha=0.05,sign_alpha,0.05,unreliable,high,7
imagenet_mnv2_050_exact_k3,imagenet,margin_drop,oat:sign_alpha=0.05,sign_alpha,0.05,low,unreliable,4550
imagenet_mnv2_050_exact_k3,imagenet,margin_drop,oat:sign_alpha=0.05,sign_alpha,0.05,low,low,38148
imagenet_mnv2_050_exact_k3,imagenet,margin_drop,oat:sign_alpha=0.05,sign_alpha,0.05,low,moderate,0
imagenet_mnv2_050_exact_k3,imagenet,margin_drop,oat:sign_alpha=0.05,sign_alpha,0.05,low,high,0
imagenet_mnv2_050_exact_k3,imagenet,margin_drop,oat:sign_alpha=0.05,sign_alpha,0.05,moderate,unreliable,0
imagenet_mnv2_050_exact_k3,imagenet,margin_drop,oat:sign_alpha=0.05,sign_alpha,0.05,moderate,low,0
imagenet_mnv2_050_exact_k3,imagenet,margin_drop,oat:sign_alpha=0.05,sign_alpha,0.05,moderate,moderate,0
imagenet_mnv2_050_exact_k3,imagenet,margin_drop,oat:sign_alpha=0.05,sign_alpha,0.05,moderate,high,0
imagenet_mnv2_050_exact_k3,imagenet,margin_drop,oat:sign_alpha=0.05,sign_alpha,0.05,high,unreliable,1359
imagenet_mnv2_050_exact_k3,imagenet,margin_drop,oat:sign_alpha=0.05,sign_alpha,0.05,high,low,0
imagenet_mnv2_050_exact_k3,imagenet,margin_drop,oat:sign_alpha=0.05,sign_alpha,0.05,high,moderate,0
imagenet_mnv2_050_exact_k3,imagenet,margin_drop,oat:sign_alpha=0.05,sign_alpha,0.05,high,high,21496
imagenet_mnv2_050_exact_k3,imagenet,margin_drop,oat:sign_alpha=0.1,sign_alpha,0.1,unreliable,unreliable,94240
imagenet_mnv2_050_exact_k3,imagenet,margin_drop,oat:sign_alpha=0.1,sign_alpha,0.1,unreliable,low,177
imagenet_mnv2_050_exact_k3,imagenet,margin_drop,oat:sign_alpha=0.1,sign_alpha,0.1,unreliable,moderate,0
imagenet_mnv2_050_exact_k3,imagenet,margin_drop,oat:sign_alpha=0.1,sign_alpha,0.1,unreliable,high,30
imagenet_mnv2_050_exact_k3,imagenet,margin_drop,oat:sign_alpha=0.1,sign_alpha,0.1,low,unreliable,8374
imagenet_mnv2_050_exact_k3,imagenet,margin_drop,oat:sign_alpha=0.1,sign_alpha,0.1,low,low,34324
imagenet_mnv2_050_exact_k3,imagenet,margin_drop,oat:sign_alpha=0.1,sign_alpha,0.1,low,moderate,0
imagenet_mnv2_050_exact_k3,imagenet,margin_drop,oat:sign_alpha=0.1,sign_alpha,0.1,low,high,0
imagenet_mnv2_050_exact_k3,imagenet,margin_drop,oat:sign_alpha=0.1,sign_alpha,0.1,moderate,unreliable,0
imagenet_mnv2_050_exact_k3,imagenet,margin_drop,oat:sign_alpha=0.1,sign_alpha,0.1,moderate,low,0
imagenet_mnv2_050_exact_k3,imagenet,margin_drop,oat:sign_alpha=0.1,sign_alpha,0.1,moderate,moderate,0
imagenet_mnv2_050_exact_k3,imagenet,margin_drop,oat:sign_alpha=0.1,sign_alpha,0.1,moderate,high,0
imagenet_mnv2_050_exact_k3,imagenet,margin_drop,oat:sign_alpha=0.1,sign_alpha,0.1,high,unreliable,2671
imagenet_mnv2_050_exact_k3,imagenet,margin_drop,oat:sign_alpha=0.1,sign_alpha,0.1,high,low,0
imagenet_mnv2_050_exact_k3,imagenet,margin_drop,oat:sign_alpha=0.1,sign_alpha,0.1,high,moderate,0
imagenet_mnv2_050_exact_k3,imagenet,margin_drop,oat:sign_alpha=0.1,sign_alpha,0.1,high,high,20184
imagenet_mnv2_050_exact_k3,imagenet,margin_drop,oat:sign_alpha=0.25,sign_alpha,0.25,unreliable,unreliable,92639
imagenet_mnv2_050_exact_k3,imagenet,margin_drop,oat:sign_alpha=0.25,sign_alpha,0.25,unreliable,low,1493
imagenet_mnv2_050_exact_k3,imagenet,margin_drop,oat:sign_alpha=0.25,sign_alpha,0.25,unreliable,moderate,0
imagenet_mnv2_050_exact_k3,imagenet,margin_drop,oat:sign_alpha=0.25,sign_alpha,0.25,unreliable,high,315
imagenet_mnv2_050_exact_k3,imagenet,margin_drop,oat:sign_alpha=0.25,sign_alpha,0.25,low,unreliable,16684
imagenet_mnv2_050_exact_k3,imagenet,margin_drop,oat:sign_alpha=0.25,sign_alpha,0.25,low,low,26014
imagenet_mnv2_050_exact_k3,imagenet,margin_drop,oat:sign_alpha=0.25,sign_alpha,0.25,low,moderate,0
imagenet_mnv2_050_exact_k3,imagenet,margin_drop,oat:sign_alpha=0.25,sign_alpha,0.25,low,high,0
imagenet_mnv2_050_exact_k3,imagenet,margin_drop,oat:sign_alpha=0.25,sign_alpha,0.25,moderate,unreliable,0
imagenet_mnv2_050_exact_k3,imagenet,margin_drop,oat:sign_alpha=0.25,sign_alpha,0.25,moderate,low,0
imagenet_mnv2_050_exact_k3,imagenet,margin_drop,oat:sign_alpha=0.25,sign_alpha,0.25,moderate,moderate,0
imagenet_mnv2_050_exact_k3,imagenet,margin_drop,oat:sign_alpha=0.25,sign_alpha,0.25,moderate,high,0
imagenet_mnv2_050_exact_k3,imagenet,margin_drop,oat:sign_alpha=0.25,sign_alpha,0.25,high,unreliable,5694
imagenet_mnv2_050_exact_k3,imagenet,margin_drop,oat:sign_alpha=0.25,sign_alpha,0.25,high,low,0
imagenet_mnv2_050_exact_k3,imagenet,margin_drop,oat:sign_alpha=0.25,sign_alpha,0.25,high,moderate,0
imagenet_mnv2_050_exact_k3,imagenet,margin_drop,oat:sign_alpha=0.25,sign_alpha,0.25,high,high,17161
imagenet_mnv2_050_exact_k3,imagenet,margin_drop,oat:min_multi_strategy=2,min_multi_strategy,2,unreliable,unreliable,94447
imagenet_mnv2_050_exact_k3,imagenet,margin_drop,oat:min_multi_strategy=2,min_multi_strategy,2,unreliable,low,0
imagenet_mnv2_050_exact_k3,imagenet,margin_drop,oat:min_multi_strategy=2,min_multi_strategy,2,unreliable,moderate,0
imagenet_mnv2_050_exact_k3,imagenet,margin_drop,oat:min_multi_strategy=2,min_multi_strategy,2,unreliable,high,0
imagenet_mnv2_050_exact_k3,imagenet,margin_drop,oat:min_multi_strategy=2,min_multi_strategy,2,low,unreliable,0
imagenet_mnv2_050_exact_k3,imagenet,margin_drop,oat:min_multi_strategy=2,min_multi_strategy,2,low,low,42698
imagenet_mnv2_050_exact_k3,imagenet,margin_drop,oat:min_multi_strategy=2,min_multi_strategy,2,low,moderate,0
imagenet_mnv2_050_exact_k3,imagenet,margin_drop,oat:min_multi_strategy=2,min_multi_strategy,2,low,high,0
imagenet_mnv2_050_exact_k3,imagenet,margin_drop,oat:min_multi_strategy=2,min_multi_strategy,2,moderate,unreliable,0
imagenet_mnv2_050_exact_k3,imagenet,margin_drop,oat:min_multi_strategy=2,min_multi_strategy,2,moderate,low,0
imagenet_mnv2_050_exact_k3,imagenet,margin_drop,oat:min_multi_strategy=2,min_multi_strategy,2,moderate,moderate,0
imagenet_mnv2_050_exact_k3,imagenet,margin_drop,oat:min_multi_strategy=2,min_multi_strategy,2,moderate,high,0
imagenet_mnv2_050_exact_k3,imagenet,margin_drop,oat:min_multi_strategy=2,min_multi_strategy,2,high,unreliable,0
imagenet_mnv2_050_exact_k3,imagenet,margin_drop,oat:min_multi_strategy=2,min_multi_strategy,2,high,low,0
imagenet_mnv2_050_exact_k3,imagenet,margin_drop,oat:min_multi_strategy=2,min_multi_strategy,2,high,moderate,0
imagenet_mnv2_050_exact_k3,imagenet,margin_drop,oat:min_multi_strategy=2,min_multi_strategy,2,high,high,22855
imagenet_mnv2_050_exact_k3,imagenet,margin_drop,oat:min_multi_strategy=3,min_multi_strategy,3,unreliable,unreliable,94447
imagenet_mnv2_050_exact_k3,imagenet,margin_drop,oat:min_multi_strategy=3,min_multi_strategy,3,unreliable,low,0
imagenet_mnv2_050_exact_k3,imagenet,margin_drop,oat:min_multi_strategy=3,min_multi_strategy,3,unreliable,moderate,0
imagenet_mnv2_050_exact_k3,imagenet,margin_drop,oat:min_multi_strategy=3,min_multi_strategy,3,unreliable,high,0
imagenet_mnv2_050_exact_k3,imagenet,margin_drop,oat:min_multi_strategy=3,min_multi_strategy,3,low,unreliable,0
imagenet_mnv2_050_exact_k3,imagenet,margin_drop,oat:min_multi_strategy=3,min_multi_strategy,3,low,low,42698
imagenet_mnv2_050_exact_k3,imagenet,margin_drop,oat:min_multi_strategy=3,min_multi_strategy,3,low,moderate,0
imagenet_mnv2_050_exact_k3,imagenet,margin_drop,oat:min_multi_strategy=3,min_multi_strategy,3,low,high,0
imagenet_mnv2_050_exact_k3,imagenet,margin_drop,oat:min_multi_strategy=3,min_multi_strategy,3,moderate,unreliable,0
imagenet_mnv2_050_exact_k3,imagenet,margin_drop,oat:min_multi_strategy=3,min_multi_strategy,3,moderate,low,0
imagenet_mnv2_050_exact_k3,imagenet,margin_drop,oat:min_multi_strategy=3,min_multi_strategy,3,moderate,moderate,0
imagenet_mnv2_050_exact_k3,imagenet,margin_drop,oat:min_multi_strategy=3,min_multi_strategy,3,moderate,high,0
imagenet_mnv2_050_exact_k3,imagenet,margin_drop,oat:min_multi_strategy=3,min_multi_strategy,3,high,unreliable,0
imagenet_mnv2_050_exact_k3,imagenet,margin_drop,oat:min_multi_strategy=3,min_multi_strategy,3,high,low,0
imagenet_mnv2_050_exact_k3,imagenet,margin_drop,oat:min_multi_strategy=3,min_multi_strategy,3,high,moderate,0
imagenet_mnv2_050_exact_k3,imagenet,margin_drop,oat:min_multi_strategy=3,min_multi_strategy,3,high,high,22855
imagenet_mnv2_050_exact_k3,imagenet,margin_drop,oat:ci_level=90,ci_level,90,unreliable,unreliable,94447
imagenet_mnv2_050_exact_k3,imagenet,margin_drop,oat:ci_level=90,ci_level,90,unreliable,low,0
imagenet_mnv2_050_exact_k3,imagenet,margin_drop,oat:ci_level=90,ci_level,90,unreliable,moderate,0
imagenet_mnv2_050_exact_k3,imagenet,margin_drop,oat:ci_level=90,ci_level,90,unreliable,high,0
imagenet_mnv2_050_exact_k3,imagenet,margin_drop,oat:ci_level=90,ci_level,90,low,unreliable,0
imagenet_mnv2_050_exact_k3,imagenet,margin_drop,oat:ci_level=90,ci_level,90,low,low,42698
imagenet_mnv2_050_exact_k3,imagenet,margin_drop,oat:ci_level=90,ci_level,90,low,moderate,0
imagenet_mnv2_050_exact_k3,imagenet,margin_drop,oat:ci_level=90,ci_level,90,low,high,0
imagenet_mnv2_050_exact_k3,imagenet,margin_drop,oat:ci_level=90,ci_level,90,moderate,unreliable,0
imagenet_mnv2_050_exact_k3,imagenet,margin_drop,oat:ci_level=90,ci_level,90,moderate,low,0
imagenet_mnv2_050_exact_k3,imagenet,margin_drop,oat:ci_level=90,ci_level,90,moderate,moderate,0
imagenet_mnv2_050_exact_k3,imagenet,margin_drop,oat:ci_level=90,ci_level,90,moderate,high,0
imagenet_mnv2_050_exact_k3,imagenet,margin_drop,oat:ci_level=90,ci_level,90,high,unreliable,0
imagenet_mnv2_050_exact_k3,imagenet,margin_drop,oat:ci_level=90,ci_level,90,high,low,0
imagenet_mnv2_050_exact_k3,imagenet,margin_drop,oat:ci_level=90,ci_level,90,high,moderate,0
imagenet_mnv2_050_exact_k3,imagenet,margin_drop,oat:ci_level=90,ci_level,90,high,high,22855
imagenet_mnv2_050_exact_k3,imagenet,margin_drop,oat:ci_level=95,ci_level,95,unreliable,unreliable,94447
imagenet_mnv2_050_exact_k3,imagenet,margin_drop,oat:ci_level=95,ci_level,95,unreliable,low,0
imagenet_mnv2_050_exact_k3,imagenet,margin_drop,oat:ci_level=95,ci_level,95,unreliable,moderate,0
imagenet_mnv2_050_exact_k3,imagenet,margin_drop,oat:ci_level=95,ci_level,95,unreliable,high,0
imagenet_mnv2_050_exact_k3,imagenet,margin_drop,oat:ci_level=95,ci_level,95,low,unreliable,0
imagenet_mnv2_050_exact_k3,imagenet,margin_drop,oat:ci_level=95,ci_level,95,low,low,42698
imagenet_mnv2_050_exact_k3,imagenet,margin_drop,oat:ci_level=95,ci_level,95,low,moderate,0
imagenet_mnv2_050_exact_k3,imagenet,margin_drop,oat:ci_level=95,ci_level,95,low,high,0
imagenet_mnv2_050_exact_k3,imagenet,margin_drop,oat:ci_level=95,ci_level,95,moderate,unreliable,0
imagenet_mnv2_050_exact_k3,imagenet,margin_drop,oat:ci_level=95,ci_level,95,moderate,low,0
imagenet_mnv2_050_exact_k3,imagenet,margin_drop,oat:ci_level=95,ci_level,95,moderate,moderate,0
imagenet_mnv2_050_exact_k3,imagenet,margin_drop,oat:ci_level=95,ci_level,95,moderate,high,0
imagenet_mnv2_050_exact_k3,imagenet,margin_drop,oat:ci_level=95,ci_level,95,high,unreliable,0
imagenet_mnv2_050_exact_k3,imagenet,margin_drop,oat:ci_level=95,ci_level,95,high,low,0
imagenet_mnv2_050_exact_k3,imagenet,margin_drop,oat:ci_level=95,ci_level,95,high,moderate,0
imagenet_mnv2_050_exact_k3,imagenet,margin_drop,oat:ci_level=95,ci_level,95,high,high,22855
imagenet_mnv2_050_exact_k3,imagenet,margin_drop,oat:ci_level=99,ci_level,99,unreliable,unreliable,94447
imagenet_mnv2_050_exact_k3,imagenet,margin_drop,oat:ci_level=99,ci_level,99,unreliable,low,0
imagenet_mnv2_050_exact_k3,imagenet,margin_drop,oat:ci_level=99,ci_level,99,unreliable,moderate,0
imagenet_mnv2_050_exact_k3,imagenet,margin_drop,oat:ci_level=99,ci_level,99,unreliable,high,0
imagenet_mnv2_050_exact_k3,imagenet,margin_drop,oat:ci_level=99,ci_level,99,low,unreliable,0
imagenet_mnv2_050_exact_k3,imagenet,margin_drop,oat:ci_level=99,ci_level,99,low,low,42698
imagenet_mnv2_050_exact_k3,imagenet,margin_drop,oat:ci_level=99,ci_level,99,low,moderate,0
imagenet_mnv2_050_exact_k3,imagenet,margin_drop,oat:ci_level=99,ci_level,99,low,high,0
imagenet_mnv2_050_exact_k3,imagenet,margin_drop,oat:ci_level=99,ci_level,99,moderate,unreliable,0
imagenet_mnv2_050_exact_k3,imagenet,margin_drop,oat:ci_level=99,ci_level,99,moderate,low,0
imagenet_mnv2_050_exact_k3,imagenet,margin_drop,oat:ci_level=99,ci_level,99,moderate,moderate,0
imagenet_mnv2_050_exact_k3,imagenet,margin_drop,oat:ci_level=99,ci_level,99,moderate,high,0
imagenet_mnv2_050_exact_k3,imagenet,margin_drop,oat:ci_level=99,ci_level,99,high,unreliable,0
imagenet_mnv2_050_exact_k3,imagenet,margin_drop,oat:ci_level=99,ci_level,99,high,low,0
imagenet_mnv2_050_exact_k3,imagenet,margin_drop,oat:ci_level=99,ci_level,99,high,moderate,0
imagenet_mnv2_050_exact_k3,imagenet,margin_drop,oat:ci_level=99,ci_level,99,high,high,22855
imagenet_mnv2_050_exact_k3,imagenet,margin_drop,oat:ci_level=999,ci_level,999,unreliable,unreliable,94447
imagenet_mnv2_050_exact_k3,imagenet,margin_drop,oat:ci_level=999,ci_level,999,unreliable,low,0
imagenet_mnv2_050_exact_k3,imagenet,margin_drop,oat:ci_level=999,ci_level,999,unreliable,moderate,0
imagenet_mnv2_050_exact_k3,imagenet,margin_drop,oat:ci_level=999,ci_level,999,unreliable,high,0
imagenet_mnv2_050_exact_k3,imagenet,margin_drop,oat:ci_level=999,ci_level,999,low,unreliable,0
imagenet_mnv2_050_exact_k3,imagenet,margin_drop,oat:ci_level=999,ci_level,999,low,low,42698
imagenet_mnv2_050_exact_k3,imagenet,margin_drop,oat:ci_level=999,ci_level,999,low,moderate,0
imagenet_mnv2_050_exact_k3,imagenet,margin_drop,oat:ci_level=999,ci_level,999,low,high,0
imagenet_mnv2_050_exact_k3,imagenet,margin_drop,oat:ci_level=999,ci_level,999,moderate,unreliable,0
imagenet_mnv2_050_exact_k3,imagenet,margin_drop,oat:ci_level=999,ci_level,999,moderate,low,0
imagenet_mnv2_050_exact_k3,imagenet,margin_drop,oat:ci_level=999,ci_level,999,moderate,moderate,0
imagenet_mnv2_050_exact_k3,imagenet,margin_drop,oat:ci_level=999,ci_level,999,moderate,high,0
imagenet_mnv2_050_exact_k3,imagenet,margin_drop,oat:ci_level=999,ci_level,999,high,unreliable,0
imagenet_mnv2_050_exact_k3,imagenet,margin_drop,oat:ci_level=999,ci_level,999,high,low,0
imagenet_mnv2_050_exact_k3,imagenet,margin_drop,oat:ci_level=999,ci_level,999,high,moderate,0
imagenet_mnv2_050_exact_k3,imagenet,margin_drop,oat:ci_level=999,ci_level,999,high,high,22855
imagenet_mnv2_050_exact_k3,imagenet,margin_drop,oat:ddof=0,ddof,0,unreliable,unreliable,94447
imagenet_mnv2_050_exact_k3,imagenet,margin_drop,oat:ddof=0,ddof,0,unreliable,low,0
imagenet_mnv2_050_exact_k3,imagenet,margin_drop,oat:ddof=0,ddof,0,unreliable,moderate,0
imagenet_mnv2_050_exact_k3,imagenet,margin_drop,oat:ddof=0,ddof,0,unreliable,high,0
imagenet_mnv2_050_exact_k3,imagenet,margin_drop,oat:ddof=0,ddof,0,low,unreliable,0
imagenet_mnv2_050_exact_k3,imagenet,margin_drop,oat:ddof=0,ddof,0,low,low,42698
imagenet_mnv2_050_exact_k3,imagenet,margin_drop,oat:ddof=0,ddof,0,low,moderate,0
imagenet_mnv2_050_exact_k3,imagenet,margin_drop,oat:ddof=0,ddof,0,low,high,0
imagenet_mnv2_050_exact_k3,imagenet,margin_drop,oat:ddof=0,ddof,0,moderate,unreliable,0
imagenet_mnv2_050_exact_k3,imagenet,margin_drop,oat:ddof=0,ddof,0,moderate,low,0
imagenet_mnv2_050_exact_k3,imagenet,margin_drop,oat:ddof=0,ddof,0,moderate,moderate,0
imagenet_mnv2_050_exact_k3,imagenet,margin_drop,oat:ddof=0,ddof,0,moderate,high,0
imagenet_mnv2_050_exact_k3,imagenet,margin_drop,oat:ddof=0,ddof,0,high,unreliable,0
imagenet_mnv2_050_exact_k3,imagenet,margin_drop,oat:ddof=0,ddof,0,high,low,0
imagenet_mnv2_050_exact_k3,imagenet,margin_drop,oat:ddof=0,ddof,0,high,moderate,0
imagenet_mnv2_050_exact_k3,imagenet,margin_drop,oat:ddof=0,ddof,0,high,high,22855
imagenet_mnv2_050_exact_k3,imagenet,margin_drop,oat:ddof=1,ddof,1,unreliable,unreliable,94447
imagenet_mnv2_050_exact_k3,imagenet,margin_drop,oat:ddof=1,ddof,1,unreliable,low,0
imagenet_mnv2_050_exact_k3,imagenet,margin_drop,oat:ddof=1,ddof,1,unreliable,moderate,0
imagenet_mnv2_050_exact_k3,imagenet,margin_drop,oat:ddof=1,ddof,1,unreliable,high,0
imagenet_mnv2_050_exact_k3,imagenet,margin_drop,oat:ddof=1,ddof,1,low,unreliable,0
imagenet_mnv2_050_exact_k3,imagenet,margin_drop,oat:ddof=1,ddof,1,low,low,42698
imagenet_mnv2_050_exact_k3,imagenet,margin_drop,oat:ddof=1,ddof,1,low,moderate,0
imagenet_mnv2_050_exact_k3,imagenet,margin_drop,oat:ddof=1,ddof,1,low,high,0
imagenet_mnv2_050_exact_k3,imagenet,margin_drop,oat:ddof=1,ddof,1,moderate,unreliable,0
imagenet_mnv2_050_exact_k3,imagenet,margin_drop,oat:ddof=1,ddof,1,moderate,low,0
imagenet_mnv2_050_exact_k3,imagenet,margin_drop,oat:ddof=1,ddof,1,moderate,moderate,0
imagenet_mnv2_050_exact_k3,imagenet,margin_drop,oat:ddof=1,ddof,1,moderate,high,0
imagenet_mnv2_050_exact_k3,imagenet,margin_drop,oat:ddof=1,ddof,1,high,unreliable,0
imagenet_mnv2_050_exact_k3,imagenet,margin_drop,oat:ddof=1,ddof,1,high,low,3421
imagenet_mnv2_050_exact_k3,imagenet,margin_drop,oat:ddof=1,ddof,1,high,moderate,0
imagenet_mnv2_050_exact_k3,imagenet,margin_drop,oat:ddof=1,ddof,1,high,high,19434
imagenet_mnv2_050_exact_k3,imagenet,margin_drop,oat:std_floor_beta=0.0,std_floor_beta,0.0,unreliable,unreliable,94447
imagenet_mnv2_050_exact_k3,imagenet,margin_drop,oat:std_floor_beta=0.0,std_floor_beta,0.0,unreliable,low,0
imagenet_mnv2_050_exact_k3,imagenet,margin_drop,oat:std_floor_beta=0.0,std_floor_beta,0.0,unreliable,moderate,0
imagenet_mnv2_050_exact_k3,imagenet,margin_drop,oat:std_floor_beta=0.0,std_floor_beta,0.0,unreliable,high,0
imagenet_mnv2_050_exact_k3,imagenet,margin_drop,oat:std_floor_beta=0.0,std_floor_beta,0.0,low,unreliable,0
imagenet_mnv2_050_exact_k3,imagenet,margin_drop,oat:std_floor_beta=0.0,std_floor_beta,0.0,low,low,42698
imagenet_mnv2_050_exact_k3,imagenet,margin_drop,oat:std_floor_beta=0.0,std_floor_beta,0.0,low,moderate,0
imagenet_mnv2_050_exact_k3,imagenet,margin_drop,oat:std_floor_beta=0.0,std_floor_beta,0.0,low,high,0
imagenet_mnv2_050_exact_k3,imagenet,margin_drop,oat:std_floor_beta=0.0,std_floor_beta,0.0,moderate,unreliable,0
imagenet_mnv2_050_exact_k3,imagenet,margin_drop,oat:std_floor_beta=0.0,std_floor_beta,0.0,moderate,low,0
imagenet_mnv2_050_exact_k3,imagenet,margin_drop,oat:std_floor_beta=0.0,std_floor_beta,0.0,moderate,moderate,0
imagenet_mnv2_050_exact_k3,imagenet,margin_drop,oat:std_floor_beta=0.0,std_floor_beta,0.0,moderate,high,0
imagenet_mnv2_050_exact_k3,imagenet,margin_drop,oat:std_floor_beta=0.0,std_floor_beta,0.0,high,unreliable,0
imagenet_mnv2_050_exact_k3,imagenet,margin_drop,oat:std_floor_beta=0.0,std_floor_beta,0.0,high,low,0
imagenet_mnv2_050_exact_k3,imagenet,margin_drop,oat:std_floor_beta=0.0,std_floor_beta,0.0,high,moderate,0
imagenet_mnv2_050_exact_k3,imagenet,margin_drop,oat:std_floor_beta=0.0,std_floor_beta,0.0,high,high,22855
imagenet_mnv2_050_exact_k3,imagenet,margin_drop,oat:std_floor_beta=0.1,std_floor_beta,0.1,unreliable,unreliable,94447
imagenet_mnv2_050_exact_k3,imagenet,margin_drop,oat:std_floor_beta=0.1,std_floor_beta,0.1,unreliable,low,0
imagenet_mnv2_050_exact_k3,imagenet,margin_drop,oat:std_floor_beta=0.1,std_floor_beta,0.1,unreliable,moderate,0
imagenet_mnv2_050_exact_k3,imagenet,margin_drop,oat:std_floor_beta=0.1,std_floor_beta,0.1,unreliable,high,0
imagenet_mnv2_050_exact_k3,imagenet,margin_drop,oat:std_floor_beta=0.1,std_floor_beta,0.1,low,unreliable,0
imagenet_mnv2_050_exact_k3,imagenet,margin_drop,oat:std_floor_beta=0.1,std_floor_beta,0.1,low,low,42697
imagenet_mnv2_050_exact_k3,imagenet,margin_drop,oat:std_floor_beta=0.1,std_floor_beta,0.1,low,moderate,0
imagenet_mnv2_050_exact_k3,imagenet,margin_drop,oat:std_floor_beta=0.1,std_floor_beta,0.1,low,high,1
imagenet_mnv2_050_exact_k3,imagenet,margin_drop,oat:std_floor_beta=0.1,std_floor_beta,0.1,moderate,unreliable,0
imagenet_mnv2_050_exact_k3,imagenet,margin_drop,oat:std_floor_beta=0.1,std_floor_beta,0.1,moderate,low,0
imagenet_mnv2_050_exact_k3,imagenet,margin_drop,oat:std_floor_beta=0.1,std_floor_beta,0.1,moderate,moderate,0
imagenet_mnv2_050_exact_k3,imagenet,margin_drop,oat:std_floor_beta=0.1,std_floor_beta,0.1,moderate,high,0
imagenet_mnv2_050_exact_k3,imagenet,margin_drop,oat:std_floor_beta=0.1,std_floor_beta,0.1,high,unreliable,0
imagenet_mnv2_050_exact_k3,imagenet,margin_drop,oat:std_floor_beta=0.1,std_floor_beta,0.1,high,low,251
imagenet_mnv2_050_exact_k3,imagenet,margin_drop,oat:std_floor_beta=0.1,std_floor_beta,0.1,high,moderate,0
imagenet_mnv2_050_exact_k3,imagenet,margin_drop,oat:std_floor_beta=0.1,std_floor_beta,0.1,high,high,22604
imagenet_mnv2_050_exact_k3,imagenet,margin_drop,oat:std_floor_beta=0.25,std_floor_beta,0.25,unreliable,unreliable,94447
imagenet_mnv2_050_exact_k3,imagenet,margin_drop,oat:std_floor_beta=0.25,std_floor_beta,0.25,unreliable,low,0
imagenet_mnv2_050_exact_k3,imagenet,margin_drop,oat:std_floor_beta=0.25,std_floor_beta,0.25,unreliable,moderate,0
imagenet_mnv2_050_exact_k3,imagenet,margin_drop,oat:std_floor_beta=0.25,std_floor_beta,0.25,unreliable,high,0
imagenet_mnv2_050_exact_k3,imagenet,margin_drop,oat:std_floor_beta=0.25,std_floor_beta,0.25,low,unreliable,0
imagenet_mnv2_050_exact_k3,imagenet,margin_drop,oat:std_floor_beta=0.25,std_floor_beta,0.25,low,low,42697
imagenet_mnv2_050_exact_k3,imagenet,margin_drop,oat:std_floor_beta=0.25,std_floor_beta,0.25,low,moderate,0
imagenet_mnv2_050_exact_k3,imagenet,margin_drop,oat:std_floor_beta=0.25,std_floor_beta,0.25,low,high,1
imagenet_mnv2_050_exact_k3,imagenet,margin_drop,oat:std_floor_beta=0.25,std_floor_beta,0.25,moderate,unreliable,0
imagenet_mnv2_050_exact_k3,imagenet,margin_drop,oat:std_floor_beta=0.25,std_floor_beta,0.25,moderate,low,0
imagenet_mnv2_050_exact_k3,imagenet,margin_drop,oat:std_floor_beta=0.25,std_floor_beta,0.25,moderate,moderate,0
imagenet_mnv2_050_exact_k3,imagenet,margin_drop,oat:std_floor_beta=0.25,std_floor_beta,0.25,moderate,high,0
imagenet_mnv2_050_exact_k3,imagenet,margin_drop,oat:std_floor_beta=0.25,std_floor_beta,0.25,high,unreliable,0
imagenet_mnv2_050_exact_k3,imagenet,margin_drop,oat:std_floor_beta=0.25,std_floor_beta,0.25,high,low,1766
imagenet_mnv2_050_exact_k3,imagenet,margin_drop,oat:std_floor_beta=0.25,std_floor_beta,0.25,high,moderate,0
imagenet_mnv2_050_exact_k3,imagenet,margin_drop,oat:std_floor_beta=0.25,std_floor_beta,0.25,high,high,21089
imagenet_mnv2_050_exact_k3,imagenet,margin_drop,preset:lenient,preset,lenient,unreliable,unreliable,94447
imagenet_mnv2_050_exact_k3,imagenet,margin_drop,preset:lenient,preset,lenient,unreliable,low,0
imagenet_mnv2_050_exact_k3,imagenet,margin_drop,preset:lenient,preset,lenient,unreliable,moderate,0
imagenet_mnv2_050_exact_k3,imagenet,margin_drop,preset:lenient,preset,lenient,unreliable,high,0
imagenet_mnv2_050_exact_k3,imagenet,margin_drop,preset:lenient,preset,lenient,low,unreliable,0
imagenet_mnv2_050_exact_k3,imagenet,margin_drop,preset:lenient,preset,lenient,low,low,37919
imagenet_mnv2_050_exact_k3,imagenet,margin_drop,preset:lenient,preset,lenient,low,moderate,0
imagenet_mnv2_050_exact_k3,imagenet,margin_drop,preset:lenient,preset,lenient,low,high,4779
imagenet_mnv2_050_exact_k3,imagenet,margin_drop,preset:lenient,preset,lenient,moderate,unreliable,0
imagenet_mnv2_050_exact_k3,imagenet,margin_drop,preset:lenient,preset,lenient,moderate,low,0
imagenet_mnv2_050_exact_k3,imagenet,margin_drop,preset:lenient,preset,lenient,moderate,moderate,0
imagenet_mnv2_050_exact_k3,imagenet,margin_drop,preset:lenient,preset,lenient,moderate,high,0
imagenet_mnv2_050_exact_k3,imagenet,margin_drop,preset:lenient,preset,lenient,high,unreliable,0
imagenet_mnv2_050_exact_k3,imagenet,margin_drop,preset:lenient,preset,lenient,high,low,0
imagenet_mnv2_050_exact_k3,imagenet,margin_drop,preset:lenient,preset,lenient,high,moderate,0
imagenet_mnv2_050_exact_k3,imagenet,margin_drop,preset:lenient,preset,lenient,high,high,22855
imagenet_mnv2_050_exact_k3,imagenet,margin_drop,preset:conservative,preset,conservative,unreliable,unreliable,94410
imagenet_mnv2_050_exact_k3,imagenet,margin_drop,preset:conservative,preset,conservative,unreliable,low,35
imagenet_mnv2_050_exact_k3,imagenet,margin_drop,preset:conservative,preset,conservative,unreliable,moderate,0
imagenet_mnv2_050_exact_k3,imagenet,margin_drop,preset:conservative,preset,conservative,unreliable,high,2
imagenet_mnv2_050_exact_k3,imagenet,margin_drop,preset:conservative,preset,conservative,low,unreliable,4550
imagenet_mnv2_050_exact_k3,imagenet,margin_drop,preset:conservative,preset,conservative,low,low,38147
imagenet_mnv2_050_exact_k3,imagenet,margin_drop,preset:conservative,preset,conservative,low,moderate,0
imagenet_mnv2_050_exact_k3,imagenet,margin_drop,preset:conservative,preset,conservative,low,high,1
imagenet_mnv2_050_exact_k3,imagenet,margin_drop,preset:conservative,preset,conservative,moderate,unreliable,0
imagenet_mnv2_050_exact_k3,imagenet,margin_drop,preset:conservative,preset,conservative,moderate,low,0
imagenet_mnv2_050_exact_k3,imagenet,margin_drop,preset:conservative,preset,conservative,moderate,moderate,0
imagenet_mnv2_050_exact_k3,imagenet,margin_drop,preset:conservative,preset,conservative,moderate,high,0
imagenet_mnv2_050_exact_k3,imagenet,margin_drop,preset:conservative,preset,conservative,high,unreliable,1359
imagenet_mnv2_050_exact_k3,imagenet,margin_drop,preset:conservative,preset,conservative,high,low,9258
imagenet_mnv2_050_exact_k3,imagenet,margin_drop,preset:conservative,preset,conservative,high,moderate,0
imagenet_mnv2_050_exact_k3,imagenet,margin_drop,preset:conservative,preset,conservative,high,high,12238
imagenet_mnv2_050_exact_k3,imagenet,margin_drop,alt:zero_abstain:sign_alpha=0.01,zero_abstain_alpha,0.01,unreliable,unreliable,93210
imagenet_mnv2_050_exact_k3,imagenet,margin_drop,alt:zero_abstain:sign_alpha=0.01,zero_abstain_alpha,0.01,unreliable,low,954
imagenet_mnv2_050_exact_k3,imagenet,margin_drop,alt:zero_abstain:sign_alpha=0.01,zero_abstain_alpha,0.01,unreliable,moderate,0
imagenet_mnv2_050_exact_k3,imagenet,margin_drop,alt:zero_abstain:sign_alpha=0.01,zero_abstain_alpha,0.01,unreliable,high,283
imagenet_mnv2_050_exact_k3,imagenet,margin_drop,alt:zero_abstain:sign_alpha=0.01,zero_abstain_alpha,0.01,low,unreliable,0
imagenet_mnv2_050_exact_k3,imagenet,margin_drop,alt:zero_abstain:sign_alpha=0.01,zero_abstain_alpha,0.01,low,low,42698
imagenet_mnv2_050_exact_k3,imagenet,margin_drop,alt:zero_abstain:sign_alpha=0.01,zero_abstain_alpha,0.01,low,moderate,0
imagenet_mnv2_050_exact_k3,imagenet,margin_drop,alt:zero_abstain:sign_alpha=0.01,zero_abstain_alpha,0.01,low,high,0
imagenet_mnv2_050_exact_k3,imagenet,margin_drop,alt:zero_abstain:sign_alpha=0.01,zero_abstain_alpha,0.01,moderate,unreliable,0
imagenet_mnv2_050_exact_k3,imagenet,margin_drop,alt:zero_abstain:sign_alpha=0.01,zero_abstain_alpha,0.01,moderate,low,0
imagenet_mnv2_050_exact_k3,imagenet,margin_drop,alt:zero_abstain:sign_alpha=0.01,zero_abstain_alpha,0.01,moderate,moderate,0
imagenet_mnv2_050_exact_k3,imagenet,margin_drop,alt:zero_abstain:sign_alpha=0.01,zero_abstain_alpha,0.01,moderate,high,0
imagenet_mnv2_050_exact_k3,imagenet,margin_drop,alt:zero_abstain:sign_alpha=0.01,zero_abstain_alpha,0.01,high,unreliable,0
imagenet_mnv2_050_exact_k3,imagenet,margin_drop,alt:zero_abstain:sign_alpha=0.01,zero_abstain_alpha,0.01,high,low,9
imagenet_mnv2_050_exact_k3,imagenet,margin_drop,alt:zero_abstain:sign_alpha=0.01,zero_abstain_alpha,0.01,high,moderate,0
imagenet_mnv2_050_exact_k3,imagenet,margin_drop,alt:zero_abstain:sign_alpha=0.01,zero_abstain_alpha,0.01,high,high,22846
imagenet_mnv2_050_exact_k3,imagenet,margin_drop,alt:zero_abstain:sign_alpha=0.05,zero_abstain_alpha,0.05,unreliable,unreliable,88415
imagenet_mnv2_050_exact_k3,imagenet,margin_drop,alt:zero_abstain:sign_alpha=0.05,zero_abstain_alpha,0.05,unreliable,low,4812
imagenet_mnv2_050_exact_k3,imagenet,margin_drop,alt:zero_abstain:sign_alpha=0.05,zero_abstain_alpha,0.05,unreliable,moderate,0
imagenet_mnv2_050_exact_k3,imagenet,margin_drop,alt:zero_abstain:sign_alpha=0.05,zero_abstain_alpha,0.05,unreliable,high,1220
imagenet_mnv2_050_exact_k3,imagenet,margin_drop,alt:zero_abstain:sign_alpha=0.05,zero_abstain_alpha,0.05,low,unreliable,0
imagenet_mnv2_050_exact_k3,imagenet,margin_drop,alt:zero_abstain:sign_alpha=0.05,zero_abstain_alpha,0.05,low,low,42698
imagenet_mnv2_050_exact_k3,imagenet,margin_drop,alt:zero_abstain:sign_alpha=0.05,zero_abstain_alpha,0.05,low,moderate,0
imagenet_mnv2_050_exact_k3,imagenet,margin_drop,alt:zero_abstain:sign_alpha=0.05,zero_abstain_alpha,0.05,low,high,0
imagenet_mnv2_050_exact_k3,imagenet,margin_drop,alt:zero_abstain:sign_alpha=0.05,zero_abstain_alpha,0.05,moderate,unreliable,0
imagenet_mnv2_050_exact_k3,imagenet,margin_drop,alt:zero_abstain:sign_alpha=0.05,zero_abstain_alpha,0.05,moderate,low,0
imagenet_mnv2_050_exact_k3,imagenet,margin_drop,alt:zero_abstain:sign_alpha=0.05,zero_abstain_alpha,0.05,moderate,moderate,0
imagenet_mnv2_050_exact_k3,imagenet,margin_drop,alt:zero_abstain:sign_alpha=0.05,zero_abstain_alpha,0.05,moderate,high,0
imagenet_mnv2_050_exact_k3,imagenet,margin_drop,alt:zero_abstain:sign_alpha=0.05,zero_abstain_alpha,0.05,high,unreliable,0
imagenet_mnv2_050_exact_k3,imagenet,margin_drop,alt:zero_abstain:sign_alpha=0.05,zero_abstain_alpha,0.05,high,low,114
imagenet_mnv2_050_exact_k3,imagenet,margin_drop,alt:zero_abstain:sign_alpha=0.05,zero_abstain_alpha,0.05,high,moderate,0
imagenet_mnv2_050_exact_k3,imagenet,margin_drop,alt:zero_abstain:sign_alpha=0.05,zero_abstain_alpha,0.05,high,high,22741
imagenet_mnv2_050_exact_k3,imagenet,margin_drop,alt:zero_abstain:sign_alpha=0.1,zero_abstain_alpha,0.1,unreliable,unreliable,82390
imagenet_mnv2_050_exact_k3,imagenet,margin_drop,alt:zero_abstain:sign_alpha=0.1,zero_abstain_alpha,0.1,unreliable,low,9794
imagenet_mnv2_050_exact_k3,imagenet,margin_drop,alt:zero_abstain:sign_alpha=0.1,zero_abstain_alpha,0.1,unreliable,moderate,0
imagenet_mnv2_050_exact_k3,imagenet,margin_drop,alt:zero_abstain:sign_alpha=0.1,zero_abstain_alpha,0.1,unreliable,high,2263
imagenet_mnv2_050_exact_k3,imagenet,margin_drop,alt:zero_abstain:sign_alpha=0.1,zero_abstain_alpha,0.1,low,unreliable,0
imagenet_mnv2_050_exact_k3,imagenet,margin_drop,alt:zero_abstain:sign_alpha=0.1,zero_abstain_alpha,0.1,low,low,42698
imagenet_mnv2_050_exact_k3,imagenet,margin_drop,alt:zero_abstain:sign_alpha=0.1,zero_abstain_alpha,0.1,low,moderate,0
imagenet_mnv2_050_exact_k3,imagenet,margin_drop,alt:zero_abstain:sign_alpha=0.1,zero_abstain_alpha,0.1,low,high,0
imagenet_mnv2_050_exact_k3,imagenet,margin_drop,alt:zero_abstain:sign_alpha=0.1,zero_abstain_alpha,0.1,moderate,unreliable,0
imagenet_mnv2_050_exact_k3,imagenet,margin_drop,alt:zero_abstain:sign_alpha=0.1,zero_abstain_alpha,0.1,moderate,low,0
imagenet_mnv2_050_exact_k3,imagenet,margin_drop,alt:zero_abstain:sign_alpha=0.1,zero_abstain_alpha,0.1,moderate,moderate,0
imagenet_mnv2_050_exact_k3,imagenet,margin_drop,alt:zero_abstain:sign_alpha=0.1,zero_abstain_alpha,0.1,moderate,high,0
imagenet_mnv2_050_exact_k3,imagenet,margin_drop,alt:zero_abstain:sign_alpha=0.1,zero_abstain_alpha,0.1,high,unreliable,0
imagenet_mnv2_050_exact_k3,imagenet,margin_drop,alt:zero_abstain:sign_alpha=0.1,zero_abstain_alpha,0.1,high,low,288
imagenet_mnv2_050_exact_k3,imagenet,margin_drop,alt:zero_abstain:sign_alpha=0.1,zero_abstain_alpha,0.1,high,moderate,0
imagenet_mnv2_050_exact_k3,imagenet,margin_drop,alt:zero_abstain:sign_alpha=0.1,zero_abstain_alpha,0.1,high,high,22567
imagenet_mnv2_050_exact_k3,imagenet,margin_drop,alt:zero_abstain:sign_alpha=0.25,zero_abstain_alpha,0.25,unreliable,unreliable,66810
imagenet_mnv2_050_exact_k3,imagenet,margin_drop,alt:zero_abstain:sign_alpha=0.25,zero_abstain_alpha,0.25,unreliable,low,23361
imagenet_mnv2_050_exact_k3,imagenet,margin_drop,alt:zero_abstain:sign_alpha=0.25,zero_abstain_alpha,0.25,unreliable,moderate,0
imagenet_mnv2_050_exact_k3,imagenet,margin_drop,alt:zero_abstain:sign_alpha=0.25,zero_abstain_alpha,0.25,unreliable,high,4276
imagenet_mnv2_050_exact_k3,imagenet,margin_drop,alt:zero_abstain:sign_alpha=0.25,zero_abstain_alpha,0.25,low,unreliable,0
imagenet_mnv2_050_exact_k3,imagenet,margin_drop,alt:zero_abstain:sign_alpha=0.25,zero_abstain_alpha,0.25,low,low,42698
imagenet_mnv2_050_exact_k3,imagenet,margin_drop,alt:zero_abstain:sign_alpha=0.25,zero_abstain_alpha,0.25,low,moderate,0
imagenet_mnv2_050_exact_k3,imagenet,margin_drop,alt:zero_abstain:sign_alpha=0.25,zero_abstain_alpha,0.25,low,high,0
imagenet_mnv2_050_exact_k3,imagenet,margin_drop,alt:zero_abstain:sign_alpha=0.25,zero_abstain_alpha,0.25,moderate,unreliable,0
imagenet_mnv2_050_exact_k3,imagenet,margin_drop,alt:zero_abstain:sign_alpha=0.25,zero_abstain_alpha,0.25,moderate,low,0
imagenet_mnv2_050_exact_k3,imagenet,margin_drop,alt:zero_abstain:sign_alpha=0.25,zero_abstain_alpha,0.25,moderate,moderate,0
imagenet_mnv2_050_exact_k3,imagenet,margin_drop,alt:zero_abstain:sign_alpha=0.25,zero_abstain_alpha,0.25,moderate,high,0
imagenet_mnv2_050_exact_k3,imagenet,margin_drop,alt:zero_abstain:sign_alpha=0.25,zero_abstain_alpha,0.25,high,unreliable,0
imagenet_mnv2_050_exact_k3,imagenet,margin_drop,alt:zero_abstain:sign_alpha=0.25,zero_abstain_alpha,0.25,high,low,1014
imagenet_mnv2_050_exact_k3,imagenet,margin_drop,alt:zero_abstain:sign_alpha=0.25,zero_abstain_alpha,0.25,high,moderate,0
imagenet_mnv2_050_exact_k3,imagenet,margin_drop,alt:zero_abstain:sign_alpha=0.25,zero_abstain_alpha,0.25,high,high,21841
imagenet_mnv2_050_crop_free_k3,imagenet,margin_drop,default,default,,unreliable,unreliable,98572
imagenet_mnv2_050_crop_free_k3,imagenet,margin_drop,default,default,,unreliable,low,0
imagenet_mnv2_050_crop_free_k3,imagenet,margin_drop,default,default,,unreliable,moderate,0
imagenet_mnv2_050_crop_free_k3,imagenet,margin_drop,default,default,,unreliable,high,0
imagenet_mnv2_050_crop_free_k3,imagenet,margin_drop,default,default,,low,unreliable,0
imagenet_mnv2_050_crop_free_k3,imagenet,margin_drop,default,default,,low,low,38163
imagenet_mnv2_050_crop_free_k3,imagenet,margin_drop,default,default,,low,moderate,0
imagenet_mnv2_050_crop_free_k3,imagenet,margin_drop,default,default,,low,high,0
imagenet_mnv2_050_crop_free_k3,imagenet,margin_drop,default,default,,moderate,unreliable,0
imagenet_mnv2_050_crop_free_k3,imagenet,margin_drop,default,default,,moderate,low,0
imagenet_mnv2_050_crop_free_k3,imagenet,margin_drop,default,default,,moderate,moderate,0
imagenet_mnv2_050_crop_free_k3,imagenet,margin_drop,default,default,,moderate,high,0
imagenet_mnv2_050_crop_free_k3,imagenet,margin_drop,default,default,,high,unreliable,0
imagenet_mnv2_050_crop_free_k3,imagenet,margin_drop,default,default,,high,low,0
imagenet_mnv2_050_crop_free_k3,imagenet,margin_drop,default,default,,high,moderate,0
imagenet_mnv2_050_crop_free_k3,imagenet,margin_drop,default,default,,high,high,23265
imagenet_mnv2_050_crop_free_k3,imagenet,margin_drop,oat:z_threshold=1.0,z_threshold,1.0,unreliable,unreliable,98572
imagenet_mnv2_050_crop_free_k3,imagenet,margin_drop,oat:z_threshold=1.0,z_threshold,1.0,unreliable,low,0
imagenet_mnv2_050_crop_free_k3,imagenet,margin_drop,oat:z_threshold=1.0,z_threshold,1.0,unreliable,moderate,0
imagenet_mnv2_050_crop_free_k3,imagenet,margin_drop,oat:z_threshold=1.0,z_threshold,1.0,unreliable,high,0
imagenet_mnv2_050_crop_free_k3,imagenet,margin_drop,oat:z_threshold=1.0,z_threshold,1.0,low,unreliable,0
imagenet_mnv2_050_crop_free_k3,imagenet,margin_drop,oat:z_threshold=1.0,z_threshold,1.0,low,low,28333
imagenet_mnv2_050_crop_free_k3,imagenet,margin_drop,oat:z_threshold=1.0,z_threshold,1.0,low,moderate,0
imagenet_mnv2_050_crop_free_k3,imagenet,margin_drop,oat:z_threshold=1.0,z_threshold,1.0,low,high,9830
imagenet_mnv2_050_crop_free_k3,imagenet,margin_drop,oat:z_threshold=1.0,z_threshold,1.0,moderate,unreliable,0
imagenet_mnv2_050_crop_free_k3,imagenet,margin_drop,oat:z_threshold=1.0,z_threshold,1.0,moderate,low,0
imagenet_mnv2_050_crop_free_k3,imagenet,margin_drop,oat:z_threshold=1.0,z_threshold,1.0,moderate,moderate,0
imagenet_mnv2_050_crop_free_k3,imagenet,margin_drop,oat:z_threshold=1.0,z_threshold,1.0,moderate,high,0
imagenet_mnv2_050_crop_free_k3,imagenet,margin_drop,oat:z_threshold=1.0,z_threshold,1.0,high,unreliable,0
imagenet_mnv2_050_crop_free_k3,imagenet,margin_drop,oat:z_threshold=1.0,z_threshold,1.0,high,low,0
imagenet_mnv2_050_crop_free_k3,imagenet,margin_drop,oat:z_threshold=1.0,z_threshold,1.0,high,moderate,0
imagenet_mnv2_050_crop_free_k3,imagenet,margin_drop,oat:z_threshold=1.0,z_threshold,1.0,high,high,23265
imagenet_mnv2_050_crop_free_k3,imagenet,margin_drop,oat:z_threshold=1.5,z_threshold,1.5,unreliable,unreliable,98572
imagenet_mnv2_050_crop_free_k3,imagenet,margin_drop,oat:z_threshold=1.5,z_threshold,1.5,unreliable,low,0
imagenet_mnv2_050_crop_free_k3,imagenet,margin_drop,oat:z_threshold=1.5,z_threshold,1.5,unreliable,moderate,0
imagenet_mnv2_050_crop_free_k3,imagenet,margin_drop,oat:z_threshold=1.5,z_threshold,1.5,unreliable,high,0
imagenet_mnv2_050_crop_free_k3,imagenet,margin_drop,oat:z_threshold=1.5,z_threshold,1.5,low,unreliable,0
imagenet_mnv2_050_crop_free_k3,imagenet,margin_drop,oat:z_threshold=1.5,z_threshold,1.5,low,low,33678
imagenet_mnv2_050_crop_free_k3,imagenet,margin_drop,oat:z_threshold=1.5,z_threshold,1.5,low,moderate,0
imagenet_mnv2_050_crop_free_k3,imagenet,margin_drop,oat:z_threshold=1.5,z_threshold,1.5,low,high,4485
imagenet_mnv2_050_crop_free_k3,imagenet,margin_drop,oat:z_threshold=1.5,z_threshold,1.5,moderate,unreliable,0
imagenet_mnv2_050_crop_free_k3,imagenet,margin_drop,oat:z_threshold=1.5,z_threshold,1.5,moderate,low,0
imagenet_mnv2_050_crop_free_k3,imagenet,margin_drop,oat:z_threshold=1.5,z_threshold,1.5,moderate,moderate,0
imagenet_mnv2_050_crop_free_k3,imagenet,margin_drop,oat:z_threshold=1.5,z_threshold,1.5,moderate,high,0
imagenet_mnv2_050_crop_free_k3,imagenet,margin_drop,oat:z_threshold=1.5,z_threshold,1.5,high,unreliable,0
imagenet_mnv2_050_crop_free_k3,imagenet,margin_drop,oat:z_threshold=1.5,z_threshold,1.5,high,low,0
imagenet_mnv2_050_crop_free_k3,imagenet,margin_drop,oat:z_threshold=1.5,z_threshold,1.5,high,moderate,0
imagenet_mnv2_050_crop_free_k3,imagenet,margin_drop,oat:z_threshold=1.5,z_threshold,1.5,high,high,23265
imagenet_mnv2_050_crop_free_k3,imagenet,margin_drop,oat:z_threshold=2.0,z_threshold,2.0,unreliable,unreliable,98572
imagenet_mnv2_050_crop_free_k3,imagenet,margin_drop,oat:z_threshold=2.0,z_threshold,2.0,unreliable,low,0
imagenet_mnv2_050_crop_free_k3,imagenet,margin_drop,oat:z_threshold=2.0,z_threshold,2.0,unreliable,moderate,0
imagenet_mnv2_050_crop_free_k3,imagenet,margin_drop,oat:z_threshold=2.0,z_threshold,2.0,unreliable,high,0
imagenet_mnv2_050_crop_free_k3,imagenet,margin_drop,oat:z_threshold=2.0,z_threshold,2.0,low,unreliable,0
imagenet_mnv2_050_crop_free_k3,imagenet,margin_drop,oat:z_threshold=2.0,z_threshold,2.0,low,low,38163
imagenet_mnv2_050_crop_free_k3,imagenet,margin_drop,oat:z_threshold=2.0,z_threshold,2.0,low,moderate,0
imagenet_mnv2_050_crop_free_k3,imagenet,margin_drop,oat:z_threshold=2.0,z_threshold,2.0,low,high,0
imagenet_mnv2_050_crop_free_k3,imagenet,margin_drop,oat:z_threshold=2.0,z_threshold,2.0,moderate,unreliable,0
imagenet_mnv2_050_crop_free_k3,imagenet,margin_drop,oat:z_threshold=2.0,z_threshold,2.0,moderate,low,0
imagenet_mnv2_050_crop_free_k3,imagenet,margin_drop,oat:z_threshold=2.0,z_threshold,2.0,moderate,moderate,0
imagenet_mnv2_050_crop_free_k3,imagenet,margin_drop,oat:z_threshold=2.0,z_threshold,2.0,moderate,high,0
imagenet_mnv2_050_crop_free_k3,imagenet,margin_drop,oat:z_threshold=2.0,z_threshold,2.0,high,unreliable,0
imagenet_mnv2_050_crop_free_k3,imagenet,margin_drop,oat:z_threshold=2.0,z_threshold,2.0,high,low,0
imagenet_mnv2_050_crop_free_k3,imagenet,margin_drop,oat:z_threshold=2.0,z_threshold,2.0,high,moderate,0
imagenet_mnv2_050_crop_free_k3,imagenet,margin_drop,oat:z_threshold=2.0,z_threshold,2.0,high,high,23265
imagenet_mnv2_050_crop_free_k3,imagenet,margin_drop,oat:z_threshold=2.5,z_threshold,2.5,unreliable,unreliable,98572
imagenet_mnv2_050_crop_free_k3,imagenet,margin_drop,oat:z_threshold=2.5,z_threshold,2.5,unreliable,low,0
imagenet_mnv2_050_crop_free_k3,imagenet,margin_drop,oat:z_threshold=2.5,z_threshold,2.5,unreliable,moderate,0
imagenet_mnv2_050_crop_free_k3,imagenet,margin_drop,oat:z_threshold=2.5,z_threshold,2.5,unreliable,high,0
imagenet_mnv2_050_crop_free_k3,imagenet,margin_drop,oat:z_threshold=2.5,z_threshold,2.5,low,unreliable,0
imagenet_mnv2_050_crop_free_k3,imagenet,margin_drop,oat:z_threshold=2.5,z_threshold,2.5,low,low,38163
imagenet_mnv2_050_crop_free_k3,imagenet,margin_drop,oat:z_threshold=2.5,z_threshold,2.5,low,moderate,0
imagenet_mnv2_050_crop_free_k3,imagenet,margin_drop,oat:z_threshold=2.5,z_threshold,2.5,low,high,0
imagenet_mnv2_050_crop_free_k3,imagenet,margin_drop,oat:z_threshold=2.5,z_threshold,2.5,moderate,unreliable,0
imagenet_mnv2_050_crop_free_k3,imagenet,margin_drop,oat:z_threshold=2.5,z_threshold,2.5,moderate,low,0
imagenet_mnv2_050_crop_free_k3,imagenet,margin_drop,oat:z_threshold=2.5,z_threshold,2.5,moderate,moderate,0
imagenet_mnv2_050_crop_free_k3,imagenet,margin_drop,oat:z_threshold=2.5,z_threshold,2.5,moderate,high,0
imagenet_mnv2_050_crop_free_k3,imagenet,margin_drop,oat:z_threshold=2.5,z_threshold,2.5,high,unreliable,0
imagenet_mnv2_050_crop_free_k3,imagenet,margin_drop,oat:z_threshold=2.5,z_threshold,2.5,high,low,3613
imagenet_mnv2_050_crop_free_k3,imagenet,margin_drop,oat:z_threshold=2.5,z_threshold,2.5,high,moderate,0
imagenet_mnv2_050_crop_free_k3,imagenet,margin_drop,oat:z_threshold=2.5,z_threshold,2.5,high,high,19652
imagenet_mnv2_050_crop_free_k3,imagenet,margin_drop,oat:z_threshold=3.0,z_threshold,3.0,unreliable,unreliable,98572
imagenet_mnv2_050_crop_free_k3,imagenet,margin_drop,oat:z_threshold=3.0,z_threshold,3.0,unreliable,low,0
imagenet_mnv2_050_crop_free_k3,imagenet,margin_drop,oat:z_threshold=3.0,z_threshold,3.0,unreliable,moderate,0
imagenet_mnv2_050_crop_free_k3,imagenet,margin_drop,oat:z_threshold=3.0,z_threshold,3.0,unreliable,high,0
imagenet_mnv2_050_crop_free_k3,imagenet,margin_drop,oat:z_threshold=3.0,z_threshold,3.0,low,unreliable,0
imagenet_mnv2_050_crop_free_k3,imagenet,margin_drop,oat:z_threshold=3.0,z_threshold,3.0,low,low,38163
imagenet_mnv2_050_crop_free_k3,imagenet,margin_drop,oat:z_threshold=3.0,z_threshold,3.0,low,moderate,0
imagenet_mnv2_050_crop_free_k3,imagenet,margin_drop,oat:z_threshold=3.0,z_threshold,3.0,low,high,0
imagenet_mnv2_050_crop_free_k3,imagenet,margin_drop,oat:z_threshold=3.0,z_threshold,3.0,moderate,unreliable,0
imagenet_mnv2_050_crop_free_k3,imagenet,margin_drop,oat:z_threshold=3.0,z_threshold,3.0,moderate,low,0
imagenet_mnv2_050_crop_free_k3,imagenet,margin_drop,oat:z_threshold=3.0,z_threshold,3.0,moderate,moderate,0
imagenet_mnv2_050_crop_free_k3,imagenet,margin_drop,oat:z_threshold=3.0,z_threshold,3.0,moderate,high,0
imagenet_mnv2_050_crop_free_k3,imagenet,margin_drop,oat:z_threshold=3.0,z_threshold,3.0,high,unreliable,0
imagenet_mnv2_050_crop_free_k3,imagenet,margin_drop,oat:z_threshold=3.0,z_threshold,3.0,high,low,6584
imagenet_mnv2_050_crop_free_k3,imagenet,margin_drop,oat:z_threshold=3.0,z_threshold,3.0,high,moderate,0
imagenet_mnv2_050_crop_free_k3,imagenet,margin_drop,oat:z_threshold=3.0,z_threshold,3.0,high,high,16681
imagenet_mnv2_050_crop_free_k3,imagenet,margin_drop,oat:z_threshold=4.0,z_threshold,4.0,unreliable,unreliable,98572
imagenet_mnv2_050_crop_free_k3,imagenet,margin_drop,oat:z_threshold=4.0,z_threshold,4.0,unreliable,low,0
imagenet_mnv2_050_crop_free_k3,imagenet,margin_drop,oat:z_threshold=4.0,z_threshold,4.0,unreliable,moderate,0
imagenet_mnv2_050_crop_free_k3,imagenet,margin_drop,oat:z_threshold=4.0,z_threshold,4.0,unreliable,high,0
imagenet_mnv2_050_crop_free_k3,imagenet,margin_drop,oat:z_threshold=4.0,z_threshold,4.0,low,unreliable,0
imagenet_mnv2_050_crop_free_k3,imagenet,margin_drop,oat:z_threshold=4.0,z_threshold,4.0,low,low,38163
imagenet_mnv2_050_crop_free_k3,imagenet,margin_drop,oat:z_threshold=4.0,z_threshold,4.0,low,moderate,0
imagenet_mnv2_050_crop_free_k3,imagenet,margin_drop,oat:z_threshold=4.0,z_threshold,4.0,low,high,0
imagenet_mnv2_050_crop_free_k3,imagenet,margin_drop,oat:z_threshold=4.0,z_threshold,4.0,moderate,unreliable,0
imagenet_mnv2_050_crop_free_k3,imagenet,margin_drop,oat:z_threshold=4.0,z_threshold,4.0,moderate,low,0
imagenet_mnv2_050_crop_free_k3,imagenet,margin_drop,oat:z_threshold=4.0,z_threshold,4.0,moderate,moderate,0
imagenet_mnv2_050_crop_free_k3,imagenet,margin_drop,oat:z_threshold=4.0,z_threshold,4.0,moderate,high,0
imagenet_mnv2_050_crop_free_k3,imagenet,margin_drop,oat:z_threshold=4.0,z_threshold,4.0,high,unreliable,0
imagenet_mnv2_050_crop_free_k3,imagenet,margin_drop,oat:z_threshold=4.0,z_threshold,4.0,high,low,10989
imagenet_mnv2_050_crop_free_k3,imagenet,margin_drop,oat:z_threshold=4.0,z_threshold,4.0,high,moderate,0
imagenet_mnv2_050_crop_free_k3,imagenet,margin_drop,oat:z_threshold=4.0,z_threshold,4.0,high,high,12276
imagenet_mnv2_050_crop_free_k3,imagenet,margin_drop,oat:sign_alpha=0.0,sign_alpha,0.0,unreliable,unreliable,98572
imagenet_mnv2_050_crop_free_k3,imagenet,margin_drop,oat:sign_alpha=0.0,sign_alpha,0.0,unreliable,low,0
imagenet_mnv2_050_crop_free_k3,imagenet,margin_drop,oat:sign_alpha=0.0,sign_alpha,0.0,unreliable,moderate,0
imagenet_mnv2_050_crop_free_k3,imagenet,margin_drop,oat:sign_alpha=0.0,sign_alpha,0.0,unreliable,high,0
imagenet_mnv2_050_crop_free_k3,imagenet,margin_drop,oat:sign_alpha=0.0,sign_alpha,0.0,low,unreliable,0
imagenet_mnv2_050_crop_free_k3,imagenet,margin_drop,oat:sign_alpha=0.0,sign_alpha,0.0,low,low,38163
imagenet_mnv2_050_crop_free_k3,imagenet,margin_drop,oat:sign_alpha=0.0,sign_alpha,0.0,low,moderate,0
imagenet_mnv2_050_crop_free_k3,imagenet,margin_drop,oat:sign_alpha=0.0,sign_alpha,0.0,low,high,0
imagenet_mnv2_050_crop_free_k3,imagenet,margin_drop,oat:sign_alpha=0.0,sign_alpha,0.0,moderate,unreliable,0
imagenet_mnv2_050_crop_free_k3,imagenet,margin_drop,oat:sign_alpha=0.0,sign_alpha,0.0,moderate,low,0
imagenet_mnv2_050_crop_free_k3,imagenet,margin_drop,oat:sign_alpha=0.0,sign_alpha,0.0,moderate,moderate,0
imagenet_mnv2_050_crop_free_k3,imagenet,margin_drop,oat:sign_alpha=0.0,sign_alpha,0.0,moderate,high,0
imagenet_mnv2_050_crop_free_k3,imagenet,margin_drop,oat:sign_alpha=0.0,sign_alpha,0.0,high,unreliable,0
imagenet_mnv2_050_crop_free_k3,imagenet,margin_drop,oat:sign_alpha=0.0,sign_alpha,0.0,high,low,0
imagenet_mnv2_050_crop_free_k3,imagenet,margin_drop,oat:sign_alpha=0.0,sign_alpha,0.0,high,moderate,0
imagenet_mnv2_050_crop_free_k3,imagenet,margin_drop,oat:sign_alpha=0.0,sign_alpha,0.0,high,high,23265
imagenet_mnv2_050_crop_free_k3,imagenet,margin_drop,oat:sign_alpha=0.01,sign_alpha,0.01,unreliable,unreliable,98572
imagenet_mnv2_050_crop_free_k3,imagenet,margin_drop,oat:sign_alpha=0.01,sign_alpha,0.01,unreliable,low,0
imagenet_mnv2_050_crop_free_k3,imagenet,margin_drop,oat:sign_alpha=0.01,sign_alpha,0.01,unreliable,moderate,0
imagenet_mnv2_050_crop_free_k3,imagenet,margin_drop,oat:sign_alpha=0.01,sign_alpha,0.01,unreliable,high,0
imagenet_mnv2_050_crop_free_k3,imagenet,margin_drop,oat:sign_alpha=0.01,sign_alpha,0.01,low,unreliable,822
imagenet_mnv2_050_crop_free_k3,imagenet,margin_drop,oat:sign_alpha=0.01,sign_alpha,0.01,low,low,37341
imagenet_mnv2_050_crop_free_k3,imagenet,margin_drop,oat:sign_alpha=0.01,sign_alpha,0.01,low,moderate,0
imagenet_mnv2_050_crop_free_k3,imagenet,margin_drop,oat:sign_alpha=0.01,sign_alpha,0.01,low,high,0
imagenet_mnv2_050_crop_free_k3,imagenet,margin_drop,oat:sign_alpha=0.01,sign_alpha,0.01,moderate,unreliable,0
imagenet_mnv2_050_crop_free_k3,imagenet,margin_drop,oat:sign_alpha=0.01,sign_alpha,0.01,moderate,low,0
imagenet_mnv2_050_crop_free_k3,imagenet,margin_drop,oat:sign_alpha=0.01,sign_alpha,0.01,moderate,moderate,0
imagenet_mnv2_050_crop_free_k3,imagenet,margin_drop,oat:sign_alpha=0.01,sign_alpha,0.01,moderate,high,0
imagenet_mnv2_050_crop_free_k3,imagenet,margin_drop,oat:sign_alpha=0.01,sign_alpha,0.01,high,unreliable,353
imagenet_mnv2_050_crop_free_k3,imagenet,margin_drop,oat:sign_alpha=0.01,sign_alpha,0.01,high,low,0
imagenet_mnv2_050_crop_free_k3,imagenet,margin_drop,oat:sign_alpha=0.01,sign_alpha,0.01,high,moderate,0
imagenet_mnv2_050_crop_free_k3,imagenet,margin_drop,oat:sign_alpha=0.01,sign_alpha,0.01,high,high,22912
imagenet_mnv2_050_crop_free_k3,imagenet,margin_drop,oat:sign_alpha=0.05,sign_alpha,0.05,unreliable,unreliable,98554
imagenet_mnv2_050_crop_free_k3,imagenet,margin_drop,oat:sign_alpha=0.05,sign_alpha,0.05,unreliable,low,14
imagenet_mnv2_050_crop_free_k3,imagenet,margin_drop,oat:sign_alpha=0.05,sign_alpha,0.05,unreliable,moderate,0
imagenet_mnv2_050_crop_free_k3,imagenet,margin_drop,oat:sign_alpha=0.05,sign_alpha,0.05,unreliable,high,4
imagenet_mnv2_050_crop_free_k3,imagenet,margin_drop,oat:sign_alpha=0.05,sign_alpha,0.05,low,unreliable,4075
imagenet_mnv2_050_crop_free_k3,imagenet,margin_drop,oat:sign_alpha=0.05,sign_alpha,0.05,low,low,34088
imagenet_mnv2_050_crop_free_k3,imagenet,margin_drop,oat:sign_alpha=0.05,sign_alpha,0.05,low,moderate,0
imagenet_mnv2_050_crop_free_k3,imagenet,margin_drop,oat:sign_alpha=0.05,sign_alpha,0.05,low,high,0
imagenet_mnv2_050_crop_free_k3,imagenet,margin_drop,oat:sign_alpha=0.05,sign_alpha,0.05,moderate,unreliable,0
imagenet_mnv2_050_crop_free_k3,imagenet,margin_drop,oat:sign_alpha=0.05,sign_alpha,0.05,moderate,low,0
imagenet_mnv2_050_crop_free_k3,imagenet,margin_drop,oat:sign_alpha=0.05,sign_alpha,0.05,moderate,moderate,0
imagenet_mnv2_050_crop_free_k3,imagenet,margin_drop,oat:sign_alpha=0.05,sign_alpha,0.05,moderate,high,0
imagenet_mnv2_050_crop_free_k3,imagenet,margin_drop,oat:sign_alpha=0.05,sign_alpha,0.05,high,unreliable,1596
imagenet_mnv2_050_crop_free_k3,imagenet,margin_drop,oat:sign_alpha=0.05,sign_alpha,0.05,high,low,0
imagenet_mnv2_050_crop_free_k3,imagenet,margin_drop,oat:sign_alpha=0.05,sign_alpha,0.05,high,moderate,0
imagenet_mnv2_050_crop_free_k3,imagenet,margin_drop,oat:sign_alpha=0.05,sign_alpha,0.05,high,high,21669
imagenet_mnv2_050_crop_free_k3,imagenet,margin_drop,oat:sign_alpha=0.1,sign_alpha,0.1,unreliable,unreliable,98474
imagenet_mnv2_050_crop_free_k3,imagenet,margin_drop,oat:sign_alpha=0.1,sign_alpha,0.1,unreliable,low,83
imagenet_mnv2_050_crop_free_k3,imagenet,margin_drop,oat:sign_alpha=0.1,sign_alpha,0.1,unreliable,moderate,0
imagenet_mnv2_050_crop_free_k3,imagenet,margin_drop,oat:sign_alpha=0.1,sign_alpha,0.1,unreliable,high,15
imagenet_mnv2_050_crop_free_k3,imagenet,margin_drop,oat:sign_alpha=0.1,sign_alpha,0.1,low,unreliable,7837
imagenet_mnv2_050_crop_free_k3,imagenet,margin_drop,oat:sign_alpha=0.1,sign_alpha,0.1,low,low,30326
imagenet_mnv2_050_crop_free_k3,imagenet,margin_drop,oat:sign_alpha=0.1,sign_alpha,0.1,low,moderate,0
imagenet_mnv2_050_crop_free_k3,imagenet,margin_drop,oat:sign_alpha=0.1,sign_alpha,0.1,low,high,0
imagenet_mnv2_050_crop_free_k3,imagenet,margin_drop,oat:sign_alpha=0.1,sign_alpha,0.1,moderate,unreliable,0
imagenet_mnv2_050_crop_free_k3,imagenet,margin_drop,oat:sign_alpha=0.1,sign_alpha,0.1,moderate,low,0
imagenet_mnv2_050_crop_free_k3,imagenet,margin_drop,oat:sign_alpha=0.1,sign_alpha,0.1,moderate,moderate,0
imagenet_mnv2_050_crop_free_k3,imagenet,margin_drop,oat:sign_alpha=0.1,sign_alpha,0.1,moderate,high,0
imagenet_mnv2_050_crop_free_k3,imagenet,margin_drop,oat:sign_alpha=0.1,sign_alpha,0.1,high,unreliable,3080
imagenet_mnv2_050_crop_free_k3,imagenet,margin_drop,oat:sign_alpha=0.1,sign_alpha,0.1,high,low,0
imagenet_mnv2_050_crop_free_k3,imagenet,margin_drop,oat:sign_alpha=0.1,sign_alpha,0.1,high,moderate,0
imagenet_mnv2_050_crop_free_k3,imagenet,margin_drop,oat:sign_alpha=0.1,sign_alpha,0.1,high,high,20185
imagenet_mnv2_050_crop_free_k3,imagenet,margin_drop,oat:sign_alpha=0.25,sign_alpha,0.25,unreliable,unreliable,97619
imagenet_mnv2_050_crop_free_k3,imagenet,margin_drop,oat:sign_alpha=0.25,sign_alpha,0.25,unreliable,low,776
imagenet_mnv2_050_crop_free_k3,imagenet,margin_drop,oat:sign_alpha=0.25,sign_alpha,0.25,unreliable,moderate,0
imagenet_mnv2_050_crop_free_k3,imagenet,margin_drop,oat:sign_alpha=0.25,sign_alpha,0.25,unreliable,high,177
imagenet_mnv2_050_crop_free_k3,imagenet,margin_drop,oat:sign_alpha=0.25,sign_alpha,0.25,low,unreliable,16459
imagenet_mnv2_050_crop_free_k3,imagenet,margin_drop,oat:sign_alpha=0.25,sign_alpha,0.25,low,low,21704
imagenet_mnv2_050_crop_free_k3,imagenet,margin_drop,oat:sign_alpha=0.25,sign_alpha,0.25,low,moderate,0
imagenet_mnv2_050_crop_free_k3,imagenet,margin_drop,oat:sign_alpha=0.25,sign_alpha,0.25,low,high,0
imagenet_mnv2_050_crop_free_k3,imagenet,margin_drop,oat:sign_alpha=0.25,sign_alpha,0.25,moderate,unreliable,0
imagenet_mnv2_050_crop_free_k3,imagenet,margin_drop,oat:sign_alpha=0.25,sign_alpha,0.25,moderate,low,0
imagenet_mnv2_050_crop_free_k3,imagenet,margin_drop,oat:sign_alpha=0.25,sign_alpha,0.25,moderate,moderate,0
imagenet_mnv2_050_crop_free_k3,imagenet,margin_drop,oat:sign_alpha=0.25,sign_alpha,0.25,moderate,high,0
imagenet_mnv2_050_crop_free_k3,imagenet,margin_drop,oat:sign_alpha=0.25,sign_alpha,0.25,high,unreliable,6871
imagenet_mnv2_050_crop_free_k3,imagenet,margin_drop,oat:sign_alpha=0.25,sign_alpha,0.25,high,low,0
imagenet_mnv2_050_crop_free_k3,imagenet,margin_drop,oat:sign_alpha=0.25,sign_alpha,0.25,high,moderate,0
imagenet_mnv2_050_crop_free_k3,imagenet,margin_drop,oat:sign_alpha=0.25,sign_alpha,0.25,high,high,16394
imagenet_mnv2_050_crop_free_k3,imagenet,margin_drop,oat:min_multi_strategy=2,min_multi_strategy,2,unreliable,unreliable,98572
imagenet_mnv2_050_crop_free_k3,imagenet,margin_drop,oat:min_multi_strategy=2,min_multi_strategy,2,unreliable,low,0
imagenet_mnv2_050_crop_free_k3,imagenet,margin_drop,oat:min_multi_strategy=2,min_multi_strategy,2,unreliable,moderate,0
imagenet_mnv2_050_crop_free_k3,imagenet,margin_drop,oat:min_multi_strategy=2,min_multi_strategy,2,unreliable,high,0
imagenet_mnv2_050_crop_free_k3,imagenet,margin_drop,oat:min_multi_strategy=2,min_multi_strategy,2,low,unreliable,0
imagenet_mnv2_050_crop_free_k3,imagenet,margin_drop,oat:min_multi_strategy=2,min_multi_strategy,2,low,low,38163
imagenet_mnv2_050_crop_free_k3,imagenet,margin_drop,oat:min_multi_strategy=2,min_multi_strategy,2,low,moderate,0
imagenet_mnv2_050_crop_free_k3,imagenet,margin_drop,oat:min_multi_strategy=2,min_multi_strategy,2,low,high,0
imagenet_mnv2_050_crop_free_k3,imagenet,margin_drop,oat:min_multi_strategy=2,min_multi_strategy,2,moderate,unreliable,0
imagenet_mnv2_050_crop_free_k3,imagenet,margin_drop,oat:min_multi_strategy=2,min_multi_strategy,2,moderate,low,0
imagenet_mnv2_050_crop_free_k3,imagenet,margin_drop,oat:min_multi_strategy=2,min_multi_strategy,2,moderate,moderate,0
imagenet_mnv2_050_crop_free_k3,imagenet,margin_drop,oat:min_multi_strategy=2,min_multi_strategy,2,moderate,high,0
imagenet_mnv2_050_crop_free_k3,imagenet,margin_drop,oat:min_multi_strategy=2,min_multi_strategy,2,high,unreliable,0
imagenet_mnv2_050_crop_free_k3,imagenet,margin_drop,oat:min_multi_strategy=2,min_multi_strategy,2,high,low,0
imagenet_mnv2_050_crop_free_k3,imagenet,margin_drop,oat:min_multi_strategy=2,min_multi_strategy,2,high,moderate,0
imagenet_mnv2_050_crop_free_k3,imagenet,margin_drop,oat:min_multi_strategy=2,min_multi_strategy,2,high,high,23265
imagenet_mnv2_050_crop_free_k3,imagenet,margin_drop,oat:min_multi_strategy=3,min_multi_strategy,3,unreliable,unreliable,98572
imagenet_mnv2_050_crop_free_k3,imagenet,margin_drop,oat:min_multi_strategy=3,min_multi_strategy,3,unreliable,low,0
imagenet_mnv2_050_crop_free_k3,imagenet,margin_drop,oat:min_multi_strategy=3,min_multi_strategy,3,unreliable,moderate,0
imagenet_mnv2_050_crop_free_k3,imagenet,margin_drop,oat:min_multi_strategy=3,min_multi_strategy,3,unreliable,high,0
imagenet_mnv2_050_crop_free_k3,imagenet,margin_drop,oat:min_multi_strategy=3,min_multi_strategy,3,low,unreliable,0
imagenet_mnv2_050_crop_free_k3,imagenet,margin_drop,oat:min_multi_strategy=3,min_multi_strategy,3,low,low,38163
imagenet_mnv2_050_crop_free_k3,imagenet,margin_drop,oat:min_multi_strategy=3,min_multi_strategy,3,low,moderate,0
imagenet_mnv2_050_crop_free_k3,imagenet,margin_drop,oat:min_multi_strategy=3,min_multi_strategy,3,low,high,0
imagenet_mnv2_050_crop_free_k3,imagenet,margin_drop,oat:min_multi_strategy=3,min_multi_strategy,3,moderate,unreliable,0
imagenet_mnv2_050_crop_free_k3,imagenet,margin_drop,oat:min_multi_strategy=3,min_multi_strategy,3,moderate,low,0
imagenet_mnv2_050_crop_free_k3,imagenet,margin_drop,oat:min_multi_strategy=3,min_multi_strategy,3,moderate,moderate,0
imagenet_mnv2_050_crop_free_k3,imagenet,margin_drop,oat:min_multi_strategy=3,min_multi_strategy,3,moderate,high,0
imagenet_mnv2_050_crop_free_k3,imagenet,margin_drop,oat:min_multi_strategy=3,min_multi_strategy,3,high,unreliable,0
imagenet_mnv2_050_crop_free_k3,imagenet,margin_drop,oat:min_multi_strategy=3,min_multi_strategy,3,high,low,0
imagenet_mnv2_050_crop_free_k3,imagenet,margin_drop,oat:min_multi_strategy=3,min_multi_strategy,3,high,moderate,0
imagenet_mnv2_050_crop_free_k3,imagenet,margin_drop,oat:min_multi_strategy=3,min_multi_strategy,3,high,high,23265
imagenet_mnv2_050_crop_free_k3,imagenet,margin_drop,oat:ci_level=90,ci_level,90,unreliable,unreliable,98572
imagenet_mnv2_050_crop_free_k3,imagenet,margin_drop,oat:ci_level=90,ci_level,90,unreliable,low,0
imagenet_mnv2_050_crop_free_k3,imagenet,margin_drop,oat:ci_level=90,ci_level,90,unreliable,moderate,0
imagenet_mnv2_050_crop_free_k3,imagenet,margin_drop,oat:ci_level=90,ci_level,90,unreliable,high,0
imagenet_mnv2_050_crop_free_k3,imagenet,margin_drop,oat:ci_level=90,ci_level,90,low,unreliable,0
imagenet_mnv2_050_crop_free_k3,imagenet,margin_drop,oat:ci_level=90,ci_level,90,low,low,38163
imagenet_mnv2_050_crop_free_k3,imagenet,margin_drop,oat:ci_level=90,ci_level,90,low,moderate,0
imagenet_mnv2_050_crop_free_k3,imagenet,margin_drop,oat:ci_level=90,ci_level,90,low,high,0
imagenet_mnv2_050_crop_free_k3,imagenet,margin_drop,oat:ci_level=90,ci_level,90,moderate,unreliable,0
imagenet_mnv2_050_crop_free_k3,imagenet,margin_drop,oat:ci_level=90,ci_level,90,moderate,low,0
imagenet_mnv2_050_crop_free_k3,imagenet,margin_drop,oat:ci_level=90,ci_level,90,moderate,moderate,0
imagenet_mnv2_050_crop_free_k3,imagenet,margin_drop,oat:ci_level=90,ci_level,90,moderate,high,0
imagenet_mnv2_050_crop_free_k3,imagenet,margin_drop,oat:ci_level=90,ci_level,90,high,unreliable,0
imagenet_mnv2_050_crop_free_k3,imagenet,margin_drop,oat:ci_level=90,ci_level,90,high,low,0
imagenet_mnv2_050_crop_free_k3,imagenet,margin_drop,oat:ci_level=90,ci_level,90,high,moderate,0
imagenet_mnv2_050_crop_free_k3,imagenet,margin_drop,oat:ci_level=90,ci_level,90,high,high,23265
imagenet_mnv2_050_crop_free_k3,imagenet,margin_drop,oat:ci_level=95,ci_level,95,unreliable,unreliable,98572
imagenet_mnv2_050_crop_free_k3,imagenet,margin_drop,oat:ci_level=95,ci_level,95,unreliable,low,0
imagenet_mnv2_050_crop_free_k3,imagenet,margin_drop,oat:ci_level=95,ci_level,95,unreliable,moderate,0
imagenet_mnv2_050_crop_free_k3,imagenet,margin_drop,oat:ci_level=95,ci_level,95,unreliable,high,0
imagenet_mnv2_050_crop_free_k3,imagenet,margin_drop,oat:ci_level=95,ci_level,95,low,unreliable,0
imagenet_mnv2_050_crop_free_k3,imagenet,margin_drop,oat:ci_level=95,ci_level,95,low,low,38163
imagenet_mnv2_050_crop_free_k3,imagenet,margin_drop,oat:ci_level=95,ci_level,95,low,moderate,0
imagenet_mnv2_050_crop_free_k3,imagenet,margin_drop,oat:ci_level=95,ci_level,95,low,high,0
imagenet_mnv2_050_crop_free_k3,imagenet,margin_drop,oat:ci_level=95,ci_level,95,moderate,unreliable,0
imagenet_mnv2_050_crop_free_k3,imagenet,margin_drop,oat:ci_level=95,ci_level,95,moderate,low,0
imagenet_mnv2_050_crop_free_k3,imagenet,margin_drop,oat:ci_level=95,ci_level,95,moderate,moderate,0
imagenet_mnv2_050_crop_free_k3,imagenet,margin_drop,oat:ci_level=95,ci_level,95,moderate,high,0
imagenet_mnv2_050_crop_free_k3,imagenet,margin_drop,oat:ci_level=95,ci_level,95,high,unreliable,0
imagenet_mnv2_050_crop_free_k3,imagenet,margin_drop,oat:ci_level=95,ci_level,95,high,low,0
imagenet_mnv2_050_crop_free_k3,imagenet,margin_drop,oat:ci_level=95,ci_level,95,high,moderate,0
imagenet_mnv2_050_crop_free_k3,imagenet,margin_drop,oat:ci_level=95,ci_level,95,high,high,23265
imagenet_mnv2_050_crop_free_k3,imagenet,margin_drop,oat:ci_level=99,ci_level,99,unreliable,unreliable,98572
imagenet_mnv2_050_crop_free_k3,imagenet,margin_drop,oat:ci_level=99,ci_level,99,unreliable,low,0
imagenet_mnv2_050_crop_free_k3,imagenet,margin_drop,oat:ci_level=99,ci_level,99,unreliable,moderate,0
imagenet_mnv2_050_crop_free_k3,imagenet,margin_drop,oat:ci_level=99,ci_level,99,unreliable,high,0
imagenet_mnv2_050_crop_free_k3,imagenet,margin_drop,oat:ci_level=99,ci_level,99,low,unreliable,0
imagenet_mnv2_050_crop_free_k3,imagenet,margin_drop,oat:ci_level=99,ci_level,99,low,low,38163
imagenet_mnv2_050_crop_free_k3,imagenet,margin_drop,oat:ci_level=99,ci_level,99,low,moderate,0
imagenet_mnv2_050_crop_free_k3,imagenet,margin_drop,oat:ci_level=99,ci_level,99,low,high,0
imagenet_mnv2_050_crop_free_k3,imagenet,margin_drop,oat:ci_level=99,ci_level,99,moderate,unreliable,0
imagenet_mnv2_050_crop_free_k3,imagenet,margin_drop,oat:ci_level=99,ci_level,99,moderate,low,0
imagenet_mnv2_050_crop_free_k3,imagenet,margin_drop,oat:ci_level=99,ci_level,99,moderate,moderate,0
imagenet_mnv2_050_crop_free_k3,imagenet,margin_drop,oat:ci_level=99,ci_level,99,moderate,high,0
imagenet_mnv2_050_crop_free_k3,imagenet,margin_drop,oat:ci_level=99,ci_level,99,high,unreliable,0
imagenet_mnv2_050_crop_free_k3,imagenet,margin_drop,oat:ci_level=99,ci_level,99,high,low,0
imagenet_mnv2_050_crop_free_k3,imagenet,margin_drop,oat:ci_level=99,ci_level,99,high,moderate,0
imagenet_mnv2_050_crop_free_k3,imagenet,margin_drop,oat:ci_level=99,ci_level,99,high,high,23265
imagenet_mnv2_050_crop_free_k3,imagenet,margin_drop,oat:ci_level=999,ci_level,999,unreliable,unreliable,98572
imagenet_mnv2_050_crop_free_k3,imagenet,margin_drop,oat:ci_level=999,ci_level,999,unreliable,low,0
imagenet_mnv2_050_crop_free_k3,imagenet,margin_drop,oat:ci_level=999,ci_level,999,unreliable,moderate,0
imagenet_mnv2_050_crop_free_k3,imagenet,margin_drop,oat:ci_level=999,ci_level,999,unreliable,high,0
imagenet_mnv2_050_crop_free_k3,imagenet,margin_drop,oat:ci_level=999,ci_level,999,low,unreliable,0
imagenet_mnv2_050_crop_free_k3,imagenet,margin_drop,oat:ci_level=999,ci_level,999,low,low,38163
imagenet_mnv2_050_crop_free_k3,imagenet,margin_drop,oat:ci_level=999,ci_level,999,low,moderate,0
imagenet_mnv2_050_crop_free_k3,imagenet,margin_drop,oat:ci_level=999,ci_level,999,low,high,0
imagenet_mnv2_050_crop_free_k3,imagenet,margin_drop,oat:ci_level=999,ci_level,999,moderate,unreliable,0
imagenet_mnv2_050_crop_free_k3,imagenet,margin_drop,oat:ci_level=999,ci_level,999,moderate,low,0
imagenet_mnv2_050_crop_free_k3,imagenet,margin_drop,oat:ci_level=999,ci_level,999,moderate,moderate,0
imagenet_mnv2_050_crop_free_k3,imagenet,margin_drop,oat:ci_level=999,ci_level,999,moderate,high,0
imagenet_mnv2_050_crop_free_k3,imagenet,margin_drop,oat:ci_level=999,ci_level,999,high,unreliable,0
imagenet_mnv2_050_crop_free_k3,imagenet,margin_drop,oat:ci_level=999,ci_level,999,high,low,0
imagenet_mnv2_050_crop_free_k3,imagenet,margin_drop,oat:ci_level=999,ci_level,999,high,moderate,0
imagenet_mnv2_050_crop_free_k3,imagenet,margin_drop,oat:ci_level=999,ci_level,999,high,high,23265
imagenet_mnv2_050_crop_free_k3,imagenet,margin_drop,oat:ddof=0,ddof,0,unreliable,unreliable,98572
imagenet_mnv2_050_crop_free_k3,imagenet,margin_drop,oat:ddof=0,ddof,0,unreliable,low,0
imagenet_mnv2_050_crop_free_k3,imagenet,margin_drop,oat:ddof=0,ddof,0,unreliable,moderate,0
imagenet_mnv2_050_crop_free_k3,imagenet,margin_drop,oat:ddof=0,ddof,0,unreliable,high,0
imagenet_mnv2_050_crop_free_k3,imagenet,margin_drop,oat:ddof=0,ddof,0,low,unreliable,0
imagenet_mnv2_050_crop_free_k3,imagenet,margin_drop,oat:ddof=0,ddof,0,low,low,38163
imagenet_mnv2_050_crop_free_k3,imagenet,margin_drop,oat:ddof=0,ddof,0,low,moderate,0
imagenet_mnv2_050_crop_free_k3,imagenet,margin_drop,oat:ddof=0,ddof,0,low,high,0
imagenet_mnv2_050_crop_free_k3,imagenet,margin_drop,oat:ddof=0,ddof,0,moderate,unreliable,0
imagenet_mnv2_050_crop_free_k3,imagenet,margin_drop,oat:ddof=0,ddof,0,moderate,low,0
imagenet_mnv2_050_crop_free_k3,imagenet,margin_drop,oat:ddof=0,ddof,0,moderate,moderate,0
imagenet_mnv2_050_crop_free_k3,imagenet,margin_drop,oat:ddof=0,ddof,0,moderate,high,0
imagenet_mnv2_050_crop_free_k3,imagenet,margin_drop,oat:ddof=0,ddof,0,high,unreliable,0
imagenet_mnv2_050_crop_free_k3,imagenet,margin_drop,oat:ddof=0,ddof,0,high,low,0
imagenet_mnv2_050_crop_free_k3,imagenet,margin_drop,oat:ddof=0,ddof,0,high,moderate,0
imagenet_mnv2_050_crop_free_k3,imagenet,margin_drop,oat:ddof=0,ddof,0,high,high,23265
imagenet_mnv2_050_crop_free_k3,imagenet,margin_drop,oat:ddof=1,ddof,1,unreliable,unreliable,98572
imagenet_mnv2_050_crop_free_k3,imagenet,margin_drop,oat:ddof=1,ddof,1,unreliable,low,0
imagenet_mnv2_050_crop_free_k3,imagenet,margin_drop,oat:ddof=1,ddof,1,unreliable,moderate,0
imagenet_mnv2_050_crop_free_k3,imagenet,margin_drop,oat:ddof=1,ddof,1,unreliable,high,0
imagenet_mnv2_050_crop_free_k3,imagenet,margin_drop,oat:ddof=1,ddof,1,low,unreliable,0
imagenet_mnv2_050_crop_free_k3,imagenet,margin_drop,oat:ddof=1,ddof,1,low,low,38163
imagenet_mnv2_050_crop_free_k3,imagenet,margin_drop,oat:ddof=1,ddof,1,low,moderate,0
imagenet_mnv2_050_crop_free_k3,imagenet,margin_drop,oat:ddof=1,ddof,1,low,high,0
imagenet_mnv2_050_crop_free_k3,imagenet,margin_drop,oat:ddof=1,ddof,1,moderate,unreliable,0
imagenet_mnv2_050_crop_free_k3,imagenet,margin_drop,oat:ddof=1,ddof,1,moderate,low,0
imagenet_mnv2_050_crop_free_k3,imagenet,margin_drop,oat:ddof=1,ddof,1,moderate,moderate,0
imagenet_mnv2_050_crop_free_k3,imagenet,margin_drop,oat:ddof=1,ddof,1,moderate,high,0
imagenet_mnv2_050_crop_free_k3,imagenet,margin_drop,oat:ddof=1,ddof,1,high,unreliable,0
imagenet_mnv2_050_crop_free_k3,imagenet,margin_drop,oat:ddof=1,ddof,1,high,low,3297
imagenet_mnv2_050_crop_free_k3,imagenet,margin_drop,oat:ddof=1,ddof,1,high,moderate,0
imagenet_mnv2_050_crop_free_k3,imagenet,margin_drop,oat:ddof=1,ddof,1,high,high,19968
imagenet_mnv2_050_crop_free_k3,imagenet,margin_drop,oat:std_floor_beta=0.0,std_floor_beta,0.0,unreliable,unreliable,98572
imagenet_mnv2_050_crop_free_k3,imagenet,margin_drop,oat:std_floor_beta=0.0,std_floor_beta,0.0,unreliable,low,0
imagenet_mnv2_050_crop_free_k3,imagenet,margin_drop,oat:std_floor_beta=0.0,std_floor_beta,0.0,unreliable,moderate,0
imagenet_mnv2_050_crop_free_k3,imagenet,margin_drop,oat:std_floor_beta=0.0,std_floor_beta,0.0,unreliable,high,0
imagenet_mnv2_050_crop_free_k3,imagenet,margin_drop,oat:std_floor_beta=0.0,std_floor_beta,0.0,low,unreliable,0
imagenet_mnv2_050_crop_free_k3,imagenet,margin_drop,oat:std_floor_beta=0.0,std_floor_beta,0.0,low,low,38163
imagenet_mnv2_050_crop_free_k3,imagenet,margin_drop,oat:std_floor_beta=0.0,std_floor_beta,0.0,low,moderate,0
imagenet_mnv2_050_crop_free_k3,imagenet,margin_drop,oat:std_floor_beta=0.0,std_floor_beta,0.0,low,high,0
imagenet_mnv2_050_crop_free_k3,imagenet,margin_drop,oat:std_floor_beta=0.0,std_floor_beta,0.0,moderate,unreliable,0
imagenet_mnv2_050_crop_free_k3,imagenet,margin_drop,oat:std_floor_beta=0.0,std_floor_beta,0.0,moderate,low,0
imagenet_mnv2_050_crop_free_k3,imagenet,margin_drop,oat:std_floor_beta=0.0,std_floor_beta,0.0,moderate,moderate,0
imagenet_mnv2_050_crop_free_k3,imagenet,margin_drop,oat:std_floor_beta=0.0,std_floor_beta,0.0,moderate,high,0
imagenet_mnv2_050_crop_free_k3,imagenet,margin_drop,oat:std_floor_beta=0.0,std_floor_beta,0.0,high,unreliable,0
imagenet_mnv2_050_crop_free_k3,imagenet,margin_drop,oat:std_floor_beta=0.0,std_floor_beta,0.0,high,low,0
imagenet_mnv2_050_crop_free_k3,imagenet,margin_drop,oat:std_floor_beta=0.0,std_floor_beta,0.0,high,moderate,0
imagenet_mnv2_050_crop_free_k3,imagenet,margin_drop,oat:std_floor_beta=0.0,std_floor_beta,0.0,high,high,23265
imagenet_mnv2_050_crop_free_k3,imagenet,margin_drop,oat:std_floor_beta=0.1,std_floor_beta,0.1,unreliable,unreliable,98572
imagenet_mnv2_050_crop_free_k3,imagenet,margin_drop,oat:std_floor_beta=0.1,std_floor_beta,0.1,unreliable,low,0
imagenet_mnv2_050_crop_free_k3,imagenet,margin_drop,oat:std_floor_beta=0.1,std_floor_beta,0.1,unreliable,moderate,0
imagenet_mnv2_050_crop_free_k3,imagenet,margin_drop,oat:std_floor_beta=0.1,std_floor_beta,0.1,unreliable,high,0
imagenet_mnv2_050_crop_free_k3,imagenet,margin_drop,oat:std_floor_beta=0.1,std_floor_beta,0.1,low,unreliable,0
imagenet_mnv2_050_crop_free_k3,imagenet,margin_drop,oat:std_floor_beta=0.1,std_floor_beta,0.1,low,low,38163
imagenet_mnv2_050_crop_free_k3,imagenet,margin_drop,oat:std_floor_beta=0.1,std_floor_beta,0.1,low,moderate,0
imagenet_mnv2_050_crop_free_k3,imagenet,margin_drop,oat:std_floor_beta=0.1,std_floor_beta,0.1,low,high,0
imagenet_mnv2_050_crop_free_k3,imagenet,margin_drop,oat:std_floor_beta=0.1,std_floor_beta,0.1,moderate,unreliable,0
imagenet_mnv2_050_crop_free_k3,imagenet,margin_drop,oat:std_floor_beta=0.1,std_floor_beta,0.1,moderate,low,0
imagenet_mnv2_050_crop_free_k3,imagenet,margin_drop,oat:std_floor_beta=0.1,std_floor_beta,0.1,moderate,moderate,0
imagenet_mnv2_050_crop_free_k3,imagenet,margin_drop,oat:std_floor_beta=0.1,std_floor_beta,0.1,moderate,high,0
imagenet_mnv2_050_crop_free_k3,imagenet,margin_drop,oat:std_floor_beta=0.1,std_floor_beta,0.1,high,unreliable,0
imagenet_mnv2_050_crop_free_k3,imagenet,margin_drop,oat:std_floor_beta=0.1,std_floor_beta,0.1,high,low,346
imagenet_mnv2_050_crop_free_k3,imagenet,margin_drop,oat:std_floor_beta=0.1,std_floor_beta,0.1,high,moderate,0
imagenet_mnv2_050_crop_free_k3,imagenet,margin_drop,oat:std_floor_beta=0.1,std_floor_beta,0.1,high,high,22919
imagenet_mnv2_050_crop_free_k3,imagenet,margin_drop,oat:std_floor_beta=0.25,std_floor_beta,0.25,unreliable,unreliable,98572
imagenet_mnv2_050_crop_free_k3,imagenet,margin_drop,oat:std_floor_beta=0.25,std_floor_beta,0.25,unreliable,low,0
imagenet_mnv2_050_crop_free_k3,imagenet,margin_drop,oat:std_floor_beta=0.25,std_floor_beta,0.25,unreliable,moderate,0
imagenet_mnv2_050_crop_free_k3,imagenet,margin_drop,oat:std_floor_beta=0.25,std_floor_beta,0.25,unreliable,high,0
imagenet_mnv2_050_crop_free_k3,imagenet,margin_drop,oat:std_floor_beta=0.25,std_floor_beta,0.25,low,unreliable,0
imagenet_mnv2_050_crop_free_k3,imagenet,margin_drop,oat:std_floor_beta=0.25,std_floor_beta,0.25,low,low,38163
imagenet_mnv2_050_crop_free_k3,imagenet,margin_drop,oat:std_floor_beta=0.25,std_floor_beta,0.25,low,moderate,0
imagenet_mnv2_050_crop_free_k3,imagenet,margin_drop,oat:std_floor_beta=0.25,std_floor_beta,0.25,low,high,0
imagenet_mnv2_050_crop_free_k3,imagenet,margin_drop,oat:std_floor_beta=0.25,std_floor_beta,0.25,moderate,unreliable,0
imagenet_mnv2_050_crop_free_k3,imagenet,margin_drop,oat:std_floor_beta=0.25,std_floor_beta,0.25,moderate,low,0
imagenet_mnv2_050_crop_free_k3,imagenet,margin_drop,oat:std_floor_beta=0.25,std_floor_beta,0.25,moderate,moderate,0
imagenet_mnv2_050_crop_free_k3,imagenet,margin_drop,oat:std_floor_beta=0.25,std_floor_beta,0.25,moderate,high,0
imagenet_mnv2_050_crop_free_k3,imagenet,margin_drop,oat:std_floor_beta=0.25,std_floor_beta,0.25,high,unreliable,0
imagenet_mnv2_050_crop_free_k3,imagenet,margin_drop,oat:std_floor_beta=0.25,std_floor_beta,0.25,high,low,2059
imagenet_mnv2_050_crop_free_k3,imagenet,margin_drop,oat:std_floor_beta=0.25,std_floor_beta,0.25,high,moderate,0
imagenet_mnv2_050_crop_free_k3,imagenet,margin_drop,oat:std_floor_beta=0.25,std_floor_beta,0.25,high,high,21206
imagenet_mnv2_050_crop_free_k3,imagenet,margin_drop,preset:lenient,preset,lenient,unreliable,unreliable,98572
imagenet_mnv2_050_crop_free_k3,imagenet,margin_drop,preset:lenient,preset,lenient,unreliable,low,0
imagenet_mnv2_050_crop_free_k3,imagenet,margin_drop,preset:lenient,preset,lenient,unreliable,moderate,0
imagenet_mnv2_050_crop_free_k3,imagenet,margin_drop,preset:lenient,preset,lenient,unreliable,high,0
imagenet_mnv2_050_crop_free_k3,imagenet,margin_drop,preset:lenient,preset,lenient,low,unreliable,0
imagenet_mnv2_050_crop_free_k3,imagenet,margin_drop,preset:lenient,preset,lenient,low,low,33678
imagenet_mnv2_050_crop_free_k3,imagenet,margin_drop,preset:lenient,preset,lenient,low,moderate,0
imagenet_mnv2_050_crop_free_k3,imagenet,margin_drop,preset:lenient,preset,lenient,low,high,4485
imagenet_mnv2_050_crop_free_k3,imagenet,margin_drop,preset:lenient,preset,lenient,moderate,unreliable,0
imagenet_mnv2_050_crop_free_k3,imagenet,margin_drop,preset:lenient,preset,lenient,moderate,low,0
imagenet_mnv2_050_crop_free_k3,imagenet,margin_drop,preset:lenient,preset,lenient,moderate,moderate,0
imagenet_mnv2_050_crop_free_k3,imagenet,margin_drop,preset:lenient,preset,lenient,moderate,high,0
imagenet_mnv2_050_crop_free_k3,imagenet,margin_drop,preset:lenient,preset,lenient,high,unreliable,0
imagenet_mnv2_050_crop_free_k3,imagenet,margin_drop,preset:lenient,preset,lenient,high,low,0
imagenet_mnv2_050_crop_free_k3,imagenet,margin_drop,preset:lenient,preset,lenient,high,moderate,0
imagenet_mnv2_050_crop_free_k3,imagenet,margin_drop,preset:lenient,preset,lenient,high,high,23265
imagenet_mnv2_050_crop_free_k3,imagenet,margin_drop,preset:conservative,preset,conservative,unreliable,unreliable,98554
imagenet_mnv2_050_crop_free_k3,imagenet,margin_drop,preset:conservative,preset,conservative,unreliable,low,17
imagenet_mnv2_050_crop_free_k3,imagenet,margin_drop,preset:conservative,preset,conservative,unreliable,moderate,0
imagenet_mnv2_050_crop_free_k3,imagenet,margin_drop,preset:conservative,preset,conservative,unreliable,high,1
imagenet_mnv2_050_crop_free_k3,imagenet,margin_drop,preset:conservative,preset,conservative,low,unreliable,4075
imagenet_mnv2_050_crop_free_k3,imagenet,margin_drop,preset:conservative,preset,conservative,low,low,34088
imagenet_mnv2_050_crop_free_k3,imagenet,margin_drop,preset:conservative,preset,conservative,low,moderate,0
imagenet_mnv2_050_crop_free_k3,imagenet,margin_drop,preset:conservative,preset,conservative,low,high,0
imagenet_mnv2_050_crop_free_k3,imagenet,margin_drop,preset:conservative,preset,conservative,moderate,unreliable,0
imagenet_mnv2_050_crop_free_k3,imagenet,margin_drop,preset:conservative,preset,conservative,moderate,low,0
imagenet_mnv2_050_crop_free_k3,imagenet,margin_drop,preset:conservative,preset,conservative,moderate,moderate,0
imagenet_mnv2_050_crop_free_k3,imagenet,margin_drop,preset:conservative,preset,conservative,moderate,high,0
imagenet_mnv2_050_crop_free_k3,imagenet,margin_drop,preset:conservative,preset,conservative,high,unreliable,1596
imagenet_mnv2_050_crop_free_k3,imagenet,margin_drop,preset:conservative,preset,conservative,high,low,9240
imagenet_mnv2_050_crop_free_k3,imagenet,margin_drop,preset:conservative,preset,conservative,high,moderate,0
imagenet_mnv2_050_crop_free_k3,imagenet,margin_drop,preset:conservative,preset,conservative,high,high,12429
imagenet_mnv2_050_crop_free_k3,imagenet,margin_drop,alt:zero_abstain:sign_alpha=0.01,zero_abstain_alpha,0.01,unreliable,unreliable,97440
imagenet_mnv2_050_crop_free_k3,imagenet,margin_drop,alt:zero_abstain:sign_alpha=0.01,zero_abstain_alpha,0.01,unreliable,low,805
imagenet_mnv2_050_crop_free_k3,imagenet,margin_drop,alt:zero_abstain:sign_alpha=0.01,zero_abstain_alpha,0.01,unreliable,moderate,0
imagenet_mnv2_050_crop_free_k3,imagenet,margin_drop,alt:zero_abstain:sign_alpha=0.01,zero_abstain_alpha,0.01,unreliable,high,327
imagenet_mnv2_050_crop_free_k3,imagenet,margin_drop,alt:zero_abstain:sign_alpha=0.01,zero_abstain_alpha,0.01,low,unreliable,0
imagenet_mnv2_050_crop_free_k3,imagenet,margin_drop,alt:zero_abstain:sign_alpha=0.01,zero_abstain_alpha,0.01,low,low,38163
imagenet_mnv2_050_crop_free_k3,imagenet,margin_drop,alt:zero_abstain:sign_alpha=0.01,zero_abstain_alpha,0.01,low,moderate,0
imagenet_mnv2_050_crop_free_k3,imagenet,margin_drop,alt:zero_abstain:sign_alpha=0.01,zero_abstain_alpha,0.01,low,high,0
imagenet_mnv2_050_crop_free_k3,imagenet,margin_drop,alt:zero_abstain:sign_alpha=0.01,zero_abstain_alpha,0.01,moderate,unreliable,0
imagenet_mnv2_050_crop_free_k3,imagenet,margin_drop,alt:zero_abstain:sign_alpha=0.01,zero_abstain_alpha,0.01,moderate,low,0
imagenet_mnv2_050_crop_free_k3,imagenet,margin_drop,alt:zero_abstain:sign_alpha=0.01,zero_abstain_alpha,0.01,moderate,moderate,0
imagenet_mnv2_050_crop_free_k3,imagenet,margin_drop,alt:zero_abstain:sign_alpha=0.01,zero_abstain_alpha,0.01,moderate,high,0
imagenet_mnv2_050_crop_free_k3,imagenet,margin_drop,alt:zero_abstain:sign_alpha=0.01,zero_abstain_alpha,0.01,high,unreliable,0
imagenet_mnv2_050_crop_free_k3,imagenet,margin_drop,alt:zero_abstain:sign_alpha=0.01,zero_abstain_alpha,0.01,high,low,0
imagenet_mnv2_050_crop_free_k3,imagenet,margin_drop,alt:zero_abstain:sign_alpha=0.01,zero_abstain_alpha,0.01,high,moderate,0
imagenet_mnv2_050_crop_free_k3,imagenet,margin_drop,alt:zero_abstain:sign_alpha=0.01,zero_abstain_alpha,0.01,high,high,23265
imagenet_mnv2_050_crop_free_k3,imagenet,margin_drop,alt:zero_abstain:sign_alpha=0.05,zero_abstain_alpha,0.05,unreliable,unreliable,92586
imagenet_mnv2_050_crop_free_k3,imagenet,margin_drop,alt:zero_abstain:sign_alpha=0.05,zero_abstain_alpha,0.05,unreliable,low,4443
imagenet_mnv2_050_crop_free_k3,imagenet,margin_drop,alt:zero_abstain:sign_alpha=0.05,zero_abstain_alpha,0.05,unreliable,moderate,0
imagenet_mnv2_050_crop_free_k3,imagenet,margin_drop,alt:zero_abstain:sign_alpha=0.05,zero_abstain_alpha,0.05,unreliable,high,1543
imagenet_mnv2_050_crop_free_k3,imagenet,margin_drop,alt:zero_abstain:sign_alpha=0.05,zero_abstain_alpha,0.05,low,unreliable,0
imagenet_mnv2_050_crop_free_k3,imagenet,margin_drop,alt:zero_abstain:sign_alpha=0.05,zero_abstain_alpha,0.05,low,low,38163
imagenet_mnv2_050_crop_free_k3,imagenet,margin_drop,alt:zero_abstain:sign_alpha=0.05,zero_abstain_alpha,0.05,low,moderate,0
imagenet_mnv2_050_crop_free_k3,imagenet,margin_drop,alt:zero_abstain:sign_alpha=0.05,zero_abstain_alpha,0.05,low,high,0
imagenet_mnv2_050_crop_free_k3,imagenet,margin_drop,alt:zero_abstain:sign_alpha=0.05,zero_abstain_alpha,0.05,moderate,unreliable,0
imagenet_mnv2_050_crop_free_k3,imagenet,margin_drop,alt:zero_abstain:sign_alpha=0.05,zero_abstain_alpha,0.05,moderate,low,0
imagenet_mnv2_050_crop_free_k3,imagenet,margin_drop,alt:zero_abstain:sign_alpha=0.05,zero_abstain_alpha,0.05,moderate,moderate,0
imagenet_mnv2_050_crop_free_k3,imagenet,margin_drop,alt:zero_abstain:sign_alpha=0.05,zero_abstain_alpha,0.05,moderate,high,0
imagenet_mnv2_050_crop_free_k3,imagenet,margin_drop,alt:zero_abstain:sign_alpha=0.05,zero_abstain_alpha,0.05,high,unreliable,0
imagenet_mnv2_050_crop_free_k3,imagenet,margin_drop,alt:zero_abstain:sign_alpha=0.05,zero_abstain_alpha,0.05,high,low,52
imagenet_mnv2_050_crop_free_k3,imagenet,margin_drop,alt:zero_abstain:sign_alpha=0.05,zero_abstain_alpha,0.05,high,moderate,0
imagenet_mnv2_050_crop_free_k3,imagenet,margin_drop,alt:zero_abstain:sign_alpha=0.05,zero_abstain_alpha,0.05,high,high,23213
imagenet_mnv2_050_crop_free_k3,imagenet,margin_drop,alt:zero_abstain:sign_alpha=0.1,zero_abstain_alpha,0.1,unreliable,unreliable,86751
imagenet_mnv2_050_crop_free_k3,imagenet,margin_drop,alt:zero_abstain:sign_alpha=0.1,zero_abstain_alpha,0.1,unreliable,low,9011
imagenet_mnv2_050_crop_free_k3,imagenet,margin_drop,alt:zero_abstain:sign_alpha=0.1,zero_abstain_alpha,0.1,unreliable,moderate,0
imagenet_mnv2_050_crop_free_k3,imagenet,margin_drop,alt:zero_abstain:sign_alpha=0.1,zero_abstain_alpha,0.1,unreliable,high,2810
imagenet_mnv2_050_crop_free_k3,imagenet,margin_drop,alt:zero_abstain:sign_alpha=0.1,zero_abstain_alpha,0.1,low,unreliable,0
imagenet_mnv2_050_crop_free_k3,imagenet,margin_drop,alt:zero_abstain:sign_alpha=0.1,zero_abstain_alpha,0.1,low,low,38163
imagenet_mnv2_050_crop_free_k3,imagenet,margin_drop,alt:zero_abstain:sign_alpha=0.1,zero_abstain_alpha,0.1,low,moderate,0
imagenet_mnv2_050_crop_free_k3,imagenet,margin_drop,alt:zero_abstain:sign_alpha=0.1,zero_abstain_alpha,0.1,low,high,0
imagenet_mnv2_050_crop_free_k3,imagenet,margin_drop,alt:zero_abstain:sign_alpha=0.1,zero_abstain_alpha,0.1,moderate,unreliable,0
imagenet_mnv2_050_crop_free_k3,imagenet,margin_drop,alt:zero_abstain:sign_alpha=0.1,zero_abstain_alpha,0.1,moderate,low,0
imagenet_mnv2_050_crop_free_k3,imagenet,margin_drop,alt:zero_abstain:sign_alpha=0.1,zero_abstain_alpha,0.1,moderate,moderate,0
imagenet_mnv2_050_crop_free_k3,imagenet,margin_drop,alt:zero_abstain:sign_alpha=0.1,zero_abstain_alpha,0.1,moderate,high,0
imagenet_mnv2_050_crop_free_k3,imagenet,margin_drop,alt:zero_abstain:sign_alpha=0.1,zero_abstain_alpha,0.1,high,unreliable,0
imagenet_mnv2_050_crop_free_k3,imagenet,margin_drop,alt:zero_abstain:sign_alpha=0.1,zero_abstain_alpha,0.1,high,low,163
imagenet_mnv2_050_crop_free_k3,imagenet,margin_drop,alt:zero_abstain:sign_alpha=0.1,zero_abstain_alpha,0.1,high,moderate,0
imagenet_mnv2_050_crop_free_k3,imagenet,margin_drop,alt:zero_abstain:sign_alpha=0.1,zero_abstain_alpha,0.1,high,high,23102
imagenet_mnv2_050_crop_free_k3,imagenet,margin_drop,alt:zero_abstain:sign_alpha=0.25,zero_abstain_alpha,0.25,unreliable,unreliable,70572
imagenet_mnv2_050_crop_free_k3,imagenet,margin_drop,alt:zero_abstain:sign_alpha=0.25,zero_abstain_alpha,0.25,unreliable,low,22410
imagenet_mnv2_050_crop_free_k3,imagenet,margin_drop,alt:zero_abstain:sign_alpha=0.25,zero_abstain_alpha,0.25,unreliable,moderate,0
imagenet_mnv2_050_crop_free_k3,imagenet,margin_drop,alt:zero_abstain:sign_alpha=0.25,zero_abstain_alpha,0.25,unreliable,high,5590
imagenet_mnv2_050_crop_free_k3,imagenet,margin_drop,alt:zero_abstain:sign_alpha=0.25,zero_abstain_alpha,0.25,low,unreliable,0
imagenet_mnv2_050_crop_free_k3,imagenet,margin_drop,alt:zero_abstain:sign_alpha=0.25,zero_abstain_alpha,0.25,low,low,38163
imagenet_mnv2_050_crop_free_k3,imagenet,margin_drop,alt:zero_abstain:sign_alpha=0.25,zero_abstain_alpha,0.25,low,moderate,0
imagenet_mnv2_050_crop_free_k3,imagenet,margin_drop,alt:zero_abstain:sign_alpha=0.25,zero_abstain_alpha,0.25,low,high,0
imagenet_mnv2_050_crop_free_k3,imagenet,margin_drop,alt:zero_abstain:sign_alpha=0.25,zero_abstain_alpha,0.25,moderate,unreliable,0
imagenet_mnv2_050_crop_free_k3,imagenet,margin_drop,alt:zero_abstain:sign_alpha=0.25,zero_abstain_alpha,0.25,moderate,low,0
imagenet_mnv2_050_crop_free_k3,imagenet,margin_drop,alt:zero_abstain:sign_alpha=0.25,zero_abstain_alpha,0.25,moderate,moderate,0
imagenet_mnv2_050_crop_free_k3,imagenet,margin_drop,alt:zero_abstain:sign_alpha=0.25,zero_abstain_alpha,0.25,moderate,high,0
imagenet_mnv2_050_crop_free_k3,imagenet,margin_drop,alt:zero_abstain:sign_alpha=0.25,zero_abstain_alpha,0.25,high,unreliable,0
imagenet_mnv2_050_crop_free_k3,imagenet,margin_drop,alt:zero_abstain:sign_alpha=0.25,zero_abstain_alpha,0.25,high,low,875
imagenet_mnv2_050_crop_free_k3,imagenet,margin_drop,alt:zero_abstain:sign_alpha=0.25,zero_abstain_alpha,0.25,high,moderate,0
imagenet_mnv2_050_crop_free_k3,imagenet,margin_drop,alt:zero_abstain:sign_alpha=0.25,zero_abstain_alpha,0.25,high,high,22390
imagenet_mnv2_100_exact_k3,imagenet,margin_drop,default,default,,unreliable,unreliable,94724
imagenet_mnv2_100_exact_k3,imagenet,margin_drop,default,default,,unreliable,low,0
imagenet_mnv2_100_exact_k3,imagenet,margin_drop,default,default,,unreliable,moderate,0
imagenet_mnv2_100_exact_k3,imagenet,margin_drop,default,default,,unreliable,high,0
imagenet_mnv2_100_exact_k3,imagenet,margin_drop,default,default,,low,unreliable,0
imagenet_mnv2_100_exact_k3,imagenet,margin_drop,default,default,,low,low,42989
imagenet_mnv2_100_exact_k3,imagenet,margin_drop,default,default,,low,moderate,0
imagenet_mnv2_100_exact_k3,imagenet,margin_drop,default,default,,low,high,0
imagenet_mnv2_100_exact_k3,imagenet,margin_drop,default,default,,moderate,unreliable,0
imagenet_mnv2_100_exact_k3,imagenet,margin_drop,default,default,,moderate,low,0
imagenet_mnv2_100_exact_k3,imagenet,margin_drop,default,default,,moderate,moderate,0
imagenet_mnv2_100_exact_k3,imagenet,margin_drop,default,default,,moderate,high,0
imagenet_mnv2_100_exact_k3,imagenet,margin_drop,default,default,,high,unreliable,0
imagenet_mnv2_100_exact_k3,imagenet,margin_drop,default,default,,high,low,0
imagenet_mnv2_100_exact_k3,imagenet,margin_drop,default,default,,high,moderate,0
imagenet_mnv2_100_exact_k3,imagenet,margin_drop,default,default,,high,high,22287
imagenet_mnv2_100_exact_k3,imagenet,margin_drop,oat:z_threshold=1.0,z_threshold,1.0,unreliable,unreliable,94724
imagenet_mnv2_100_exact_k3,imagenet,margin_drop,oat:z_threshold=1.0,z_threshold,1.0,unreliable,low,0
imagenet_mnv2_100_exact_k3,imagenet,margin_drop,oat:z_threshold=1.0,z_threshold,1.0,unreliable,moderate,0
imagenet_mnv2_100_exact_k3,imagenet,margin_drop,oat:z_threshold=1.0,z_threshold,1.0,unreliable,high,0
imagenet_mnv2_100_exact_k3,imagenet,margin_drop,oat:z_threshold=1.0,z_threshold,1.0,low,unreliable,0
imagenet_mnv2_100_exact_k3,imagenet,margin_drop,oat:z_threshold=1.0,z_threshold,1.0,low,low,31746
imagenet_mnv2_100_exact_k3,imagenet,margin_drop,oat:z_threshold=1.0,z_threshold,1.0,low,moderate,0
imagenet_mnv2_100_exact_k3,imagenet,margin_drop,oat:z_threshold=1.0,z_threshold,1.0,low,high,11243
imagenet_mnv2_100_exact_k3,imagenet,margin_drop,oat:z_threshold=1.0,z_threshold,1.0,moderate,unreliable,0
imagenet_mnv2_100_exact_k3,imagenet,margin_drop,oat:z_threshold=1.0,z_threshold,1.0,moderate,low,0
imagenet_mnv2_100_exact_k3,imagenet,margin_drop,oat:z_threshold=1.0,z_threshold,1.0,moderate,moderate,0
imagenet_mnv2_100_exact_k3,imagenet,margin_drop,oat:z_threshold=1.0,z_threshold,1.0,moderate,high,0
imagenet_mnv2_100_exact_k3,imagenet,margin_drop,oat:z_threshold=1.0,z_threshold,1.0,high,unreliable,0
imagenet_mnv2_100_exact_k3,imagenet,margin_drop,oat:z_threshold=1.0,z_threshold,1.0,high,low,0
imagenet_mnv2_100_exact_k3,imagenet,margin_drop,oat:z_threshold=1.0,z_threshold,1.0,high,moderate,0
imagenet_mnv2_100_exact_k3,imagenet,margin_drop,oat:z_threshold=1.0,z_threshold,1.0,high,high,22287
imagenet_mnv2_100_exact_k3,imagenet,margin_drop,oat:z_threshold=1.5,z_threshold,1.5,unreliable,unreliable,94724
imagenet_mnv2_100_exact_k3,imagenet,margin_drop,oat:z_threshold=1.5,z_threshold,1.5,unreliable,low,0
imagenet_mnv2_100_exact_k3,imagenet,margin_drop,oat:z_threshold=1.5,z_threshold,1.5,unreliable,moderate,0
imagenet_mnv2_100_exact_k3,imagenet,margin_drop,oat:z_threshold=1.5,z_threshold,1.5,unreliable,high,0
imagenet_mnv2_100_exact_k3,imagenet,margin_drop,oat:z_threshold=1.5,z_threshold,1.5,low,unreliable,0
imagenet_mnv2_100_exact_k3,imagenet,margin_drop,oat:z_threshold=1.5,z_threshold,1.5,low,low,38225
imagenet_mnv2_100_exact_k3,imagenet,margin_drop,oat:z_threshold=1.5,z_threshold,1.5,low,moderate,0
imagenet_mnv2_100_exact_k3,imagenet,margin_drop,oat:z_threshold=1.5,z_threshold,1.5,low,high,4764
imagenet_mnv2_100_exact_k3,imagenet,margin_drop,oat:z_threshold=1.5,z_threshold,1.5,moderate,unreliable,0
imagenet_mnv2_100_exact_k3,imagenet,margin_drop,oat:z_threshold=1.5,z_threshold,1.5,moderate,low,0
imagenet_mnv2_100_exact_k3,imagenet,margin_drop,oat:z_threshold=1.5,z_threshold,1.5,moderate,moderate,0
imagenet_mnv2_100_exact_k3,imagenet,margin_drop,oat:z_threshold=1.5,z_threshold,1.5,moderate,high,0
imagenet_mnv2_100_exact_k3,imagenet,margin_drop,oat:z_threshold=1.5,z_threshold,1.5,high,unreliable,0
imagenet_mnv2_100_exact_k3,imagenet,margin_drop,oat:z_threshold=1.5,z_threshold,1.5,high,low,0
imagenet_mnv2_100_exact_k3,imagenet,margin_drop,oat:z_threshold=1.5,z_threshold,1.5,high,moderate,0
imagenet_mnv2_100_exact_k3,imagenet,margin_drop,oat:z_threshold=1.5,z_threshold,1.5,high,high,22287
imagenet_mnv2_100_exact_k3,imagenet,margin_drop,oat:z_threshold=2.0,z_threshold,2.0,unreliable,unreliable,94724
imagenet_mnv2_100_exact_k3,imagenet,margin_drop,oat:z_threshold=2.0,z_threshold,2.0,unreliable,low,0
imagenet_mnv2_100_exact_k3,imagenet,margin_drop,oat:z_threshold=2.0,z_threshold,2.0,unreliable,moderate,0
imagenet_mnv2_100_exact_k3,imagenet,margin_drop,oat:z_threshold=2.0,z_threshold,2.0,unreliable,high,0
imagenet_mnv2_100_exact_k3,imagenet,margin_drop,oat:z_threshold=2.0,z_threshold,2.0,low,unreliable,0
imagenet_mnv2_100_exact_k3,imagenet,margin_drop,oat:z_threshold=2.0,z_threshold,2.0,low,low,42989
imagenet_mnv2_100_exact_k3,imagenet,margin_drop,oat:z_threshold=2.0,z_threshold,2.0,low,moderate,0
imagenet_mnv2_100_exact_k3,imagenet,margin_drop,oat:z_threshold=2.0,z_threshold,2.0,low,high,0
imagenet_mnv2_100_exact_k3,imagenet,margin_drop,oat:z_threshold=2.0,z_threshold,2.0,moderate,unreliable,0
imagenet_mnv2_100_exact_k3,imagenet,margin_drop,oat:z_threshold=2.0,z_threshold,2.0,moderate,low,0
imagenet_mnv2_100_exact_k3,imagenet,margin_drop,oat:z_threshold=2.0,z_threshold,2.0,moderate,moderate,0
imagenet_mnv2_100_exact_k3,imagenet,margin_drop,oat:z_threshold=2.0,z_threshold,2.0,moderate,high,0
imagenet_mnv2_100_exact_k3,imagenet,margin_drop,oat:z_threshold=2.0,z_threshold,2.0,high,unreliable,0
imagenet_mnv2_100_exact_k3,imagenet,margin_drop,oat:z_threshold=2.0,z_threshold,2.0,high,low,0
imagenet_mnv2_100_exact_k3,imagenet,margin_drop,oat:z_threshold=2.0,z_threshold,2.0,high,moderate,0
imagenet_mnv2_100_exact_k3,imagenet,margin_drop,oat:z_threshold=2.0,z_threshold,2.0,high,high,22287
imagenet_mnv2_100_exact_k3,imagenet,margin_drop,oat:z_threshold=2.5,z_threshold,2.5,unreliable,unreliable,94724
imagenet_mnv2_100_exact_k3,imagenet,margin_drop,oat:z_threshold=2.5,z_threshold,2.5,unreliable,low,0
imagenet_mnv2_100_exact_k3,imagenet,margin_drop,oat:z_threshold=2.5,z_threshold,2.5,unreliable,moderate,0
imagenet_mnv2_100_exact_k3,imagenet,margin_drop,oat:z_threshold=2.5,z_threshold,2.5,unreliable,high,0
imagenet_mnv2_100_exact_k3,imagenet,margin_drop,oat:z_threshold=2.5,z_threshold,2.5,low,unreliable,0
imagenet_mnv2_100_exact_k3,imagenet,margin_drop,oat:z_threshold=2.5,z_threshold,2.5,low,low,42989
imagenet_mnv2_100_exact_k3,imagenet,margin_drop,oat:z_threshold=2.5,z_threshold,2.5,low,moderate,0
imagenet_mnv2_100_exact_k3,imagenet,margin_drop,oat:z_threshold=2.5,z_threshold,2.5,low,high,0
imagenet_mnv2_100_exact_k3,imagenet,margin_drop,oat:z_threshold=2.5,z_threshold,2.5,moderate,unreliable,0
imagenet_mnv2_100_exact_k3,imagenet,margin_drop,oat:z_threshold=2.5,z_threshold,2.5,moderate,low,0
imagenet_mnv2_100_exact_k3,imagenet,margin_drop,oat:z_threshold=2.5,z_threshold,2.5,moderate,moderate,0
imagenet_mnv2_100_exact_k3,imagenet,margin_drop,oat:z_threshold=2.5,z_threshold,2.5,moderate,high,0
imagenet_mnv2_100_exact_k3,imagenet,margin_drop,oat:z_threshold=2.5,z_threshold,2.5,high,unreliable,0
imagenet_mnv2_100_exact_k3,imagenet,margin_drop,oat:z_threshold=2.5,z_threshold,2.5,high,low,3676
imagenet_mnv2_100_exact_k3,imagenet,margin_drop,oat:z_threshold=2.5,z_threshold,2.5,high,moderate,0
imagenet_mnv2_100_exact_k3,imagenet,margin_drop,oat:z_threshold=2.5,z_threshold,2.5,high,high,18611
imagenet_mnv2_100_exact_k3,imagenet,margin_drop,oat:z_threshold=3.0,z_threshold,3.0,unreliable,unreliable,94724
imagenet_mnv2_100_exact_k3,imagenet,margin_drop,oat:z_threshold=3.0,z_threshold,3.0,unreliable,low,0
imagenet_mnv2_100_exact_k3,imagenet,margin_drop,oat:z_threshold=3.0,z_threshold,3.0,unreliable,moderate,0
imagenet_mnv2_100_exact_k3,imagenet,margin_drop,oat:z_threshold=3.0,z_threshold,3.0,unreliable,high,0
imagenet_mnv2_100_exact_k3,imagenet,margin_drop,oat:z_threshold=3.0,z_threshold,3.0,low,unreliable,0
imagenet_mnv2_100_exact_k3,imagenet,margin_drop,oat:z_threshold=3.0,z_threshold,3.0,low,low,42989
imagenet_mnv2_100_exact_k3,imagenet,margin_drop,oat:z_threshold=3.0,z_threshold,3.0,low,moderate,0
imagenet_mnv2_100_exact_k3,imagenet,margin_drop,oat:z_threshold=3.0,z_threshold,3.0,low,high,0
imagenet_mnv2_100_exact_k3,imagenet,margin_drop,oat:z_threshold=3.0,z_threshold,3.0,moderate,unreliable,0
imagenet_mnv2_100_exact_k3,imagenet,margin_drop,oat:z_threshold=3.0,z_threshold,3.0,moderate,low,0
imagenet_mnv2_100_exact_k3,imagenet,margin_drop,oat:z_threshold=3.0,z_threshold,3.0,moderate,moderate,0
imagenet_mnv2_100_exact_k3,imagenet,margin_drop,oat:z_threshold=3.0,z_threshold,3.0,moderate,high,0
imagenet_mnv2_100_exact_k3,imagenet,margin_drop,oat:z_threshold=3.0,z_threshold,3.0,high,unreliable,0
imagenet_mnv2_100_exact_k3,imagenet,margin_drop,oat:z_threshold=3.0,z_threshold,3.0,high,low,6547
imagenet_mnv2_100_exact_k3,imagenet,margin_drop,oat:z_threshold=3.0,z_threshold,3.0,high,moderate,0
imagenet_mnv2_100_exact_k3,imagenet,margin_drop,oat:z_threshold=3.0,z_threshold,3.0,high,high,15740
imagenet_mnv2_100_exact_k3,imagenet,margin_drop,oat:z_threshold=4.0,z_threshold,4.0,unreliable,unreliable,94724
imagenet_mnv2_100_exact_k3,imagenet,margin_drop,oat:z_threshold=4.0,z_threshold,4.0,unreliable,low,0
imagenet_mnv2_100_exact_k3,imagenet,margin_drop,oat:z_threshold=4.0,z_threshold,4.0,unreliable,moderate,0
imagenet_mnv2_100_exact_k3,imagenet,margin_drop,oat:z_threshold=4.0,z_threshold,4.0,unreliable,high,0
imagenet_mnv2_100_exact_k3,imagenet,margin_drop,oat:z_threshold=4.0,z_threshold,4.0,low,unreliable,0
imagenet_mnv2_100_exact_k3,imagenet,margin_drop,oat:z_threshold=4.0,z_threshold,4.0,low,low,42989
imagenet_mnv2_100_exact_k3,imagenet,margin_drop,oat:z_threshold=4.0,z_threshold,4.0,low,moderate,0
imagenet_mnv2_100_exact_k3,imagenet,margin_drop,oat:z_threshold=4.0,z_threshold,4.0,low,high,0
imagenet_mnv2_100_exact_k3,imagenet,margin_drop,oat:z_threshold=4.0,z_threshold,4.0,moderate,unreliable,0
imagenet_mnv2_100_exact_k3,imagenet,margin_drop,oat:z_threshold=4.0,z_threshold,4.0,moderate,low,0
imagenet_mnv2_100_exact_k3,imagenet,margin_drop,oat:z_threshold=4.0,z_threshold,4.0,moderate,moderate,0
imagenet_mnv2_100_exact_k3,imagenet,margin_drop,oat:z_threshold=4.0,z_threshold,4.0,moderate,high,0
imagenet_mnv2_100_exact_k3,imagenet,margin_drop,oat:z_threshold=4.0,z_threshold,4.0,high,unreliable,0
imagenet_mnv2_100_exact_k3,imagenet,margin_drop,oat:z_threshold=4.0,z_threshold,4.0,high,low,10596
imagenet_mnv2_100_exact_k3,imagenet,margin_drop,oat:z_threshold=4.0,z_threshold,4.0,high,moderate,0
imagenet_mnv2_100_exact_k3,imagenet,margin_drop,oat:z_threshold=4.0,z_threshold,4.0,high,high,11691
imagenet_mnv2_100_exact_k3,imagenet,margin_drop,oat:sign_alpha=0.0,sign_alpha,0.0,unreliable,unreliable,94724
imagenet_mnv2_100_exact_k3,imagenet,margin_drop,oat:sign_alpha=0.0,sign_alpha,0.0,unreliable,low,0
imagenet_mnv2_100_exact_k3,imagenet,margin_drop,oat:sign_alpha=0.0,sign_alpha,0.0,unreliable,moderate,0
imagenet_mnv2_100_exact_k3,imagenet,margin_drop,oat:sign_alpha=0.0,sign_alpha,0.0,unreliable,high,0
imagenet_mnv2_100_exact_k3,imagenet,margin_drop,oat:sign_alpha=0.0,sign_alpha,0.0,low,unreliable,0
imagenet_mnv2_100_exact_k3,imagenet,margin_drop,oat:sign_alpha=0.0,sign_alpha,0.0,low,low,42989
imagenet_mnv2_100_exact_k3,imagenet,margin_drop,oat:sign_alpha=0.0,sign_alpha,0.0,low,moderate,0
imagenet_mnv2_100_exact_k3,imagenet,margin_drop,oat:sign_alpha=0.0,sign_alpha,0.0,low,high,0
imagenet_mnv2_100_exact_k3,imagenet,margin_drop,oat:sign_alpha=0.0,sign_alpha,0.0,moderate,unreliable,0
imagenet_mnv2_100_exact_k3,imagenet,margin_drop,oat:sign_alpha=0.0,sign_alpha,0.0,moderate,low,0
imagenet_mnv2_100_exact_k3,imagenet,margin_drop,oat:sign_alpha=0.0,sign_alpha,0.0,moderate,moderate,0
imagenet_mnv2_100_exact_k3,imagenet,margin_drop,oat:sign_alpha=0.0,sign_alpha,0.0,moderate,high,0
imagenet_mnv2_100_exact_k3,imagenet,margin_drop,oat:sign_alpha=0.0,sign_alpha,0.0,high,unreliable,0
imagenet_mnv2_100_exact_k3,imagenet,margin_drop,oat:sign_alpha=0.0,sign_alpha,0.0,high,low,0
imagenet_mnv2_100_exact_k3,imagenet,margin_drop,oat:sign_alpha=0.0,sign_alpha,0.0,high,moderate,0
imagenet_mnv2_100_exact_k3,imagenet,margin_drop,oat:sign_alpha=0.0,sign_alpha,0.0,high,high,22287
imagenet_mnv2_100_exact_k3,imagenet,margin_drop,oat:sign_alpha=0.01,sign_alpha,0.01,unreliable,unreliable,94722
imagenet_mnv2_100_exact_k3,imagenet,margin_drop,oat:sign_alpha=0.01,sign_alpha,0.01,unreliable,low,2
imagenet_mnv2_100_exact_k3,imagenet,margin_drop,oat:sign_alpha=0.01,sign_alpha,0.01,unreliable,moderate,0
imagenet_mnv2_100_exact_k3,imagenet,margin_drop,oat:sign_alpha=0.01,sign_alpha,0.01,unreliable,high,0
imagenet_mnv2_100_exact_k3,imagenet,margin_drop,oat:sign_alpha=0.01,sign_alpha,0.01,low,unreliable,1010
imagenet_mnv2_100_exact_k3,imagenet,margin_drop,oat:sign_alpha=0.01,sign_alpha,0.01,low,low,41979
imagenet_mnv2_100_exact_k3,imagenet,margin_drop,oat:sign_alpha=0.01,sign_alpha,0.01,low,moderate,0
imagenet_mnv2_100_exact_k3,imagenet,margin_drop,oat:sign_alpha=0.01,sign_alpha,0.01,low,high,0
imagenet_mnv2_100_exact_k3,imagenet,margin_drop,oat:sign_alpha=0.01,sign_alpha,0.01,moderate,unreliable,0
imagenet_mnv2_100_exact_k3,imagenet,margin_drop,oat:sign_alpha=0.01,sign_alpha,0.01,moderate,low,0
imagenet_mnv2_100_exact_k3,imagenet,margin_drop,oat:sign_alpha=0.01,sign_alpha,0.01,moderate,moderate,0
imagenet_mnv2_100_exact_k3,imagenet,margin_drop,oat:sign_alpha=0.01,sign_alpha,0.01,moderate,high,0
imagenet_mnv2_100_exact_k3,imagenet,margin_drop,oat:sign_alpha=0.01,sign_alpha,0.01,high,unreliable,282
imagenet_mnv2_100_exact_k3,imagenet,margin_drop,oat:sign_alpha=0.01,sign_alpha,0.01,high,low,0
imagenet_mnv2_100_exact_k3,imagenet,margin_drop,oat:sign_alpha=0.01,sign_alpha,0.01,high,moderate,0
imagenet_mnv2_100_exact_k3,imagenet,margin_drop,oat:sign_alpha=0.01,sign_alpha,0.01,high,high,22005
imagenet_mnv2_100_exact_k3,imagenet,margin_drop,oat:sign_alpha=0.05,sign_alpha,0.05,unreliable,unreliable,94664
imagenet_mnv2_100_exact_k3,imagenet,margin_drop,oat:sign_alpha=0.05,sign_alpha,0.05,unreliable,low,51
imagenet_mnv2_100_exact_k3,imagenet,margin_drop,oat:sign_alpha=0.05,sign_alpha,0.05,unreliable,moderate,0
imagenet_mnv2_100_exact_k3,imagenet,margin_drop,oat:sign_alpha=0.05,sign_alpha,0.05,unreliable,high,9
imagenet_mnv2_100_exact_k3,imagenet,margin_drop,oat:sign_alpha=0.05,sign_alpha,0.05,low,unreliable,4638
imagenet_mnv2_100_exact_k3,imagenet,margin_drop,oat:sign_alpha=0.05,sign_alpha,0.05,low,low,38351
imagenet_mnv2_100_exact_k3,imagenet,margin_drop,oat:sign_alpha=0.05,sign_alpha,0.05,low,moderate,0
imagenet_mnv2_100_exact_k3,imagenet,margin_drop,oat:sign_alpha=0.05,sign_alpha,0.05,low,high,0
imagenet_mnv2_100_exact_k3,imagenet,margin_drop,oat:sign_alpha=0.05,sign_alpha,0.05,moderate,unreliable,0
imagenet_mnv2_100_exact_k3,imagenet,margin_drop,oat:sign_alpha=0.05,sign_alpha,0.05,moderate,low,0
imagenet_mnv2_100_exact_k3,imagenet,margin_drop,oat:sign_alpha=0.05,sign_alpha,0.05,moderate,moderate,0
imagenet_mnv2_100_exact_k3,imagenet,margin_drop,oat:sign_alpha=0.05,sign_alpha,0.05,moderate,high,0
imagenet_mnv2_100_exact_k3,imagenet,margin_drop,oat:sign_alpha=0.05,sign_alpha,0.05,high,unreliable,1321
imagenet_mnv2_100_exact_k3,imagenet,margin_drop,oat:sign_alpha=0.05,sign_alpha,0.05,high,low,0
imagenet_mnv2_100_exact_k3,imagenet,margin_drop,oat:sign_alpha=0.05,sign_alpha,0.05,high,moderate,0
imagenet_mnv2_100_exact_k3,imagenet,margin_drop,oat:sign_alpha=0.05,sign_alpha,0.05,high,high,20966
imagenet_mnv2_100_exact_k3,imagenet,margin_drop,oat:sign_alpha=0.1,sign_alpha,0.1,unreliable,unreliable,94399
imagenet_mnv2_100_exact_k3,imagenet,margin_drop,oat:sign_alpha=0.1,sign_alpha,0.1,unreliable,low,276
imagenet_mnv2_100_exact_k3,imagenet,margin_drop,oat:sign_alpha=0.1,sign_alpha,0.1,unreliable,moderate,0
imagenet_mnv2_100_exact_k3,imagenet,margin_drop,oat:sign_alpha=0.1,sign_alpha,0.1,unreliable,high,49
imagenet_mnv2_100_exact_k3,imagenet,margin_drop,oat:sign_alpha=0.1,sign_alpha,0.1,low,unreliable,8488
imagenet_mnv2_100_exact_k3,imagenet,margin_drop,oat:sign_alpha=0.1,sign_alpha,0.1,low,low,34501
imagenet_mnv2_100_exact_k3,imagenet,margin_drop,oat:sign_alpha=0.1,sign_alpha,0.1,low,moderate,0
imagenet_mnv2_100_exact_k3,imagenet,margin_drop,oat:sign_alpha=0.1,sign_alpha,0.1,low,high,0
imagenet_mnv2_100_exact_k3,imagenet,margin_drop,oat:sign_alpha=0.1,sign_alpha,0.1,moderate,unreliable,0
imagenet_mnv2_100_exact_k3,imagenet,margin_drop,oat:sign_alpha=0.1,sign_alpha,0.1,moderate,low,0
imagenet_mnv2_100_exact_k3,imagenet,margin_drop,oat:sign_alpha=0.1,sign_alpha,0.1,moderate,moderate,0
imagenet_mnv2_100_exact_k3,imagenet,margin_drop,oat:sign_alpha=0.1,sign_alpha,0.1,moderate,high,0
imagenet_mnv2_100_exact_k3,imagenet,margin_drop,oat:sign_alpha=0.1,sign_alpha,0.1,high,unreliable,2541
imagenet_mnv2_100_exact_k3,imagenet,margin_drop,oat:sign_alpha=0.1,sign_alpha,0.1,high,low,0
imagenet_mnv2_100_exact_k3,imagenet,margin_drop,oat:sign_alpha=0.1,sign_alpha,0.1,high,moderate,0
imagenet_mnv2_100_exact_k3,imagenet,margin_drop,oat:sign_alpha=0.1,sign_alpha,0.1,high,high,19746
imagenet_mnv2_100_exact_k3,imagenet,margin_drop,oat:sign_alpha=0.25,sign_alpha,0.25,unreliable,unreliable,92264
imagenet_mnv2_100_exact_k3,imagenet,margin_drop,oat:sign_alpha=0.25,sign_alpha,0.25,unreliable,low,2073
imagenet_mnv2_100_exact_k3,imagenet,margin_drop,oat:sign_alpha=0.25,sign_alpha,0.25,unreliable,moderate,0
imagenet_mnv2_100_exact_k3,imagenet,margin_drop,oat:sign_alpha=0.25,sign_alpha,0.25,unreliable,high,387
imagenet_mnv2_100_exact_k3,imagenet,margin_drop,oat:sign_alpha=0.25,sign_alpha,0.25,low,unreliable,16460
imagenet_mnv2_100_exact_k3,imagenet,margin_drop,oat:sign_alpha=0.25,sign_alpha,0.25,low,low,26529
imagenet_mnv2_100_exact_k3,imagenet,margin_drop,oat:sign_alpha=0.25,sign_alpha,0.25,low,moderate,0
imagenet_mnv2_100_exact_k3,imagenet,margin_drop,oat:sign_alpha=0.25,sign_alpha,0.25,low,high,0
imagenet_mnv2_100_exact_k3,imagenet,margin_drop,oat:sign_alpha=0.25,sign_alpha,0.25,moderate,unreliable,0
imagenet_mnv2_100_exact_k3,imagenet,margin_drop,oat:sign_alpha=0.25,sign_alpha,0.25,moderate,low,0
imagenet_mnv2_100_exact_k3,imagenet,margin_drop,oat:sign_alpha=0.25,sign_alpha,0.25,moderate,moderate,0
imagenet_mnv2_100_exact_k3,imagenet,margin_drop,oat:sign_alpha=0.25,sign_alpha,0.25,moderate,high,0
imagenet_mnv2_100_exact_k3,imagenet,margin_drop,oat:sign_alpha=0.25,sign_alpha,0.25,high,unreliable,5365
imagenet_mnv2_100_exact_k3,imagenet,margin_drop,oat:sign_alpha=0.25,sign_alpha,0.25,high,low,0
imagenet_mnv2_100_exact_k3,imagenet,margin_drop,oat:sign_alpha=0.25,sign_alpha,0.25,high,moderate,0
imagenet_mnv2_100_exact_k3,imagenet,margin_drop,oat:sign_alpha=0.25,sign_alpha,0.25,high,high,16922
imagenet_mnv2_100_exact_k3,imagenet,margin_drop,oat:min_multi_strategy=2,min_multi_strategy,2,unreliable,unreliable,94724
imagenet_mnv2_100_exact_k3,imagenet,margin_drop,oat:min_multi_strategy=2,min_multi_strategy,2,unreliable,low,0
imagenet_mnv2_100_exact_k3,imagenet,margin_drop,oat:min_multi_strategy=2,min_multi_strategy,2,unreliable,moderate,0
imagenet_mnv2_100_exact_k3,imagenet,margin_drop,oat:min_multi_strategy=2,min_multi_strategy,2,unreliable,high,0
imagenet_mnv2_100_exact_k3,imagenet,margin_drop,oat:min_multi_strategy=2,min_multi_strategy,2,low,unreliable,0
imagenet_mnv2_100_exact_k3,imagenet,margin_drop,oat:min_multi_strategy=2,min_multi_strategy,2,low,low,42989
imagenet_mnv2_100_exact_k3,imagenet,margin_drop,oat:min_multi_strategy=2,min_multi_strategy,2,low,moderate,0
imagenet_mnv2_100_exact_k3,imagenet,margin_drop,oat:min_multi_strategy=2,min_multi_strategy,2,low,high,0
imagenet_mnv2_100_exact_k3,imagenet,margin_drop,oat:min_multi_strategy=2,min_multi_strategy,2,moderate,unreliable,0
imagenet_mnv2_100_exact_k3,imagenet,margin_drop,oat:min_multi_strategy=2,min_multi_strategy,2,moderate,low,0
imagenet_mnv2_100_exact_k3,imagenet,margin_drop,oat:min_multi_strategy=2,min_multi_strategy,2,moderate,moderate,0
imagenet_mnv2_100_exact_k3,imagenet,margin_drop,oat:min_multi_strategy=2,min_multi_strategy,2,moderate,high,0
imagenet_mnv2_100_exact_k3,imagenet,margin_drop,oat:min_multi_strategy=2,min_multi_strategy,2,high,unreliable,0
imagenet_mnv2_100_exact_k3,imagenet,margin_drop,oat:min_multi_strategy=2,min_multi_strategy,2,high,low,0
imagenet_mnv2_100_exact_k3,imagenet,margin_drop,oat:min_multi_strategy=2,min_multi_strategy,2,high,moderate,0
imagenet_mnv2_100_exact_k3,imagenet,margin_drop,oat:min_multi_strategy=2,min_multi_strategy,2,high,high,22287
imagenet_mnv2_100_exact_k3,imagenet,margin_drop,oat:min_multi_strategy=3,min_multi_strategy,3,unreliable,unreliable,94724
imagenet_mnv2_100_exact_k3,imagenet,margin_drop,oat:min_multi_strategy=3,min_multi_strategy,3,unreliable,low,0
imagenet_mnv2_100_exact_k3,imagenet,margin_drop,oat:min_multi_strategy=3,min_multi_strategy,3,unreliable,moderate,0
imagenet_mnv2_100_exact_k3,imagenet,margin_drop,oat:min_multi_strategy=3,min_multi_strategy,3,unreliable,high,0
imagenet_mnv2_100_exact_k3,imagenet,margin_drop,oat:min_multi_strategy=3,min_multi_strategy,3,low,unreliable,0
imagenet_mnv2_100_exact_k3,imagenet,margin_drop,oat:min_multi_strategy=3,min_multi_strategy,3,low,low,42989
imagenet_mnv2_100_exact_k3,imagenet,margin_drop,oat:min_multi_strategy=3,min_multi_strategy,3,low,moderate,0
imagenet_mnv2_100_exact_k3,imagenet,margin_drop,oat:min_multi_strategy=3,min_multi_strategy,3,low,high,0
imagenet_mnv2_100_exact_k3,imagenet,margin_drop,oat:min_multi_strategy=3,min_multi_strategy,3,moderate,unreliable,0
imagenet_mnv2_100_exact_k3,imagenet,margin_drop,oat:min_multi_strategy=3,min_multi_strategy,3,moderate,low,0
imagenet_mnv2_100_exact_k3,imagenet,margin_drop,oat:min_multi_strategy=3,min_multi_strategy,3,moderate,moderate,0
imagenet_mnv2_100_exact_k3,imagenet,margin_drop,oat:min_multi_strategy=3,min_multi_strategy,3,moderate,high,0
imagenet_mnv2_100_exact_k3,imagenet,margin_drop,oat:min_multi_strategy=3,min_multi_strategy,3,high,unreliable,0
imagenet_mnv2_100_exact_k3,imagenet,margin_drop,oat:min_multi_strategy=3,min_multi_strategy,3,high,low,0
imagenet_mnv2_100_exact_k3,imagenet,margin_drop,oat:min_multi_strategy=3,min_multi_strategy,3,high,moderate,0
imagenet_mnv2_100_exact_k3,imagenet,margin_drop,oat:min_multi_strategy=3,min_multi_strategy,3,high,high,22287
imagenet_mnv2_100_exact_k3,imagenet,margin_drop,oat:ci_level=90,ci_level,90,unreliable,unreliable,94724
imagenet_mnv2_100_exact_k3,imagenet,margin_drop,oat:ci_level=90,ci_level,90,unreliable,low,0
imagenet_mnv2_100_exact_k3,imagenet,margin_drop,oat:ci_level=90,ci_level,90,unreliable,moderate,0
imagenet_mnv2_100_exact_k3,imagenet,margin_drop,oat:ci_level=90,ci_level,90,unreliable,high,0
imagenet_mnv2_100_exact_k3,imagenet,margin_drop,oat:ci_level=90,ci_level,90,low,unreliable,0
imagenet_mnv2_100_exact_k3,imagenet,margin_drop,oat:ci_level=90,ci_level,90,low,low,42989
imagenet_mnv2_100_exact_k3,imagenet,margin_drop,oat:ci_level=90,ci_level,90,low,moderate,0
imagenet_mnv2_100_exact_k3,imagenet,margin_drop,oat:ci_level=90,ci_level,90,low,high,0
imagenet_mnv2_100_exact_k3,imagenet,margin_drop,oat:ci_level=90,ci_level,90,moderate,unreliable,0
imagenet_mnv2_100_exact_k3,imagenet,margin_drop,oat:ci_level=90,ci_level,90,moderate,low,0
imagenet_mnv2_100_exact_k3,imagenet,margin_drop,oat:ci_level=90,ci_level,90,moderate,moderate,0
imagenet_mnv2_100_exact_k3,imagenet,margin_drop,oat:ci_level=90,ci_level,90,moderate,high,0
imagenet_mnv2_100_exact_k3,imagenet,margin_drop,oat:ci_level=90,ci_level,90,high,unreliable,0
imagenet_mnv2_100_exact_k3,imagenet,margin_drop,oat:ci_level=90,ci_level,90,high,low,0
imagenet_mnv2_100_exact_k3,imagenet,margin_drop,oat:ci_level=90,ci_level,90,high,moderate,0
imagenet_mnv2_100_exact_k3,imagenet,margin_drop,oat:ci_level=90,ci_level,90,high,high,22287
imagenet_mnv2_100_exact_k3,imagenet,margin_drop,oat:ci_level=95,ci_level,95,unreliable,unreliable,94724
imagenet_mnv2_100_exact_k3,imagenet,margin_drop,oat:ci_level=95,ci_level,95,unreliable,low,0
imagenet_mnv2_100_exact_k3,imagenet,margin_drop,oat:ci_level=95,ci_level,95,unreliable,moderate,0
imagenet_mnv2_100_exact_k3,imagenet,margin_drop,oat:ci_level=95,ci_level,95,unreliable,high,0
imagenet_mnv2_100_exact_k3,imagenet,margin_drop,oat:ci_level=95,ci_level,95,low,unreliable,0
imagenet_mnv2_100_exact_k3,imagenet,margin_drop,oat:ci_level=95,ci_level,95,low,low,42989
imagenet_mnv2_100_exact_k3,imagenet,margin_drop,oat:ci_level=95,ci_level,95,low,moderate,0
imagenet_mnv2_100_exact_k3,imagenet,margin_drop,oat:ci_level=95,ci_level,95,low,high,0
imagenet_mnv2_100_exact_k3,imagenet,margin_drop,oat:ci_level=95,ci_level,95,moderate,unreliable,0
imagenet_mnv2_100_exact_k3,imagenet,margin_drop,oat:ci_level=95,ci_level,95,moderate,low,0
imagenet_mnv2_100_exact_k3,imagenet,margin_drop,oat:ci_level=95,ci_level,95,moderate,moderate,0
imagenet_mnv2_100_exact_k3,imagenet,margin_drop,oat:ci_level=95,ci_level,95,moderate,high,0
imagenet_mnv2_100_exact_k3,imagenet,margin_drop,oat:ci_level=95,ci_level,95,high,unreliable,0
imagenet_mnv2_100_exact_k3,imagenet,margin_drop,oat:ci_level=95,ci_level,95,high,low,0
imagenet_mnv2_100_exact_k3,imagenet,margin_drop,oat:ci_level=95,ci_level,95,high,moderate,0
imagenet_mnv2_100_exact_k3,imagenet,margin_drop,oat:ci_level=95,ci_level,95,high,high,22287
imagenet_mnv2_100_exact_k3,imagenet,margin_drop,oat:ci_level=99,ci_level,99,unreliable,unreliable,94724
imagenet_mnv2_100_exact_k3,imagenet,margin_drop,oat:ci_level=99,ci_level,99,unreliable,low,0
imagenet_mnv2_100_exact_k3,imagenet,margin_drop,oat:ci_level=99,ci_level,99,unreliable,moderate,0
imagenet_mnv2_100_exact_k3,imagenet,margin_drop,oat:ci_level=99,ci_level,99,unreliable,high,0
imagenet_mnv2_100_exact_k3,imagenet,margin_drop,oat:ci_level=99,ci_level,99,low,unreliable,0
imagenet_mnv2_100_exact_k3,imagenet,margin_drop,oat:ci_level=99,ci_level,99,low,low,42989
imagenet_mnv2_100_exact_k3,imagenet,margin_drop,oat:ci_level=99,ci_level,99,low,moderate,0
imagenet_mnv2_100_exact_k3,imagenet,margin_drop,oat:ci_level=99,ci_level,99,low,high,0
imagenet_mnv2_100_exact_k3,imagenet,margin_drop,oat:ci_level=99,ci_level,99,moderate,unreliable,0
imagenet_mnv2_100_exact_k3,imagenet,margin_drop,oat:ci_level=99,ci_level,99,moderate,low,0
imagenet_mnv2_100_exact_k3,imagenet,margin_drop,oat:ci_level=99,ci_level,99,moderate,moderate,0
imagenet_mnv2_100_exact_k3,imagenet,margin_drop,oat:ci_level=99,ci_level,99,moderate,high,0
imagenet_mnv2_100_exact_k3,imagenet,margin_drop,oat:ci_level=99,ci_level,99,high,unreliable,0
imagenet_mnv2_100_exact_k3,imagenet,margin_drop,oat:ci_level=99,ci_level,99,high,low,0
imagenet_mnv2_100_exact_k3,imagenet,margin_drop,oat:ci_level=99,ci_level,99,high,moderate,0
imagenet_mnv2_100_exact_k3,imagenet,margin_drop,oat:ci_level=99,ci_level,99,high,high,22287
imagenet_mnv2_100_exact_k3,imagenet,margin_drop,oat:ci_level=999,ci_level,999,unreliable,unreliable,94724
imagenet_mnv2_100_exact_k3,imagenet,margin_drop,oat:ci_level=999,ci_level,999,unreliable,low,0
imagenet_mnv2_100_exact_k3,imagenet,margin_drop,oat:ci_level=999,ci_level,999,unreliable,moderate,0
imagenet_mnv2_100_exact_k3,imagenet,margin_drop,oat:ci_level=999,ci_level,999,unreliable,high,0
imagenet_mnv2_100_exact_k3,imagenet,margin_drop,oat:ci_level=999,ci_level,999,low,unreliable,0
imagenet_mnv2_100_exact_k3,imagenet,margin_drop,oat:ci_level=999,ci_level,999,low,low,42989
imagenet_mnv2_100_exact_k3,imagenet,margin_drop,oat:ci_level=999,ci_level,999,low,moderate,0
imagenet_mnv2_100_exact_k3,imagenet,margin_drop,oat:ci_level=999,ci_level,999,low,high,0
imagenet_mnv2_100_exact_k3,imagenet,margin_drop,oat:ci_level=999,ci_level,999,moderate,unreliable,0
imagenet_mnv2_100_exact_k3,imagenet,margin_drop,oat:ci_level=999,ci_level,999,moderate,low,0
imagenet_mnv2_100_exact_k3,imagenet,margin_drop,oat:ci_level=999,ci_level,999,moderate,moderate,0
imagenet_mnv2_100_exact_k3,imagenet,margin_drop,oat:ci_level=999,ci_level,999,moderate,high,0
imagenet_mnv2_100_exact_k3,imagenet,margin_drop,oat:ci_level=999,ci_level,999,high,unreliable,0
imagenet_mnv2_100_exact_k3,imagenet,margin_drop,oat:ci_level=999,ci_level,999,high,low,0
imagenet_mnv2_100_exact_k3,imagenet,margin_drop,oat:ci_level=999,ci_level,999,high,moderate,0
imagenet_mnv2_100_exact_k3,imagenet,margin_drop,oat:ci_level=999,ci_level,999,high,high,22287
imagenet_mnv2_100_exact_k3,imagenet,margin_drop,oat:ddof=0,ddof,0,unreliable,unreliable,94724
imagenet_mnv2_100_exact_k3,imagenet,margin_drop,oat:ddof=0,ddof,0,unreliable,low,0
imagenet_mnv2_100_exact_k3,imagenet,margin_drop,oat:ddof=0,ddof,0,unreliable,moderate,0
imagenet_mnv2_100_exact_k3,imagenet,margin_drop,oat:ddof=0,ddof,0,unreliable,high,0
imagenet_mnv2_100_exact_k3,imagenet,margin_drop,oat:ddof=0,ddof,0,low,unreliable,0
imagenet_mnv2_100_exact_k3,imagenet,margin_drop,oat:ddof=0,ddof,0,low,low,42989
imagenet_mnv2_100_exact_k3,imagenet,margin_drop,oat:ddof=0,ddof,0,low,moderate,0
imagenet_mnv2_100_exact_k3,imagenet,margin_drop,oat:ddof=0,ddof,0,low,high,0
imagenet_mnv2_100_exact_k3,imagenet,margin_drop,oat:ddof=0,ddof,0,moderate,unreliable,0
imagenet_mnv2_100_exact_k3,imagenet,margin_drop,oat:ddof=0,ddof,0,moderate,low,0
imagenet_mnv2_100_exact_k3,imagenet,margin_drop,oat:ddof=0,ddof,0,moderate,moderate,0
imagenet_mnv2_100_exact_k3,imagenet,margin_drop,oat:ddof=0,ddof,0,moderate,high,0
imagenet_mnv2_100_exact_k3,imagenet,margin_drop,oat:ddof=0,ddof,0,high,unreliable,0
imagenet_mnv2_100_exact_k3,imagenet,margin_drop,oat:ddof=0,ddof,0,high,low,0
imagenet_mnv2_100_exact_k3,imagenet,margin_drop,oat:ddof=0,ddof,0,high,moderate,0
imagenet_mnv2_100_exact_k3,imagenet,margin_drop,oat:ddof=0,ddof,0,high,high,22287
imagenet_mnv2_100_exact_k3,imagenet,margin_drop,oat:ddof=1,ddof,1,unreliable,unreliable,94724
imagenet_mnv2_100_exact_k3,imagenet,margin_drop,oat:ddof=1,ddof,1,unreliable,low,0
imagenet_mnv2_100_exact_k3,imagenet,margin_drop,oat:ddof=1,ddof,1,unreliable,moderate,0
imagenet_mnv2_100_exact_k3,imagenet,margin_drop,oat:ddof=1,ddof,1,unreliable,high,0
imagenet_mnv2_100_exact_k3,imagenet,margin_drop,oat:ddof=1,ddof,1,low,unreliable,0
imagenet_mnv2_100_exact_k3,imagenet,margin_drop,oat:ddof=1,ddof,1,low,low,42989
imagenet_mnv2_100_exact_k3,imagenet,margin_drop,oat:ddof=1,ddof,1,low,moderate,0
imagenet_mnv2_100_exact_k3,imagenet,margin_drop,oat:ddof=1,ddof,1,low,high,0
imagenet_mnv2_100_exact_k3,imagenet,margin_drop,oat:ddof=1,ddof,1,moderate,unreliable,0
imagenet_mnv2_100_exact_k3,imagenet,margin_drop,oat:ddof=1,ddof,1,moderate,low,0
imagenet_mnv2_100_exact_k3,imagenet,margin_drop,oat:ddof=1,ddof,1,moderate,moderate,0
imagenet_mnv2_100_exact_k3,imagenet,margin_drop,oat:ddof=1,ddof,1,moderate,high,0
imagenet_mnv2_100_exact_k3,imagenet,margin_drop,oat:ddof=1,ddof,1,high,unreliable,0
imagenet_mnv2_100_exact_k3,imagenet,margin_drop,oat:ddof=1,ddof,1,high,low,3355
imagenet_mnv2_100_exact_k3,imagenet,margin_drop,oat:ddof=1,ddof,1,high,moderate,0
imagenet_mnv2_100_exact_k3,imagenet,margin_drop,oat:ddof=1,ddof,1,high,high,18932
imagenet_mnv2_100_exact_k3,imagenet,margin_drop,oat:std_floor_beta=0.0,std_floor_beta,0.0,unreliable,unreliable,94724
imagenet_mnv2_100_exact_k3,imagenet,margin_drop,oat:std_floor_beta=0.0,std_floor_beta,0.0,unreliable,low,0
imagenet_mnv2_100_exact_k3,imagenet,margin_drop,oat:std_floor_beta=0.0,std_floor_beta,0.0,unreliable,moderate,0
imagenet_mnv2_100_exact_k3,imagenet,margin_drop,oat:std_floor_beta=0.0,std_floor_beta,0.0,unreliable,high,0
imagenet_mnv2_100_exact_k3,imagenet,margin_drop,oat:std_floor_beta=0.0,std_floor_beta,0.0,low,unreliable,0
imagenet_mnv2_100_exact_k3,imagenet,margin_drop,oat:std_floor_beta=0.0,std_floor_beta,0.0,low,low,42989
imagenet_mnv2_100_exact_k3,imagenet,margin_drop,oat:std_floor_beta=0.0,std_floor_beta,0.0,low,moderate,0
imagenet_mnv2_100_exact_k3,imagenet,margin_drop,oat:std_floor_beta=0.0,std_floor_beta,0.0,low,high,0
imagenet_mnv2_100_exact_k3,imagenet,margin_drop,oat:std_floor_beta=0.0,std_floor_beta,0.0,moderate,unreliable,0
imagenet_mnv2_100_exact_k3,imagenet,margin_drop,oat:std_floor_beta=0.0,std_floor_beta,0.0,moderate,low,0
imagenet_mnv2_100_exact_k3,imagenet,margin_drop,oat:std_floor_beta=0.0,std_floor_beta,0.0,moderate,moderate,0
imagenet_mnv2_100_exact_k3,imagenet,margin_drop,oat:std_floor_beta=0.0,std_floor_beta,0.0,moderate,high,0
imagenet_mnv2_100_exact_k3,imagenet,margin_drop,oat:std_floor_beta=0.0,std_floor_beta,0.0,high,unreliable,0
imagenet_mnv2_100_exact_k3,imagenet,margin_drop,oat:std_floor_beta=0.0,std_floor_beta,0.0,high,low,0
imagenet_mnv2_100_exact_k3,imagenet,margin_drop,oat:std_floor_beta=0.0,std_floor_beta,0.0,high,moderate,0
imagenet_mnv2_100_exact_k3,imagenet,margin_drop,oat:std_floor_beta=0.0,std_floor_beta,0.0,high,high,22287
imagenet_mnv2_100_exact_k3,imagenet,margin_drop,oat:std_floor_beta=0.1,std_floor_beta,0.1,unreliable,unreliable,94724
imagenet_mnv2_100_exact_k3,imagenet,margin_drop,oat:std_floor_beta=0.1,std_floor_beta,0.1,unreliable,low,0
imagenet_mnv2_100_exact_k3,imagenet,margin_drop,oat:std_floor_beta=0.1,std_floor_beta,0.1,unreliable,moderate,0
imagenet_mnv2_100_exact_k3,imagenet,margin_drop,oat:std_floor_beta=0.1,std_floor_beta,0.1,unreliable,high,0
imagenet_mnv2_100_exact_k3,imagenet,margin_drop,oat:std_floor_beta=0.1,std_floor_beta,0.1,low,unreliable,0
imagenet_mnv2_100_exact_k3,imagenet,margin_drop,oat:std_floor_beta=0.1,std_floor_beta,0.1,low,low,42988
imagenet_mnv2_100_exact_k3,imagenet,margin_drop,oat:std_floor_beta=0.1,std_floor_beta,0.1,low,moderate,0
imagenet_mnv2_100_exact_k3,imagenet,margin_drop,oat:std_floor_beta=0.1,std_floor_beta,0.1,low,high,1
imagenet_mnv2_100_exact_k3,imagenet,margin_drop,oat:std_floor_beta=0.1,std_floor_beta,0.1,moderate,unreliable,0
imagenet_mnv2_100_exact_k3,imagenet,margin_drop,oat:std_floor_beta=0.1,std_floor_beta,0.1,moderate,low,0
imagenet_mnv2_100_exact_k3,imagenet,margin_drop,oat:std_floor_beta=0.1,std_floor_beta,0.1,moderate,moderate,0
imagenet_mnv2_100_exact_k3,imagenet,margin_drop,oat:std_floor_beta=0.1,std_floor_beta,0.1,moderate,high,0
imagenet_mnv2_100_exact_k3,imagenet,margin_drop,oat:std_floor_beta=0.1,std_floor_beta,0.1,high,unreliable,0
imagenet_mnv2_100_exact_k3,imagenet,margin_drop,oat:std_floor_beta=0.1,std_floor_beta,0.1,high,low,223
imagenet_mnv2_100_exact_k3,imagenet,margin_drop,oat:std_floor_beta=0.1,std_floor_beta,0.1,high,moderate,0
imagenet_mnv2_100_exact_k3,imagenet,margin_drop,oat:std_floor_beta=0.1,std_floor_beta,0.1,high,high,22064
imagenet_mnv2_100_exact_k3,imagenet,margin_drop,oat:std_floor_beta=0.25,std_floor_beta,0.25,unreliable,unreliable,94724
imagenet_mnv2_100_exact_k3,imagenet,margin_drop,oat:std_floor_beta=0.25,std_floor_beta,0.25,unreliable,low,0
imagenet_mnv2_100_exact_k3,imagenet,margin_drop,oat:std_floor_beta=0.25,std_floor_beta,0.25,unreliable,moderate,0
imagenet_mnv2_100_exact_k3,imagenet,margin_drop,oat:std_floor_beta=0.25,std_floor_beta,0.25,unreliable,high,0
imagenet_mnv2_100_exact_k3,imagenet,margin_drop,oat:std_floor_beta=0.25,std_floor_beta,0.25,low,unreliable,0
imagenet_mnv2_100_exact_k3,imagenet,margin_drop,oat:std_floor_beta=0.25,std_floor_beta,0.25,low,low,42988
imagenet_mnv2_100_exact_k3,imagenet,margin_drop,oat:std_floor_beta=0.25,std_floor_beta,0.25,low,moderate,0
imagenet_mnv2_100_exact_k3,imagenet,margin_drop,oat:std_floor_beta=0.25,std_floor_beta,0.25,low,high,1
imagenet_mnv2_100_exact_k3,imagenet,margin_drop,oat:std_floor_beta=0.25,std_floor_beta,0.25,moderate,unreliable,0
imagenet_mnv2_100_exact_k3,imagenet,margin_drop,oat:std_floor_beta=0.25,std_floor_beta,0.25,moderate,low,0
imagenet_mnv2_100_exact_k3,imagenet,margin_drop,oat:std_floor_beta=0.25,std_floor_beta,0.25,moderate,moderate,0
imagenet_mnv2_100_exact_k3,imagenet,margin_drop,oat:std_floor_beta=0.25,std_floor_beta,0.25,moderate,high,0
imagenet_mnv2_100_exact_k3,imagenet,margin_drop,oat:std_floor_beta=0.25,std_floor_beta,0.25,high,unreliable,0
imagenet_mnv2_100_exact_k3,imagenet,margin_drop,oat:std_floor_beta=0.25,std_floor_beta,0.25,high,low,1626
imagenet_mnv2_100_exact_k3,imagenet,margin_drop,oat:std_floor_beta=0.25,std_floor_beta,0.25,high,moderate,0
imagenet_mnv2_100_exact_k3,imagenet,margin_drop,oat:std_floor_beta=0.25,std_floor_beta,0.25,high,high,20661
imagenet_mnv2_100_exact_k3,imagenet,margin_drop,preset:lenient,preset,lenient,unreliable,unreliable,94724
imagenet_mnv2_100_exact_k3,imagenet,margin_drop,preset:lenient,preset,lenient,unreliable,low,0
imagenet_mnv2_100_exact_k3,imagenet,margin_drop,preset:lenient,preset,lenient,unreliable,moderate,0
imagenet_mnv2_100_exact_k3,imagenet,margin_drop,preset:lenient,preset,lenient,unreliable,high,0
imagenet_mnv2_100_exact_k3,imagenet,margin_drop,preset:lenient,preset,lenient,low,unreliable,0
imagenet_mnv2_100_exact_k3,imagenet,margin_drop,preset:lenient,preset,lenient,low,low,38225
imagenet_mnv2_100_exact_k3,imagenet,margin_drop,preset:lenient,preset,lenient,low,moderate,0
imagenet_mnv2_100_exact_k3,imagenet,margin_drop,preset:lenient,preset,lenient,low,high,4764
imagenet_mnv2_100_exact_k3,imagenet,margin_drop,preset:lenient,preset,lenient,moderate,unreliable,0
imagenet_mnv2_100_exact_k3,imagenet,margin_drop,preset:lenient,preset,lenient,moderate,low,0
imagenet_mnv2_100_exact_k3,imagenet,margin_drop,preset:lenient,preset,lenient,moderate,moderate,0
imagenet_mnv2_100_exact_k3,imagenet,margin_drop,preset:lenient,preset,lenient,moderate,high,0
imagenet_mnv2_100_exact_k3,imagenet,margin_drop,preset:lenient,preset,lenient,high,unreliable,0
imagenet_mnv2_100_exact_k3,imagenet,margin_drop,preset:lenient,preset,lenient,high,low,0
imagenet_mnv2_100_exact_k3,imagenet,margin_drop,preset:lenient,preset,lenient,high,moderate,0
imagenet_mnv2_100_exact_k3,imagenet,margin_drop,preset:lenient,preset,lenient,high,high,22287
imagenet_mnv2_100_exact_k3,imagenet,margin_drop,preset:conservative,preset,conservative,unreliable,unreliable,94664
imagenet_mnv2_100_exact_k3,imagenet,margin_drop,preset:conservative,preset,conservative,unreliable,low,57
imagenet_mnv2_100_exact_k3,imagenet,margin_drop,preset:conservative,preset,conservative,unreliable,moderate,0
imagenet_mnv2_100_exact_k3,imagenet,margin_drop,preset:conservative,preset,conservative,unreliable,high,3
imagenet_mnv2_100_exact_k3,imagenet,margin_drop,preset:conservative,preset,conservative,low,unreliable,4638
imagenet_mnv2_100_exact_k3,imagenet,margin_drop,preset:conservative,preset,conservative,low,low,38350
imagenet_mnv2_100_exact_k3,imagenet,margin_drop,preset:conservative,preset,conservative,low,moderate,0
imagenet_mnv2_100_exact_k3,imagenet,margin_drop,preset:conservative,preset,conservative,low,high,1
imagenet_mnv2_100_exact_k3,imagenet,margin_drop,preset:conservative,preset,conservative,moderate,unreliable,0
imagenet_mnv2_100_exact_k3,imagenet,margin_drop,preset:conservative,preset,conservative,moderate,low,0
imagenet_mnv2_100_exact_k3,imagenet,margin_drop,preset:conservative,preset,conservative,moderate,moderate,0
imagenet_mnv2_100_exact_k3,imagenet,margin_drop,preset:conservative,preset,conservative,moderate,high,0
imagenet_mnv2_100_exact_k3,imagenet,margin_drop,preset:conservative,preset,conservative,high,unreliable,1321
imagenet_mnv2_100_exact_k3,imagenet,margin_drop,preset:conservative,preset,conservative,high,low,8918
imagenet_mnv2_100_exact_k3,imagenet,margin_drop,preset:conservative,preset,conservative,high,moderate,0
imagenet_mnv2_100_exact_k3,imagenet,margin_drop,preset:conservative,preset,conservative,high,high,12048
imagenet_mnv2_100_exact_k3,imagenet,margin_drop,alt:zero_abstain:sign_alpha=0.01,zero_abstain_alpha,0.01,unreliable,unreliable,93399
imagenet_mnv2_100_exact_k3,imagenet,margin_drop,alt:zero_abstain:sign_alpha=0.01,zero_abstain_alpha,0.01,unreliable,low,1062
imagenet_mnv2_100_exact_k3,imagenet,margin_drop,alt:zero_abstain:sign_alpha=0.01,zero_abstain_alpha,0.01,unreliable,moderate,0
imagenet_mnv2_100_exact_k3,imagenet,margin_drop,alt:zero_abstain:sign_alpha=0.01,zero_abstain_alpha,0.01,unreliable,high,263
imagenet_mnv2_100_exact_k3,imagenet,margin_drop,alt:zero_abstain:sign_alpha=0.01,zero_abstain_alpha,0.01,low,unreliable,0
imagenet_mnv2_100_exact_k3,imagenet,margin_drop,alt:zero_abstain:sign_alpha=0.01,zero_abstain_alpha,0.01,low,low,42989
imagenet_mnv2_100_exact_k3,imagenet,margin_drop,alt:zero_abstain:sign_alpha=0.01,zero_abstain_alpha,0.01,low,moderate,0
imagenet_mnv2_100_exact_k3,imagenet,margin_drop,alt:zero_abstain:sign_alpha=0.01,zero_abstain_alpha,0.01,low,high,0
imagenet_mnv2_100_exact_k3,imagenet,margin_drop,alt:zero_abstain:sign_alpha=0.01,zero_abstain_alpha,0.01,moderate,unreliable,0
imagenet_mnv2_100_exact_k3,imagenet,margin_drop,alt:zero_abstain:sign_alpha=0.01,zero_abstain_alpha,0.01,moderate,low,0
imagenet_mnv2_100_exact_k3,imagenet,margin_drop,alt:zero_abstain:sign_alpha=0.01,zero_abstain_alpha,0.01,moderate,moderate,0
imagenet_mnv2_100_exact_k3,imagenet,margin_drop,alt:zero_abstain:sign_alpha=0.01,zero_abstain_alpha,0.01,moderate,high,0
imagenet_mnv2_100_exact_k3,imagenet,margin_drop,alt:zero_abstain:sign_alpha=0.01,zero_abstain_alpha,0.01,high,unreliable,0
imagenet_mnv2_100_exact_k3,imagenet,margin_drop,alt:zero_abstain:sign_alpha=0.01,zero_abstain_alpha,0.01,high,low,27
imagenet_mnv2_100_exact_k3,imagenet,margin_drop,alt:zero_abstain:sign_alpha=0.01,zero_abstain_alpha,0.01,high,moderate,0
imagenet_mnv2_100_exact_k3,imagenet,margin_drop,alt:zero_abstain:sign_alpha=0.01,zero_abstain_alpha,0.01,high,high,22260
imagenet_mnv2_100_exact_k3,imagenet,margin_drop,alt:zero_abstain:sign_alpha=0.05,zero_abstain_alpha,0.05,unreliable,unreliable,88107
imagenet_mnv2_100_exact_k3,imagenet,margin_drop,alt:zero_abstain:sign_alpha=0.05,zero_abstain_alpha,0.05,unreliable,low,5360
imagenet_mnv2_100_exact_k3,imagenet,margin_drop,alt:zero_abstain:sign_alpha=0.05,zero_abstain_alpha,0.05,unreliable,moderate,0
imagenet_mnv2_100_exact_k3,imagenet,margin_drop,alt:zero_abstain:sign_alpha=0.05,zero_abstain_alpha,0.05,unreliable,high,1257
imagenet_mnv2_100_exact_k3,imagenet,margin_drop,alt:zero_abstain:sign_alpha=0.05,zero_abstain_alpha,0.05,low,unreliable,0
imagenet_mnv2_100_exact_k3,imagenet,margin_drop,alt:zero_abstain:sign_alpha=0.05,zero_abstain_alpha,0.05,low,low,42989
imagenet_mnv2_100_exact_k3,imagenet,margin_drop,alt:zero_abstain:sign_alpha=0.05,zero_abstain_alpha,0.05,low,moderate,0
imagenet_mnv2_100_exact_k3,imagenet,margin_drop,alt:zero_abstain:sign_alpha=0.05,zero_abstain_alpha,0.05,low,high,0
imagenet_mnv2_100_exact_k3,imagenet,margin_drop,alt:zero_abstain:sign_alpha=0.05,zero_abstain_alpha,0.05,moderate,unreliable,0
imagenet_mnv2_100_exact_k3,imagenet,margin_drop,alt:zero_abstain:sign_alpha=0.05,zero_abstain_alpha,0.05,moderate,low,0
imagenet_mnv2_100_exact_k3,imagenet,margin_drop,alt:zero_abstain:sign_alpha=0.05,zero_abstain_alpha,0.05,moderate,moderate,0
imagenet_mnv2_100_exact_k3,imagenet,margin_drop,alt:zero_abstain:sign_alpha=0.05,zero_abstain_alpha,0.05,moderate,high,0
imagenet_mnv2_100_exact_k3,imagenet,margin_drop,alt:zero_abstain:sign_alpha=0.05,zero_abstain_alpha,0.05,high,unreliable,0
imagenet_mnv2_100_exact_k3,imagenet,margin_drop,alt:zero_abstain:sign_alpha=0.05,zero_abstain_alpha,0.05,high,low,147
imagenet_mnv2_100_exact_k3,imagenet,margin_drop,alt:zero_abstain:sign_alpha=0.05,zero_abstain_alpha,0.05,high,moderate,0
imagenet_mnv2_100_exact_k3,imagenet,margin_drop,alt:zero_abstain:sign_alpha=0.05,zero_abstain_alpha,0.05,high,high,22140
imagenet_mnv2_100_exact_k3,imagenet,margin_drop,alt:zero_abstain:sign_alpha=0.1,zero_abstain_alpha,0.1,unreliable,unreliable,82028
imagenet_mnv2_100_exact_k3,imagenet,margin_drop,alt:zero_abstain:sign_alpha=0.1,zero_abstain_alpha,0.1,unreliable,low,10519
imagenet_mnv2_100_exact_k3,imagenet,margin_drop,alt:zero_abstain:sign_alpha=0.1,zero_abstain_alpha,0.1,unreliable,moderate,0
imagenet_mnv2_100_exact_k3,imagenet,margin_drop,alt:zero_abstain:sign_alpha=0.1,zero_abstain_alpha,0.1,unreliable,high,2177
imagenet_mnv2_100_exact_k3,imagenet,margin_drop,alt:zero_abstain:sign_alpha=0.1,zero_abstain_alpha,0.1,low,unreliable,0
imagenet_mnv2_100_exact_k3,imagenet,margin_drop,alt:zero_abstain:sign_alpha=0.1,zero_abstain_alpha,0.1,low,low,42989
imagenet_mnv2_100_exact_k3,imagenet,margin_drop,alt:zero_abstain:sign_alpha=0.1,zero_abstain_alpha,0.1,low,moderate,0
imagenet_mnv2_100_exact_k3,imagenet,margin_drop,alt:zero_abstain:sign_alpha=0.1,zero_abstain_alpha,0.1,low,high,0
imagenet_mnv2_100_exact_k3,imagenet,margin_drop,alt:zero_abstain:sign_alpha=0.1,zero_abstain_alpha,0.1,moderate,unreliable,0
imagenet_mnv2_100_exact_k3,imagenet,margin_drop,alt:zero_abstain:sign_alpha=0.1,zero_abstain_alpha,0.1,moderate,low,0
imagenet_mnv2_100_exact_k3,imagenet,margin_drop,alt:zero_abstain:sign_alpha=0.1,zero_abstain_alpha,0.1,moderate,moderate,0
imagenet_mnv2_100_exact_k3,imagenet,margin_drop,alt:zero_abstain:sign_alpha=0.1,zero_abstain_alpha,0.1,moderate,high,0
imagenet_mnv2_100_exact_k3,imagenet,margin_drop,alt:zero_abstain:sign_alpha=0.1,zero_abstain_alpha,0.1,high,unreliable,0
imagenet_mnv2_100_exact_k3,imagenet,margin_drop,alt:zero_abstain:sign_alpha=0.1,zero_abstain_alpha,0.1,high,low,311
imagenet_mnv2_100_exact_k3,imagenet,margin_drop,alt:zero_abstain:sign_alpha=0.1,zero_abstain_alpha,0.1,high,moderate,0
imagenet_mnv2_100_exact_k3,imagenet,margin_drop,alt:zero_abstain:sign_alpha=0.1,zero_abstain_alpha,0.1,high,high,21976
imagenet_mnv2_100_exact_k3,imagenet,margin_drop,alt:zero_abstain:sign_alpha=0.25,zero_abstain_alpha,0.25,unreliable,unreliable,66241
imagenet_mnv2_100_exact_k3,imagenet,margin_drop,alt:zero_abstain:sign_alpha=0.25,zero_abstain_alpha,0.25,unreliable,low,24509
imagenet_mnv2_100_exact_k3,imagenet,margin_drop,alt:zero_abstain:sign_alpha=0.25,zero_abstain_alpha,0.25,unreliable,moderate,0
imagenet_mnv2_100_exact_k3,imagenet,margin_drop,alt:zero_abstain:sign_alpha=0.25,zero_abstain_alpha,0.25,unreliable,high,3974
imagenet_mnv2_100_exact_k3,imagenet,margin_drop,alt:zero_abstain:sign_alpha=0.25,zero_abstain_alpha,0.25,low,unreliable,0
imagenet_mnv2_100_exact_k3,imagenet,margin_drop,alt:zero_abstain:sign_alpha=0.25,zero_abstain_alpha,0.25,low,low,42989
imagenet_mnv2_100_exact_k3,imagenet,margin_drop,alt:zero_abstain:sign_alpha=0.25,zero_abstain_alpha,0.25,low,moderate,0
imagenet_mnv2_100_exact_k3,imagenet,margin_drop,alt:zero_abstain:sign_alpha=0.25,zero_abstain_alpha,0.25,low,high,0
imagenet_mnv2_100_exact_k3,imagenet,margin_drop,alt:zero_abstain:sign_alpha=0.25,zero_abstain_alpha,0.25,moderate,unreliable,0
imagenet_mnv2_100_exact_k3,imagenet,margin_drop,alt:zero_abstain:sign_alpha=0.25,zero_abstain_alpha,0.25,moderate,low,0
imagenet_mnv2_100_exact_k3,imagenet,margin_drop,alt:zero_abstain:sign_alpha=0.25,zero_abstain_alpha,0.25,moderate,moderate,0
imagenet_mnv2_100_exact_k3,imagenet,margin_drop,alt:zero_abstain:sign_alpha=0.25,zero_abstain_alpha,0.25,moderate,high,0
imagenet_mnv2_100_exact_k3,imagenet,margin_drop,alt:zero_abstain:sign_alpha=0.25,zero_abstain_alpha,0.25,high,unreliable,0
imagenet_mnv2_100_exact_k3,imagenet,margin_drop,alt:zero_abstain:sign_alpha=0.25,zero_abstain_alpha,0.25,high,low,1061
imagenet_mnv2_100_exact_k3,imagenet,margin_drop,alt:zero_abstain:sign_alpha=0.25,zero_abstain_alpha,0.25,high,moderate,0
imagenet_mnv2_100_exact_k3,imagenet,margin_drop,alt:zero_abstain:sign_alpha=0.25,zero_abstain_alpha,0.25,high,high,21226
imagenet_mnv2_100_crop_free_k3,imagenet,margin_drop,default,default,,unreliable,unreliable,97829
imagenet_mnv2_100_crop_free_k3,imagenet,margin_drop,default,default,,unreliable,low,0
imagenet_mnv2_100_crop_free_k3,imagenet,margin_drop,default,default,,unreliable,moderate,0
imagenet_mnv2_100_crop_free_k3,imagenet,margin_drop,default,default,,unreliable,high,0
imagenet_mnv2_100_crop_free_k3,imagenet,margin_drop,default,default,,low,unreliable,0
imagenet_mnv2_100_crop_free_k3,imagenet,margin_drop,default,default,,low,low,39306
imagenet_mnv2_100_crop_free_k3,imagenet,margin_drop,default,default,,low,moderate,0
imagenet_mnv2_100_crop_free_k3,imagenet,margin_drop,default,default,,low,high,0
imagenet_mnv2_100_crop_free_k3,imagenet,margin_drop,default,default,,moderate,unreliable,0
imagenet_mnv2_100_crop_free_k3,imagenet,margin_drop,default,default,,moderate,low,0
imagenet_mnv2_100_crop_free_k3,imagenet,margin_drop,default,default,,moderate,moderate,0
imagenet_mnv2_100_crop_free_k3,imagenet,margin_drop,default,default,,moderate,high,0
imagenet_mnv2_100_crop_free_k3,imagenet,margin_drop,default,default,,high,unreliable,0
imagenet_mnv2_100_crop_free_k3,imagenet,margin_drop,default,default,,high,low,0
imagenet_mnv2_100_crop_free_k3,imagenet,margin_drop,default,default,,high,moderate,0
imagenet_mnv2_100_crop_free_k3,imagenet,margin_drop,default,default,,high,high,22865
imagenet_mnv2_100_crop_free_k3,imagenet,margin_drop,oat:z_threshold=1.0,z_threshold,1.0,unreliable,unreliable,97829
imagenet_mnv2_100_crop_free_k3,imagenet,margin_drop,oat:z_threshold=1.0,z_threshold,1.0,unreliable,low,0
imagenet_mnv2_100_crop_free_k3,imagenet,margin_drop,oat:z_threshold=1.0,z_threshold,1.0,unreliable,moderate,0
imagenet_mnv2_100_crop_free_k3,imagenet,margin_drop,oat:z_threshold=1.0,z_threshold,1.0,unreliable,high,0
imagenet_mnv2_100_crop_free_k3,imagenet,margin_drop,oat:z_threshold=1.0,z_threshold,1.0,low,unreliable,0
imagenet_mnv2_100_crop_free_k3,imagenet,margin_drop,oat:z_threshold=1.0,z_threshold,1.0,low,low,29396
imagenet_mnv2_100_crop_free_k3,imagenet,margin_drop,oat:z_threshold=1.0,z_threshold,1.0,low,moderate,0
imagenet_mnv2_100_crop_free_k3,imagenet,margin_drop,oat:z_threshold=1.0,z_threshold,1.0,low,high,9910
imagenet_mnv2_100_crop_free_k3,imagenet,margin_drop,oat:z_threshold=1.0,z_threshold,1.0,moderate,unreliable,0
imagenet_mnv2_100_crop_free_k3,imagenet,margin_drop,oat:z_threshold=1.0,z_threshold,1.0,moderate,low,0
imagenet_mnv2_100_crop_free_k3,imagenet,margin_drop,oat:z_threshold=1.0,z_threshold,1.0,moderate,moderate,0
imagenet_mnv2_100_crop_free_k3,imagenet,margin_drop,oat:z_threshold=1.0,z_threshold,1.0,moderate,high,0
imagenet_mnv2_100_crop_free_k3,imagenet,margin_drop,oat:z_threshold=1.0,z_threshold,1.0,high,unreliable,0
imagenet_mnv2_100_crop_free_k3,imagenet,margin_drop,oat:z_threshold=1.0,z_threshold,1.0,high,low,0
imagenet_mnv2_100_crop_free_k3,imagenet,margin_drop,oat:z_threshold=1.0,z_threshold,1.0,high,moderate,0
imagenet_mnv2_100_crop_free_k3,imagenet,margin_drop,oat:z_threshold=1.0,z_threshold,1.0,high,high,22865
imagenet_mnv2_100_crop_free_k3,imagenet,margin_drop,oat:z_threshold=1.5,z_threshold,1.5,unreliable,unreliable,97829
imagenet_mnv2_100_crop_free_k3,imagenet,margin_drop,oat:z_threshold=1.5,z_threshold,1.5,unreliable,low,0
imagenet_mnv2_100_crop_free_k3,imagenet,margin_drop,oat:z_threshold=1.5,z_threshold,1.5,unreliable,moderate,0
imagenet_mnv2_100_crop_free_k3,imagenet,margin_drop,oat:z_threshold=1.5,z_threshold,1.5,unreliable,high,0
imagenet_mnv2_100_crop_free_k3,imagenet,margin_drop,oat:z_threshold=1.5,z_threshold,1.5,low,unreliable,0
imagenet_mnv2_100_crop_free_k3,imagenet,margin_drop,oat:z_threshold=1.5,z_threshold,1.5,low,low,34914
imagenet_mnv2_100_crop_free_k3,imagenet,margin_drop,oat:z_threshold=1.5,z_threshold,1.5,low,moderate,0
imagenet_mnv2_100_crop_free_k3,imagenet,margin_drop,oat:z_threshold=1.5,z_threshold,1.5,low,high,4392
imagenet_mnv2_100_crop_free_k3,imagenet,margin_drop,oat:z_threshold=1.5,z_threshold,1.5,moderate,unreliable,0
imagenet_mnv2_100_crop_free_k3,imagenet,margin_drop,oat:z_threshold=1.5,z_threshold,1.5,moderate,low,0
imagenet_mnv2_100_crop_free_k3,imagenet,margin_drop,oat:z_threshold=1.5,z_threshold,1.5,moderate,moderate,0
imagenet_mnv2_100_crop_free_k3,imagenet,margin_drop,oat:z_threshold=1.5,z_threshold,1.5,moderate,high,0
imagenet_mnv2_100_crop_free_k3,imagenet,margin_drop,oat:z_threshold=1.5,z_threshold,1.5,high,unreliable,0
imagenet_mnv2_100_crop_free_k3,imagenet,margin_drop,oat:z_threshold=1.5,z_threshold,1.5,high,low,0
imagenet_mnv2_100_crop_free_k3,imagenet,margin_drop,oat:z_threshold=1.5,z_threshold,1.5,high,moderate,0
imagenet_mnv2_100_crop_free_k3,imagenet,margin_drop,oat:z_threshold=1.5,z_threshold,1.5,high,high,22865
imagenet_mnv2_100_crop_free_k3,imagenet,margin_drop,oat:z_threshold=2.0,z_threshold,2.0,unreliable,unreliable,97829
imagenet_mnv2_100_crop_free_k3,imagenet,margin_drop,oat:z_threshold=2.0,z_threshold,2.0,unreliable,low,0
imagenet_mnv2_100_crop_free_k3,imagenet,margin_drop,oat:z_threshold=2.0,z_threshold,2.0,unreliable,moderate,0
imagenet_mnv2_100_crop_free_k3,imagenet,margin_drop,oat:z_threshold=2.0,z_threshold,2.0,unreliable,high,0
imagenet_mnv2_100_crop_free_k3,imagenet,margin_drop,oat:z_threshold=2.0,z_threshold,2.0,low,unreliable,0
imagenet_mnv2_100_crop_free_k3,imagenet,margin_drop,oat:z_threshold=2.0,z_threshold,2.0,low,low,39306
imagenet_mnv2_100_crop_free_k3,imagenet,margin_drop,oat:z_threshold=2.0,z_threshold,2.0,low,moderate,0
imagenet_mnv2_100_crop_free_k3,imagenet,margin_drop,oat:z_threshold=2.0,z_threshold,2.0,low,high,0
imagenet_mnv2_100_crop_free_k3,imagenet,margin_drop,oat:z_threshold=2.0,z_threshold,2.0,moderate,unreliable,0
imagenet_mnv2_100_crop_free_k3,imagenet,margin_drop,oat:z_threshold=2.0,z_threshold,2.0,moderate,low,0
imagenet_mnv2_100_crop_free_k3,imagenet,margin_drop,oat:z_threshold=2.0,z_threshold,2.0,moderate,moderate,0
imagenet_mnv2_100_crop_free_k3,imagenet,margin_drop,oat:z_threshold=2.0,z_threshold,2.0,moderate,high,0
imagenet_mnv2_100_crop_free_k3,imagenet,margin_drop,oat:z_threshold=2.0,z_threshold,2.0,high,unreliable,0
imagenet_mnv2_100_crop_free_k3,imagenet,margin_drop,oat:z_threshold=2.0,z_threshold,2.0,high,low,0
imagenet_mnv2_100_crop_free_k3,imagenet,margin_drop,oat:z_threshold=2.0,z_threshold,2.0,high,moderate,0
imagenet_mnv2_100_crop_free_k3,imagenet,margin_drop,oat:z_threshold=2.0,z_threshold,2.0,high,high,22865
imagenet_mnv2_100_crop_free_k3,imagenet,margin_drop,oat:z_threshold=2.5,z_threshold,2.5,unreliable,unreliable,97829
imagenet_mnv2_100_crop_free_k3,imagenet,margin_drop,oat:z_threshold=2.5,z_threshold,2.5,unreliable,low,0
imagenet_mnv2_100_crop_free_k3,imagenet,margin_drop,oat:z_threshold=2.5,z_threshold,2.5,unreliable,moderate,0
imagenet_mnv2_100_crop_free_k3,imagenet,margin_drop,oat:z_threshold=2.5,z_threshold,2.5,unreliable,high,0
imagenet_mnv2_100_crop_free_k3,imagenet,margin_drop,oat:z_threshold=2.5,z_threshold,2.5,low,unreliable,0
imagenet_mnv2_100_crop_free_k3,imagenet,margin_drop,oat:z_threshold=2.5,z_threshold,2.5,low,low,39306
imagenet_mnv2_100_crop_free_k3,imagenet,margin_drop,oat:z_threshold=2.5,z_threshold,2.5,low,moderate,0
imagenet_mnv2_100_crop_free_k3,imagenet,margin_drop,oat:z_threshold=2.5,z_threshold,2.5,low,high,0
imagenet_mnv2_100_crop_free_k3,imagenet,margin_drop,oat:z_threshold=2.5,z_threshold,2.5,moderate,unreliable,0
imagenet_mnv2_100_crop_free_k3,imagenet,margin_drop,oat:z_threshold=2.5,z_threshold,2.5,moderate,low,0
imagenet_mnv2_100_crop_free_k3,imagenet,margin_drop,oat:z_threshold=2.5,z_threshold,2.5,moderate,moderate,0
imagenet_mnv2_100_crop_free_k3,imagenet,margin_drop,oat:z_threshold=2.5,z_threshold,2.5,moderate,high,0
imagenet_mnv2_100_crop_free_k3,imagenet,margin_drop,oat:z_threshold=2.5,z_threshold,2.5,high,unreliable,0
imagenet_mnv2_100_crop_free_k3,imagenet,margin_drop,oat:z_threshold=2.5,z_threshold,2.5,high,low,3621
imagenet_mnv2_100_crop_free_k3,imagenet,margin_drop,oat:z_threshold=2.5,z_threshold,2.5,high,moderate,0
imagenet_mnv2_100_crop_free_k3,imagenet,margin_drop,oat:z_threshold=2.5,z_threshold,2.5,high,high,19244
imagenet_mnv2_100_crop_free_k3,imagenet,margin_drop,oat:z_threshold=3.0,z_threshold,3.0,unreliable,unreliable,97829
imagenet_mnv2_100_crop_free_k3,imagenet,margin_drop,oat:z_threshold=3.0,z_threshold,3.0,unreliable,low,0
imagenet_mnv2_100_crop_free_k3,imagenet,margin_drop,oat:z_threshold=3.0,z_threshold,3.0,unreliable,moderate,0
imagenet_mnv2_100_crop_free_k3,imagenet,margin_drop,oat:z_threshold=3.0,z_threshold,3.0,unreliable,high,0
imagenet_mnv2_100_crop_free_k3,imagenet,margin_drop,oat:z_threshold=3.0,z_threshold,3.0,low,unreliable,0
imagenet_mnv2_100_crop_free_k3,imagenet,margin_drop,oat:z_threshold=3.0,z_threshold,3.0,low,low,39306
imagenet_mnv2_100_crop_free_k3,imagenet,margin_drop,oat:z_threshold=3.0,z_threshold,3.0,low,moderate,0
imagenet_mnv2_100_crop_free_k3,imagenet,margin_drop,oat:z_threshold=3.0,z_threshold,3.0,low,high,0
imagenet_mnv2_100_crop_free_k3,imagenet,margin_drop,oat:z_threshold=3.0,z_threshold,3.0,moderate,unreliable,0
imagenet_mnv2_100_crop_free_k3,imagenet,margin_drop,oat:z_threshold=3.0,z_threshold,3.0,moderate,low,0
imagenet_mnv2_100_crop_free_k3,imagenet,margin_drop,oat:z_threshold=3.0,z_threshold,3.0,moderate,moderate,0
imagenet_mnv2_100_crop_free_k3,imagenet,margin_drop,oat:z_threshold=3.0,z_threshold,3.0,moderate,high,0
imagenet_mnv2_100_crop_free_k3,imagenet,margin_drop,oat:z_threshold=3.0,z_threshold,3.0,high,unreliable,0
imagenet_mnv2_100_crop_free_k3,imagenet,margin_drop,oat:z_threshold=3.0,z_threshold,3.0,high,low,6483
imagenet_mnv2_100_crop_free_k3,imagenet,margin_drop,oat:z_threshold=3.0,z_threshold,3.0,high,moderate,0
imagenet_mnv2_100_crop_free_k3,imagenet,margin_drop,oat:z_threshold=3.0,z_threshold,3.0,high,high,16382
imagenet_mnv2_100_crop_free_k3,imagenet,margin_drop,oat:z_threshold=4.0,z_threshold,4.0,unreliable,unreliable,97829
imagenet_mnv2_100_crop_free_k3,imagenet,margin_drop,oat:z_threshold=4.0,z_threshold,4.0,unreliable,low,0
imagenet_mnv2_100_crop_free_k3,imagenet,margin_drop,oat:z_threshold=4.0,z_threshold,4.0,unreliable,moderate,0
imagenet_mnv2_100_crop_free_k3,imagenet,margin_drop,oat:z_threshold=4.0,z_threshold,4.0,unreliable,high,0
imagenet_mnv2_100_crop_free_k3,imagenet,margin_drop,oat:z_threshold=4.0,z_threshold,4.0,low,unreliable,0
imagenet_mnv2_100_crop_free_k3,imagenet,margin_drop,oat:z_threshold=4.0,z_threshold,4.0,low,low,39306
imagenet_mnv2_100_crop_free_k3,imagenet,margin_drop,oat:z_threshold=4.0,z_threshold,4.0,low,moderate,0
imagenet_mnv2_100_crop_free_k3,imagenet,margin_drop,oat:z_threshold=4.0,z_threshold,4.0,low,high,0
imagenet_mnv2_100_crop_free_k3,imagenet,margin_drop,oat:z_threshold=4.0,z_threshold,4.0,moderate,unreliable,0
imagenet_mnv2_100_crop_free_k3,imagenet,margin_drop,oat:z_threshold=4.0,z_threshold,4.0,moderate,low,0
imagenet_mnv2_100_crop_free_k3,imagenet,margin_drop,oat:z_threshold=4.0,z_threshold,4.0,moderate,moderate,0
imagenet_mnv2_100_crop_free_k3,imagenet,margin_drop,oat:z_threshold=4.0,z_threshold,4.0,moderate,high,0
imagenet_mnv2_100_crop_free_k3,imagenet,margin_drop,oat:z_threshold=4.0,z_threshold,4.0,high,unreliable,0
imagenet_mnv2_100_crop_free_k3,imagenet,margin_drop,oat:z_threshold=4.0,z_threshold,4.0,high,low,10731
imagenet_mnv2_100_crop_free_k3,imagenet,margin_drop,oat:z_threshold=4.0,z_threshold,4.0,high,moderate,0
imagenet_mnv2_100_crop_free_k3,imagenet,margin_drop,oat:z_threshold=4.0,z_threshold,4.0,high,high,12134
imagenet_mnv2_100_crop_free_k3,imagenet,margin_drop,oat:sign_alpha=0.0,sign_alpha,0.0,unreliable,unreliable,97829
imagenet_mnv2_100_crop_free_k3,imagenet,margin_drop,oat:sign_alpha=0.0,sign_alpha,0.0,unreliable,low,0
imagenet_mnv2_100_crop_free_k3,imagenet,margin_drop,oat:sign_alpha=0.0,sign_alpha,0.0,unreliable,moderate,0
imagenet_mnv2_100_crop_free_k3,imagenet,margin_drop,oat:sign_alpha=0.0,sign_alpha,0.0,unreliable,high,0
imagenet_mnv2_100_crop_free_k3,imagenet,margin_drop,oat:sign_alpha=0.0,sign_alpha,0.0,low,unreliable,0
imagenet_mnv2_100_crop_free_k3,imagenet,margin_drop,oat:sign_alpha=0.0,sign_alpha,0.0,low,low,39306
imagenet_mnv2_100_crop_free_k3,imagenet,margin_drop,oat:sign_alpha=0.0,sign_alpha,0.0,low,moderate,0
imagenet_mnv2_100_crop_free_k3,imagenet,margin_drop,oat:sign_alpha=0.0,sign_alpha,0.0,low,high,0
imagenet_mnv2_100_crop_free_k3,imagenet,margin_drop,oat:sign_alpha=0.0,sign_alpha,0.0,moderate,unreliable,0
imagenet_mnv2_100_crop_free_k3,imagenet,margin_drop,oat:sign_alpha=0.0,sign_alpha,0.0,moderate,low,0
imagenet_mnv2_100_crop_free_k3,imagenet,margin_drop,oat:sign_alpha=0.0,sign_alpha,0.0,moderate,moderate,0
imagenet_mnv2_100_crop_free_k3,imagenet,margin_drop,oat:sign_alpha=0.0,sign_alpha,0.0,moderate,high,0
imagenet_mnv2_100_crop_free_k3,imagenet,margin_drop,oat:sign_alpha=0.0,sign_alpha,0.0,high,unreliable,0
imagenet_mnv2_100_crop_free_k3,imagenet,margin_drop,oat:sign_alpha=0.0,sign_alpha,0.0,high,low,0
imagenet_mnv2_100_crop_free_k3,imagenet,margin_drop,oat:sign_alpha=0.0,sign_alpha,0.0,high,moderate,0
imagenet_mnv2_100_crop_free_k3,imagenet,margin_drop,oat:sign_alpha=0.0,sign_alpha,0.0,high,high,22865
imagenet_mnv2_100_crop_free_k3,imagenet,margin_drop,oat:sign_alpha=0.01,sign_alpha,0.01,unreliable,unreliable,97829
imagenet_mnv2_100_crop_free_k3,imagenet,margin_drop,oat:sign_alpha=0.01,sign_alpha,0.01,unreliable,low,0
imagenet_mnv2_100_crop_free_k3,imagenet,margin_drop,oat:sign_alpha=0.01,sign_alpha,0.01,unreliable,moderate,0
imagenet_mnv2_100_crop_free_k3,imagenet,margin_drop,oat:sign_alpha=0.01,sign_alpha,0.01,unreliable,high,0
imagenet_mnv2_100_crop_free_k3,imagenet,margin_drop,oat:sign_alpha=0.01,sign_alpha,0.01,low,unreliable,909
imagenet_mnv2_100_crop_free_k3,imagenet,margin_drop,oat:sign_alpha=0.01,sign_alpha,0.01,low,low,38397
imagenet_mnv2_100_crop_free_k3,imagenet,margin_drop,oat:sign_alpha=0.01,sign_alpha,0.01,low,moderate,0
imagenet_mnv2_100_crop_free_k3,imagenet,margin_drop,oat:sign_alpha=0.01,sign_alpha,0.01,low,high,0
imagenet_mnv2_100_crop_free_k3,imagenet,margin_drop,oat:sign_alpha=0.01,sign_alpha,0.01,moderate,unreliable,0
imagenet_mnv2_100_crop_free_k3,imagenet,margin_drop,oat:sign_alpha=0.01,sign_alpha,0.01,moderate,low,0
imagenet_mnv2_100_crop_free_k3,imagenet,margin_drop,oat:sign_alpha=0.01,sign_alpha,0.01,moderate,moderate,0
imagenet_mnv2_100_crop_free_k3,imagenet,margin_drop,oat:sign_alpha=0.01,sign_alpha,0.01,moderate,high,0
imagenet_mnv2_100_crop_free_k3,imagenet,margin_drop,oat:sign_alpha=0.01,sign_alpha,0.01,high,unreliable,296
imagenet_mnv2_100_crop_free_k3,imagenet,margin_drop,oat:sign_alpha=0.01,sign_alpha,0.01,high,low,0
imagenet_mnv2_100_crop_free_k3,imagenet,margin_drop,oat:sign_alpha=0.01,sign_alpha,0.01,high,moderate,0
imagenet_mnv2_100_crop_free_k3,imagenet,margin_drop,oat:sign_alpha=0.01,sign_alpha,0.01,high,high,22569
imagenet_mnv2_100_crop_free_k3,imagenet,margin_drop,oat:sign_alpha=0.05,sign_alpha,0.05,unreliable,unreliable,97814
imagenet_mnv2_100_crop_free_k3,imagenet,margin_drop,oat:sign_alpha=0.05,sign_alpha,0.05,unreliable,low,14
imagenet_mnv2_100_crop_free_k3,imagenet,margin_drop,oat:sign_alpha=0.05,sign_alpha,0.05,unreliable,moderate,0
imagenet_mnv2_100_crop_free_k3,imagenet,margin_drop,oat:sign_alpha=0.05,sign_alpha,0.05,unreliable,high,1
imagenet_mnv2_100_crop_free_k3,imagenet,margin_drop,oat:sign_alpha=0.05,sign_alpha,0.05,low,unreliable,4349
imagenet_mnv2_100_crop_free_k3,imagenet,margin_drop,oat:sign_alpha=0.05,sign_alpha,0.05,low,low,34957
imagenet_mnv2_100_crop_free_k3,imagenet,margin_drop,oat:sign_alpha=0.05,sign_alpha,0.05,low,moderate,0
imagenet_mnv2_100_crop_free_k3,imagenet,margin_drop,oat:sign_alpha=0.05,sign_alpha,0.05,low,high,0
imagenet_mnv2_100_crop_free_k3,imagenet,margin_drop,oat:sign_alpha=0.05,sign_alpha,0.05,moderate,unreliable,0
imagenet_mnv2_100_crop_free_k3,imagenet,margin_drop,oat:sign_alpha=0.05,sign_alpha,0.05,moderate,low,0
imagenet_mnv2_100_crop_free_k3,imagenet,margin_drop,oat:sign_alpha=0.05,sign_alpha,0.05,moderate,moderate,0
imagenet_mnv2_100_crop_free_k3,imagenet,margin_drop,oat:sign_alpha=0.05,sign_alpha,0.05,moderate,high,0
imagenet_mnv2_100_crop_free_k3,imagenet,margin_drop,oat:sign_alpha=0.05,sign_alpha,0.05,high,unreliable,1497
imagenet_mnv2_100_crop_free_k3,imagenet,margin_drop,oat:sign_alpha=0.05,sign_alpha,0.05,high,low,0
imagenet_mnv2_100_crop_free_k3,imagenet,margin_drop,oat:sign_alpha=0.05,sign_alpha,0.05,high,moderate,0
imagenet_mnv2_100_crop_free_k3,imagenet,margin_drop,oat:sign_alpha=0.05,sign_alpha,0.05,high,high,21368
imagenet_mnv2_100_crop_free_k3,imagenet,margin_drop,oat:sign_alpha=0.1,sign_alpha,0.1,unreliable,unreliable,97708
imagenet_mnv2_100_crop_free_k3,imagenet,margin_drop,oat:sign_alpha=0.1,sign_alpha,0.1,unreliable,low,100
imagenet_mnv2_100_crop_free_k3,imagenet,margin_drop,oat:sign_alpha=0.1,sign_alpha,0.1,unreliable,moderate,0
imagenet_mnv2_100_crop_free_k3,imagenet,margin_drop,oat:sign_alpha=0.1,sign_alpha,0.1,unreliable,high,21
imagenet_mnv2_100_crop_free_k3,imagenet,margin_drop,oat:sign_alpha=0.1,sign_alpha,0.1,low,unreliable,7975
imagenet_mnv2_100_crop_free_k3,imagenet,margin_drop,oat:sign_alpha=0.1,sign_alpha,0.1,low,low,31331
imagenet_mnv2_100_crop_free_k3,imagenet,margin_drop,oat:sign_alpha=0.1,sign_alpha,0.1,low,moderate,0
imagenet_mnv2_100_crop_free_k3,imagenet,margin_drop,oat:sign_alpha=0.1,sign_alpha,0.1,low,high,0
imagenet_mnv2_100_crop_free_k3,imagenet,margin_drop,oat:sign_alpha=0.1,sign_alpha,0.1,moderate,unreliable,0
imagenet_mnv2_100_crop_free_k3,imagenet,margin_drop,oat:sign_alpha=0.1,sign_alpha,0.1,moderate,low,0
imagenet_mnv2_100_crop_free_k3,imagenet,margin_drop,oat:sign_alpha=0.1,sign_alpha,0.1,moderate,moderate,0
imagenet_mnv2_100_crop_free_k3,imagenet,margin_drop,oat:sign_alpha=0.1,sign_alpha,0.1,moderate,high,0
imagenet_mnv2_100_crop_free_k3,imagenet,margin_drop,oat:sign_alpha=0.1,sign_alpha,0.1,high,unreliable,2819
imagenet_mnv2_100_crop_free_k3,imagenet,margin_drop,oat:sign_alpha=0.1,sign_alpha,0.1,high,low,0
imagenet_mnv2_100_crop_free_k3,imagenet,margin_drop,oat:sign_alpha=0.1,sign_alpha,0.1,high,moderate,0
imagenet_mnv2_100_crop_free_k3,imagenet,margin_drop,oat:sign_alpha=0.1,sign_alpha,0.1,high,high,20046
imagenet_mnv2_100_crop_free_k3,imagenet,margin_drop,oat:sign_alpha=0.25,sign_alpha,0.25,unreliable,unreliable,96425
imagenet_mnv2_100_crop_free_k3,imagenet,margin_drop,oat:sign_alpha=0.25,sign_alpha,0.25,unreliable,low,1157
imagenet_mnv2_100_crop_free_k3,imagenet,margin_drop,oat:sign_alpha=0.25,sign_alpha,0.25,unreliable,moderate,0
imagenet_mnv2_100_crop_free_k3,imagenet,margin_drop,oat:sign_alpha=0.25,sign_alpha,0.25,unreliable,high,247
imagenet_mnv2_100_crop_free_k3,imagenet,margin_drop,oat:sign_alpha=0.25,sign_alpha,0.25,low,unreliable,16172
imagenet_mnv2_100_crop_free_k3,imagenet,margin_drop,oat:sign_alpha=0.25,sign_alpha,0.25,low,low,23134
imagenet_mnv2_100_crop_free_k3,imagenet,margin_drop,oat:sign_alpha=0.25,sign_alpha,0.25,low,moderate,0
imagenet_mnv2_100_crop_free_k3,imagenet,margin_drop,oat:sign_alpha=0.25,sign_alpha,0.25,low,high,0
imagenet_mnv2_100_crop_free_k3,imagenet,margin_drop,oat:sign_alpha=0.25,sign_alpha,0.25,moderate,unreliable,0
imagenet_mnv2_100_crop_free_k3,imagenet,margin_drop,oat:sign_alpha=0.25,sign_alpha,0.25,moderate,low,0
imagenet_mnv2_100_crop_free_k3,imagenet,margin_drop,oat:sign_alpha=0.25,sign_alpha,0.25,moderate,moderate,0
imagenet_mnv2_100_crop_free_k3,imagenet,margin_drop,oat:sign_alpha=0.25,sign_alpha,0.25,moderate,high,0
imagenet_mnv2_100_crop_free_k3,imagenet,margin_drop,oat:sign_alpha=0.25,sign_alpha,0.25,high,unreliable,6207
imagenet_mnv2_100_crop_free_k3,imagenet,margin_drop,oat:sign_alpha=0.25,sign_alpha,0.25,high,low,0
imagenet_mnv2_100_crop_free_k3,imagenet,margin_drop,oat:sign_alpha=0.25,sign_alpha,0.25,high,moderate,0
imagenet_mnv2_100_crop_free_k3,imagenet,margin_drop,oat:sign_alpha=0.25,sign_alpha,0.25,high,high,16658
imagenet_mnv2_100_crop_free_k3,imagenet,margin_drop,oat:min_multi_strategy=2,min_multi_strategy,2,unreliable,unreliable,97829
imagenet_mnv2_100_crop_free_k3,imagenet,margin_drop,oat:min_multi_strategy=2,min_multi_strategy,2,unreliable,low,0
imagenet_mnv2_100_crop_free_k3,imagenet,margin_drop,oat:min_multi_strategy=2,min_multi_strategy,2,unreliable,moderate,0
imagenet_mnv2_100_crop_free_k3,imagenet,margin_drop,oat:min_multi_strategy=2,min_multi_strategy,2,unreliable,high,0
imagenet_mnv2_100_crop_free_k3,imagenet,margin_drop,oat:min_multi_strategy=2,min_multi_strategy,2,low,unreliable,0
imagenet_mnv2_100_crop_free_k3,imagenet,margin_drop,oat:min_multi_strategy=2,min_multi_strategy,2,low,low,39306
imagenet_mnv2_100_crop_free_k3,imagenet,margin_drop,oat:min_multi_strategy=2,min_multi_strategy,2,low,moderate,0
imagenet_mnv2_100_crop_free_k3,imagenet,margin_drop,oat:min_multi_strategy=2,min_multi_strategy,2,low,high,0
imagenet_mnv2_100_crop_free_k3,imagenet,margin_drop,oat:min_multi_strategy=2,min_multi_strategy,2,moderate,unreliable,0
imagenet_mnv2_100_crop_free_k3,imagenet,margin_drop,oat:min_multi_strategy=2,min_multi_strategy,2,moderate,low,0
imagenet_mnv2_100_crop_free_k3,imagenet,margin_drop,oat:min_multi_strategy=2,min_multi_strategy,2,moderate,moderate,0
imagenet_mnv2_100_crop_free_k3,imagenet,margin_drop,oat:min_multi_strategy=2,min_multi_strategy,2,moderate,high,0
imagenet_mnv2_100_crop_free_k3,imagenet,margin_drop,oat:min_multi_strategy=2,min_multi_strategy,2,high,unreliable,0
imagenet_mnv2_100_crop_free_k3,imagenet,margin_drop,oat:min_multi_strategy=2,min_multi_strategy,2,high,low,0
imagenet_mnv2_100_crop_free_k3,imagenet,margin_drop,oat:min_multi_strategy=2,min_multi_strategy,2,high,moderate,0
imagenet_mnv2_100_crop_free_k3,imagenet,margin_drop,oat:min_multi_strategy=2,min_multi_strategy,2,high,high,22865
imagenet_mnv2_100_crop_free_k3,imagenet,margin_drop,oat:min_multi_strategy=3,min_multi_strategy,3,unreliable,unreliable,97829
imagenet_mnv2_100_crop_free_k3,imagenet,margin_drop,oat:min_multi_strategy=3,min_multi_strategy,3,unreliable,low,0
imagenet_mnv2_100_crop_free_k3,imagenet,margin_drop,oat:min_multi_strategy=3,min_multi_strategy,3,unreliable,moderate,0
imagenet_mnv2_100_crop_free_k3,imagenet,margin_drop,oat:min_multi_strategy=3,min_multi_strategy,3,unreliable,high,0
imagenet_mnv2_100_crop_free_k3,imagenet,margin_drop,oat:min_multi_strategy=3,min_multi_strategy,3,low,unreliable,0
imagenet_mnv2_100_crop_free_k3,imagenet,margin_drop,oat:min_multi_strategy=3,min_multi_strategy,3,low,low,39306
imagenet_mnv2_100_crop_free_k3,imagenet,margin_drop,oat:min_multi_strategy=3,min_multi_strategy,3,low,moderate,0
imagenet_mnv2_100_crop_free_k3,imagenet,margin_drop,oat:min_multi_strategy=3,min_multi_strategy,3,low,high,0
imagenet_mnv2_100_crop_free_k3,imagenet,margin_drop,oat:min_multi_strategy=3,min_multi_strategy,3,moderate,unreliable,0
imagenet_mnv2_100_crop_free_k3,imagenet,margin_drop,oat:min_multi_strategy=3,min_multi_strategy,3,moderate,low,0
imagenet_mnv2_100_crop_free_k3,imagenet,margin_drop,oat:min_multi_strategy=3,min_multi_strategy,3,moderate,moderate,0
imagenet_mnv2_100_crop_free_k3,imagenet,margin_drop,oat:min_multi_strategy=3,min_multi_strategy,3,moderate,high,0
imagenet_mnv2_100_crop_free_k3,imagenet,margin_drop,oat:min_multi_strategy=3,min_multi_strategy,3,high,unreliable,0
imagenet_mnv2_100_crop_free_k3,imagenet,margin_drop,oat:min_multi_strategy=3,min_multi_strategy,3,high,low,0
imagenet_mnv2_100_crop_free_k3,imagenet,margin_drop,oat:min_multi_strategy=3,min_multi_strategy,3,high,moderate,0
imagenet_mnv2_100_crop_free_k3,imagenet,margin_drop,oat:min_multi_strategy=3,min_multi_strategy,3,high,high,22865
imagenet_mnv2_100_crop_free_k3,imagenet,margin_drop,oat:ci_level=90,ci_level,90,unreliable,unreliable,97829
imagenet_mnv2_100_crop_free_k3,imagenet,margin_drop,oat:ci_level=90,ci_level,90,unreliable,low,0
imagenet_mnv2_100_crop_free_k3,imagenet,margin_drop,oat:ci_level=90,ci_level,90,unreliable,moderate,0
imagenet_mnv2_100_crop_free_k3,imagenet,margin_drop,oat:ci_level=90,ci_level,90,unreliable,high,0
imagenet_mnv2_100_crop_free_k3,imagenet,margin_drop,oat:ci_level=90,ci_level,90,low,unreliable,0
imagenet_mnv2_100_crop_free_k3,imagenet,margin_drop,oat:ci_level=90,ci_level,90,low,low,39306
imagenet_mnv2_100_crop_free_k3,imagenet,margin_drop,oat:ci_level=90,ci_level,90,low,moderate,0
imagenet_mnv2_100_crop_free_k3,imagenet,margin_drop,oat:ci_level=90,ci_level,90,low,high,0
imagenet_mnv2_100_crop_free_k3,imagenet,margin_drop,oat:ci_level=90,ci_level,90,moderate,unreliable,0
imagenet_mnv2_100_crop_free_k3,imagenet,margin_drop,oat:ci_level=90,ci_level,90,moderate,low,0
imagenet_mnv2_100_crop_free_k3,imagenet,margin_drop,oat:ci_level=90,ci_level,90,moderate,moderate,0
imagenet_mnv2_100_crop_free_k3,imagenet,margin_drop,oat:ci_level=90,ci_level,90,moderate,high,0
imagenet_mnv2_100_crop_free_k3,imagenet,margin_drop,oat:ci_level=90,ci_level,90,high,unreliable,0
imagenet_mnv2_100_crop_free_k3,imagenet,margin_drop,oat:ci_level=90,ci_level,90,high,low,0
imagenet_mnv2_100_crop_free_k3,imagenet,margin_drop,oat:ci_level=90,ci_level,90,high,moderate,0
imagenet_mnv2_100_crop_free_k3,imagenet,margin_drop,oat:ci_level=90,ci_level,90,high,high,22865
imagenet_mnv2_100_crop_free_k3,imagenet,margin_drop,oat:ci_level=95,ci_level,95,unreliable,unreliable,97829
imagenet_mnv2_100_crop_free_k3,imagenet,margin_drop,oat:ci_level=95,ci_level,95,unreliable,low,0
imagenet_mnv2_100_crop_free_k3,imagenet,margin_drop,oat:ci_level=95,ci_level,95,unreliable,moderate,0
imagenet_mnv2_100_crop_free_k3,imagenet,margin_drop,oat:ci_level=95,ci_level,95,unreliable,high,0
imagenet_mnv2_100_crop_free_k3,imagenet,margin_drop,oat:ci_level=95,ci_level,95,low,unreliable,0
imagenet_mnv2_100_crop_free_k3,imagenet,margin_drop,oat:ci_level=95,ci_level,95,low,low,39306
imagenet_mnv2_100_crop_free_k3,imagenet,margin_drop,oat:ci_level=95,ci_level,95,low,moderate,0
imagenet_mnv2_100_crop_free_k3,imagenet,margin_drop,oat:ci_level=95,ci_level,95,low,high,0
imagenet_mnv2_100_crop_free_k3,imagenet,margin_drop,oat:ci_level=95,ci_level,95,moderate,unreliable,0
imagenet_mnv2_100_crop_free_k3,imagenet,margin_drop,oat:ci_level=95,ci_level,95,moderate,low,0
imagenet_mnv2_100_crop_free_k3,imagenet,margin_drop,oat:ci_level=95,ci_level,95,moderate,moderate,0
imagenet_mnv2_100_crop_free_k3,imagenet,margin_drop,oat:ci_level=95,ci_level,95,moderate,high,0
imagenet_mnv2_100_crop_free_k3,imagenet,margin_drop,oat:ci_level=95,ci_level,95,high,unreliable,0
imagenet_mnv2_100_crop_free_k3,imagenet,margin_drop,oat:ci_level=95,ci_level,95,high,low,0
imagenet_mnv2_100_crop_free_k3,imagenet,margin_drop,oat:ci_level=95,ci_level,95,high,moderate,0
imagenet_mnv2_100_crop_free_k3,imagenet,margin_drop,oat:ci_level=95,ci_level,95,high,high,22865
imagenet_mnv2_100_crop_free_k3,imagenet,margin_drop,oat:ci_level=99,ci_level,99,unreliable,unreliable,97829
imagenet_mnv2_100_crop_free_k3,imagenet,margin_drop,oat:ci_level=99,ci_level,99,unreliable,low,0
imagenet_mnv2_100_crop_free_k3,imagenet,margin_drop,oat:ci_level=99,ci_level,99,unreliable,moderate,0
imagenet_mnv2_100_crop_free_k3,imagenet,margin_drop,oat:ci_level=99,ci_level,99,unreliable,high,0
imagenet_mnv2_100_crop_free_k3,imagenet,margin_drop,oat:ci_level=99,ci_level,99,low,unreliable,0
imagenet_mnv2_100_crop_free_k3,imagenet,margin_drop,oat:ci_level=99,ci_level,99,low,low,39306
imagenet_mnv2_100_crop_free_k3,imagenet,margin_drop,oat:ci_level=99,ci_level,99,low,moderate,0
imagenet_mnv2_100_crop_free_k3,imagenet,margin_drop,oat:ci_level=99,ci_level,99,low,high,0
imagenet_mnv2_100_crop_free_k3,imagenet,margin_drop,oat:ci_level=99,ci_level,99,moderate,unreliable,0
imagenet_mnv2_100_crop_free_k3,imagenet,margin_drop,oat:ci_level=99,ci_level,99,moderate,low,0
imagenet_mnv2_100_crop_free_k3,imagenet,margin_drop,oat:ci_level=99,ci_level,99,moderate,moderate,0
imagenet_mnv2_100_crop_free_k3,imagenet,margin_drop,oat:ci_level=99,ci_level,99,moderate,high,0
imagenet_mnv2_100_crop_free_k3,imagenet,margin_drop,oat:ci_level=99,ci_level,99,high,unreliable,0
imagenet_mnv2_100_crop_free_k3,imagenet,margin_drop,oat:ci_level=99,ci_level,99,high,low,0
imagenet_mnv2_100_crop_free_k3,imagenet,margin_drop,oat:ci_level=99,ci_level,99,high,moderate,0
imagenet_mnv2_100_crop_free_k3,imagenet,margin_drop,oat:ci_level=99,ci_level,99,high,high,22865
imagenet_mnv2_100_crop_free_k3,imagenet,margin_drop,oat:ci_level=999,ci_level,999,unreliable,unreliable,97829
imagenet_mnv2_100_crop_free_k3,imagenet,margin_drop,oat:ci_level=999,ci_level,999,unreliable,low,0
imagenet_mnv2_100_crop_free_k3,imagenet,margin_drop,oat:ci_level=999,ci_level,999,unreliable,moderate,0
imagenet_mnv2_100_crop_free_k3,imagenet,margin_drop,oat:ci_level=999,ci_level,999,unreliable,high,0
imagenet_mnv2_100_crop_free_k3,imagenet,margin_drop,oat:ci_level=999,ci_level,999,low,unreliable,0
imagenet_mnv2_100_crop_free_k3,imagenet,margin_drop,oat:ci_level=999,ci_level,999,low,low,39306
imagenet_mnv2_100_crop_free_k3,imagenet,margin_drop,oat:ci_level=999,ci_level,999,low,moderate,0
imagenet_mnv2_100_crop_free_k3,imagenet,margin_drop,oat:ci_level=999,ci_level,999,low,high,0
imagenet_mnv2_100_crop_free_k3,imagenet,margin_drop,oat:ci_level=999,ci_level,999,moderate,unreliable,0
imagenet_mnv2_100_crop_free_k3,imagenet,margin_drop,oat:ci_level=999,ci_level,999,moderate,low,0
imagenet_mnv2_100_crop_free_k3,imagenet,margin_drop,oat:ci_level=999,ci_level,999,moderate,moderate,0
imagenet_mnv2_100_crop_free_k3,imagenet,margin_drop,oat:ci_level=999,ci_level,999,moderate,high,0
imagenet_mnv2_100_crop_free_k3,imagenet,margin_drop,oat:ci_level=999,ci_level,999,high,unreliable,0
imagenet_mnv2_100_crop_free_k3,imagenet,margin_drop,oat:ci_level=999,ci_level,999,high,low,0
imagenet_mnv2_100_crop_free_k3,imagenet,margin_drop,oat:ci_level=999,ci_level,999,high,moderate,0
imagenet_mnv2_100_crop_free_k3,imagenet,margin_drop,oat:ci_level=999,ci_level,999,high,high,22865
imagenet_mnv2_100_crop_free_k3,imagenet,margin_drop,oat:ddof=0,ddof,0,unreliable,unreliable,97829
imagenet_mnv2_100_crop_free_k3,imagenet,margin_drop,oat:ddof=0,ddof,0,unreliable,low,0
imagenet_mnv2_100_crop_free_k3,imagenet,margin_drop,oat:ddof=0,ddof,0,unreliable,moderate,0
imagenet_mnv2_100_crop_free_k3,imagenet,margin_drop,oat:ddof=0,ddof,0,unreliable,high,0
imagenet_mnv2_100_crop_free_k3,imagenet,margin_drop,oat:ddof=0,ddof,0,low,unreliable,0
imagenet_mnv2_100_crop_free_k3,imagenet,margin_drop,oat:ddof=0,ddof,0,low,low,39306
imagenet_mnv2_100_crop_free_k3,imagenet,margin_drop,oat:ddof=0,ddof,0,low,moderate,0
imagenet_mnv2_100_crop_free_k3,imagenet,margin_drop,oat:ddof=0,ddof,0,low,high,0
imagenet_mnv2_100_crop_free_k3,imagenet,margin_drop,oat:ddof=0,ddof,0,moderate,unreliable,0
imagenet_mnv2_100_crop_free_k3,imagenet,margin_drop,oat:ddof=0,ddof,0,moderate,low,0
imagenet_mnv2_100_crop_free_k3,imagenet,margin_drop,oat:ddof=0,ddof,0,moderate,moderate,0
imagenet_mnv2_100_crop_free_k3,imagenet,margin_drop,oat:ddof=0,ddof,0,moderate,high,0
imagenet_mnv2_100_crop_free_k3,imagenet,margin_drop,oat:ddof=0,ddof,0,high,unreliable,0
imagenet_mnv2_100_crop_free_k3,imagenet,margin_drop,oat:ddof=0,ddof,0,high,low,0
imagenet_mnv2_100_crop_free_k3,imagenet,margin_drop,oat:ddof=0,ddof,0,high,moderate,0
imagenet_mnv2_100_crop_free_k3,imagenet,margin_drop,oat:ddof=0,ddof,0,high,high,22865
imagenet_mnv2_100_crop_free_k3,imagenet,margin_drop,oat:ddof=1,ddof,1,unreliable,unreliable,97829
imagenet_mnv2_100_crop_free_k3,imagenet,margin_drop,oat:ddof=1,ddof,1,unreliable,low,0
imagenet_mnv2_100_crop_free_k3,imagenet,margin_drop,oat:ddof=1,ddof,1,unreliable,moderate,0
imagenet_mnv2_100_crop_free_k3,imagenet,margin_drop,oat:ddof=1,ddof,1,unreliable,high,0
imagenet_mnv2_100_crop_free_k3,imagenet,margin_drop,oat:ddof=1,ddof,1,low,unreliable,0
imagenet_mnv2_100_crop_free_k3,imagenet,margin_drop,oat:ddof=1,ddof,1,low,low,39306
imagenet_mnv2_100_crop_free_k3,imagenet,margin_drop,oat:ddof=1,ddof,1,low,moderate,0
imagenet_mnv2_100_crop_free_k3,imagenet,margin_drop,oat:ddof=1,ddof,1,low,high,0
imagenet_mnv2_100_crop_free_k3,imagenet,margin_drop,oat:ddof=1,ddof,1,moderate,unreliable,0
imagenet_mnv2_100_crop_free_k3,imagenet,margin_drop,oat:ddof=1,ddof,1,moderate,low,0
imagenet_mnv2_100_crop_free_k3,imagenet,margin_drop,oat:ddof=1,ddof,1,moderate,moderate,0
imagenet_mnv2_100_crop_free_k3,imagenet,margin_drop,oat:ddof=1,ddof,1,moderate,high,0
imagenet_mnv2_100_crop_free_k3,imagenet,margin_drop,oat:ddof=1,ddof,1,high,unreliable,0
imagenet_mnv2_100_crop_free_k3,imagenet,margin_drop,oat:ddof=1,ddof,1,high,low,3277
imagenet_mnv2_100_crop_free_k3,imagenet,margin_drop,oat:ddof=1,ddof,1,high,moderate,0
imagenet_mnv2_100_crop_free_k3,imagenet,margin_drop,oat:ddof=1,ddof,1,high,high,19588
imagenet_mnv2_100_crop_free_k3,imagenet,margin_drop,oat:std_floor_beta=0.0,std_floor_beta,0.0,unreliable,unreliable,97829
imagenet_mnv2_100_crop_free_k3,imagenet,margin_drop,oat:std_floor_beta=0.0,std_floor_beta,0.0,unreliable,low,0
imagenet_mnv2_100_crop_free_k3,imagenet,margin_drop,oat:std_floor_beta=0.0,std_floor_beta,0.0,unreliable,moderate,0
imagenet_mnv2_100_crop_free_k3,imagenet,margin_drop,oat:std_floor_beta=0.0,std_floor_beta,0.0,unreliable,high,0
imagenet_mnv2_100_crop_free_k3,imagenet,margin_drop,oat:std_floor_beta=0.0,std_floor_beta,0.0,low,unreliable,0
imagenet_mnv2_100_crop_free_k3,imagenet,margin_drop,oat:std_floor_beta=0.0,std_floor_beta,0.0,low,low,39306
imagenet_mnv2_100_crop_free_k3,imagenet,margin_drop,oat:std_floor_beta=0.0,std_floor_beta,0.0,low,moderate,0
imagenet_mnv2_100_crop_free_k3,imagenet,margin_drop,oat:std_floor_beta=0.0,std_floor_beta,0.0,low,high,0
imagenet_mnv2_100_crop_free_k3,imagenet,margin_drop,oat:std_floor_beta=0.0,std_floor_beta,0.0,moderate,unreliable,0
imagenet_mnv2_100_crop_free_k3,imagenet,margin_drop,oat:std_floor_beta=0.0,std_floor_beta,0.0,moderate,low,0
imagenet_mnv2_100_crop_free_k3,imagenet,margin_drop,oat:std_floor_beta=0.0,std_floor_beta,0.0,moderate,moderate,0
imagenet_mnv2_100_crop_free_k3,imagenet,margin_drop,oat:std_floor_beta=0.0,std_floor_beta,0.0,moderate,high,0
imagenet_mnv2_100_crop_free_k3,imagenet,margin_drop,oat:std_floor_beta=0.0,std_floor_beta,0.0,high,unreliable,0
imagenet_mnv2_100_crop_free_k3,imagenet,margin_drop,oat:std_floor_beta=0.0,std_floor_beta,0.0,high,low,0
imagenet_mnv2_100_crop_free_k3,imagenet,margin_drop,oat:std_floor_beta=0.0,std_floor_beta,0.0,high,moderate,0
imagenet_mnv2_100_crop_free_k3,imagenet,margin_drop,oat:std_floor_beta=0.0,std_floor_beta,0.0,high,high,22865
imagenet_mnv2_100_crop_free_k3,imagenet,margin_drop,oat:std_floor_beta=0.1,std_floor_beta,0.1,unreliable,unreliable,97829
imagenet_mnv2_100_crop_free_k3,imagenet,margin_drop,oat:std_floor_beta=0.1,std_floor_beta,0.1,unreliable,low,0
imagenet_mnv2_100_crop_free_k3,imagenet,margin_drop,oat:std_floor_beta=0.1,std_floor_beta,0.1,unreliable,moderate,0
imagenet_mnv2_100_crop_free_k3,imagenet,margin_drop,oat:std_floor_beta=0.1,std_floor_beta,0.1,unreliable,high,0
imagenet_mnv2_100_crop_free_k3,imagenet,margin_drop,oat:std_floor_beta=0.1,std_floor_beta,0.1,low,unreliable,0
imagenet_mnv2_100_crop_free_k3,imagenet,margin_drop,oat:std_floor_beta=0.1,std_floor_beta,0.1,low,low,39305
imagenet_mnv2_100_crop_free_k3,imagenet,margin_drop,oat:std_floor_beta=0.1,std_floor_beta,0.1,low,moderate,0
imagenet_mnv2_100_crop_free_k3,imagenet,margin_drop,oat:std_floor_beta=0.1,std_floor_beta,0.1,low,high,1
imagenet_mnv2_100_crop_free_k3,imagenet,margin_drop,oat:std_floor_beta=0.1,std_floor_beta,0.1,moderate,unreliable,0
imagenet_mnv2_100_crop_free_k3,imagenet,margin_drop,oat:std_floor_beta=0.1,std_floor_beta,0.1,moderate,low,0
imagenet_mnv2_100_crop_free_k3,imagenet,margin_drop,oat:std_floor_beta=0.1,std_floor_beta,0.1,moderate,moderate,0
imagenet_mnv2_100_crop_free_k3,imagenet,margin_drop,oat:std_floor_beta=0.1,std_floor_beta,0.1,moderate,high,0
imagenet_mnv2_100_crop_free_k3,imagenet,margin_drop,oat:std_floor_beta=0.1,std_floor_beta,0.1,high,unreliable,0
imagenet_mnv2_100_crop_free_k3,imagenet,margin_drop,oat:std_floor_beta=0.1,std_floor_beta,0.1,high,low,262
imagenet_mnv2_100_crop_free_k3,imagenet,margin_drop,oat:std_floor_beta=0.1,std_floor_beta,0.1,high,moderate,0
imagenet_mnv2_100_crop_free_k3,imagenet,margin_drop,oat:std_floor_beta=0.1,std_floor_beta,0.1,high,high,22603
imagenet_mnv2_100_crop_free_k3,imagenet,margin_drop,oat:std_floor_beta=0.25,std_floor_beta,0.25,unreliable,unreliable,97829
imagenet_mnv2_100_crop_free_k3,imagenet,margin_drop,oat:std_floor_beta=0.25,std_floor_beta,0.25,unreliable,low,0
imagenet_mnv2_100_crop_free_k3,imagenet,margin_drop,oat:std_floor_beta=0.25,std_floor_beta,0.25,unreliable,moderate,0
imagenet_mnv2_100_crop_free_k3,imagenet,margin_drop,oat:std_floor_beta=0.25,std_floor_beta,0.25,unreliable,high,0
imagenet_mnv2_100_crop_free_k3,imagenet,margin_drop,oat:std_floor_beta=0.25,std_floor_beta,0.25,low,unreliable,0
imagenet_mnv2_100_crop_free_k3,imagenet,margin_drop,oat:std_floor_beta=0.25,std_floor_beta,0.25,low,low,39305
imagenet_mnv2_100_crop_free_k3,imagenet,margin_drop,oat:std_floor_beta=0.25,std_floor_beta,0.25,low,moderate,0
imagenet_mnv2_100_crop_free_k3,imagenet,margin_drop,oat:std_floor_beta=0.25,std_floor_beta,0.25,low,high,1
imagenet_mnv2_100_crop_free_k3,imagenet,margin_drop,oat:std_floor_beta=0.25,std_floor_beta,0.25,moderate,unreliable,0
imagenet_mnv2_100_crop_free_k3,imagenet,margin_drop,oat:std_floor_beta=0.25,std_floor_beta,0.25,moderate,low,0
imagenet_mnv2_100_crop_free_k3,imagenet,margin_drop,oat:std_floor_beta=0.25,std_floor_beta,0.25,moderate,moderate,0
imagenet_mnv2_100_crop_free_k3,imagenet,margin_drop,oat:std_floor_beta=0.25,std_floor_beta,0.25,moderate,high,0
imagenet_mnv2_100_crop_free_k3,imagenet,margin_drop,oat:std_floor_beta=0.25,std_floor_beta,0.25,high,unreliable,0
imagenet_mnv2_100_crop_free_k3,imagenet,margin_drop,oat:std_floor_beta=0.25,std_floor_beta,0.25,high,low,1762
imagenet_mnv2_100_crop_free_k3,imagenet,margin_drop,oat:std_floor_beta=0.25,std_floor_beta,0.25,high,moderate,0
imagenet_mnv2_100_crop_free_k3,imagenet,margin_drop,oat:std_floor_beta=0.25,std_floor_beta,0.25,high,high,21103
imagenet_mnv2_100_crop_free_k3,imagenet,margin_drop,preset:lenient,preset,lenient,unreliable,unreliable,97829
imagenet_mnv2_100_crop_free_k3,imagenet,margin_drop,preset:lenient,preset,lenient,unreliable,low,0
imagenet_mnv2_100_crop_free_k3,imagenet,margin_drop,preset:lenient,preset,lenient,unreliable,moderate,0
imagenet_mnv2_100_crop_free_k3,imagenet,margin_drop,preset:lenient,preset,lenient,unreliable,high,0
imagenet_mnv2_100_crop_free_k3,imagenet,margin_drop,preset:lenient,preset,lenient,low,unreliable,0
imagenet_mnv2_100_crop_free_k3,imagenet,margin_drop,preset:lenient,preset,lenient,low,low,34914
imagenet_mnv2_100_crop_free_k3,imagenet,margin_drop,preset:lenient,preset,lenient,low,moderate,0
imagenet_mnv2_100_crop_free_k3,imagenet,margin_drop,preset:lenient,preset,lenient,low,high,4392
imagenet_mnv2_100_crop_free_k3,imagenet,margin_drop,preset:lenient,preset,lenient,moderate,unreliable,0
imagenet_mnv2_100_crop_free_k3,imagenet,margin_drop,preset:lenient,preset,lenient,moderate,low,0
imagenet_mnv2_100_crop_free_k3,imagenet,margin_drop,preset:lenient,preset,lenient,moderate,moderate,0
imagenet_mnv2_100_crop_free_k3,imagenet,margin_drop,preset:lenient,preset,lenient,moderate,high,0
imagenet_mnv2_100_crop_free_k3,imagenet,margin_drop,preset:lenient,preset,lenient,high,unreliable,0
imagenet_mnv2_100_crop_free_k3,imagenet,margin_drop,preset:lenient,preset,lenient,high,low,0
imagenet_mnv2_100_crop_free_k3,imagenet,margin_drop,preset:lenient,preset,lenient,high,moderate,0
imagenet_mnv2_100_crop_free_k3,imagenet,margin_drop,preset:lenient,preset,lenient,high,high,22865
imagenet_mnv2_100_crop_free_k3,imagenet,margin_drop,preset:conservative,preset,conservative,unreliable,unreliable,97814
imagenet_mnv2_100_crop_free_k3,imagenet,margin_drop,preset:conservative,preset,conservative,unreliable,low,15
imagenet_mnv2_100_crop_free_k3,imagenet,margin_drop,preset:conservative,preset,conservative,unreliable,moderate,0
imagenet_mnv2_100_crop_free_k3,imagenet,margin_drop,preset:conservative,preset,conservative,unreliable,high,0
imagenet_mnv2_100_crop_free_k3,imagenet,margin_drop,preset:conservative,preset,conservative,low,unreliable,4349
imagenet_mnv2_100_crop_free_k3,imagenet,margin_drop,preset:conservative,preset,conservative,low,low,34956
imagenet_mnv2_100_crop_free_k3,imagenet,margin_drop,preset:conservative,preset,conservative,low,moderate,0
imagenet_mnv2_100_crop_free_k3,imagenet,margin_drop,preset:conservative,preset,conservative,low,high,1
imagenet_mnv2_100_crop_free_k3,imagenet,margin_drop,preset:conservative,preset,conservative,moderate,unreliable,0
imagenet_mnv2_100_crop_free_k3,imagenet,margin_drop,preset:conservative,preset,conservative,moderate,low,0
imagenet_mnv2_100_crop_free_k3,imagenet,margin_drop,preset:conservative,preset,conservative,moderate,moderate,0
imagenet_mnv2_100_crop_free_k3,imagenet,margin_drop,preset:conservative,preset,conservative,moderate,high,0
imagenet_mnv2_100_crop_free_k3,imagenet,margin_drop,preset:conservative,preset,conservative,high,unreliable,1497
imagenet_mnv2_100_crop_free_k3,imagenet,margin_drop,preset:conservative,preset,conservative,high,low,9015
imagenet_mnv2_100_crop_free_k3,imagenet,margin_drop,preset:conservative,preset,conservative,high,moderate,0
imagenet_mnv2_100_crop_free_k3,imagenet,margin_drop,preset:conservative,preset,conservative,high,high,12353
imagenet_mnv2_100_crop_free_k3,imagenet,margin_drop,alt:zero_abstain:sign_alpha=0.01,zero_abstain_alpha,0.01,unreliable,unreliable,96596
imagenet_mnv2_100_crop_free_k3,imagenet,margin_drop,alt:zero_abstain:sign_alpha=0.01,zero_abstain_alpha,0.01,unreliable,low,938
imagenet_mnv2_100_crop_free_k3,imagenet,margin_drop,alt:zero_abstain:sign_alpha=0.01,zero_abstain_alpha,0.01,unreliable,moderate,0
imagenet_mnv2_100_crop_free_k3,imagenet,margin_drop,alt:zero_abstain:sign_alpha=0.01,zero_abstain_alpha,0.01,unreliable,high,295
imagenet_mnv2_100_crop_free_k3,imagenet,margin_drop,alt:zero_abstain:sign_alpha=0.01,zero_abstain_alpha,0.01,low,unreliable,0
imagenet_mnv2_100_crop_free_k3,imagenet,margin_drop,alt:zero_abstain:sign_alpha=0.01,zero_abstain_alpha,0.01,low,low,39306
imagenet_mnv2_100_crop_free_k3,imagenet,margin_drop,alt:zero_abstain:sign_alpha=0.01,zero_abstain_alpha,0.01,low,moderate,0
imagenet_mnv2_100_crop_free_k3,imagenet,margin_drop,alt:zero_abstain:sign_alpha=0.01,zero_abstain_alpha,0.01,low,high,0
imagenet_mnv2_100_crop_free_k3,imagenet,margin_drop,alt:zero_abstain:sign_alpha=0.01,zero_abstain_alpha,0.01,moderate,unreliable,0
imagenet_mnv2_100_crop_free_k3,imagenet,margin_drop,alt:zero_abstain:sign_alpha=0.01,zero_abstain_alpha,0.01,moderate,low,0
imagenet_mnv2_100_crop_free_k3,imagenet,margin_drop,alt:zero_abstain:sign_alpha=0.01,zero_abstain_alpha,0.01,moderate,moderate,0
imagenet_mnv2_100_crop_free_k3,imagenet,margin_drop,alt:zero_abstain:sign_alpha=0.01,zero_abstain_alpha,0.01,moderate,high,0
imagenet_mnv2_100_crop_free_k3,imagenet,margin_drop,alt:zero_abstain:sign_alpha=0.01,zero_abstain_alpha,0.01,high,unreliable,0
imagenet_mnv2_100_crop_free_k3,imagenet,margin_drop,alt:zero_abstain:sign_alpha=0.01,zero_abstain_alpha,0.01,high,low,2
imagenet_mnv2_100_crop_free_k3,imagenet,margin_drop,alt:zero_abstain:sign_alpha=0.01,zero_abstain_alpha,0.01,high,moderate,0
imagenet_mnv2_100_crop_free_k3,imagenet,margin_drop,alt:zero_abstain:sign_alpha=0.01,zero_abstain_alpha,0.01,high,high,22863
imagenet_mnv2_100_crop_free_k3,imagenet,margin_drop,alt:zero_abstain:sign_alpha=0.05,zero_abstain_alpha,0.05,unreliable,unreliable,91730
imagenet_mnv2_100_crop_free_k3,imagenet,margin_drop,alt:zero_abstain:sign_alpha=0.05,zero_abstain_alpha,0.05,unreliable,low,4710
imagenet_mnv2_100_crop_free_k3,imagenet,margin_drop,alt:zero_abstain:sign_alpha=0.05,zero_abstain_alpha,0.05,unreliable,moderate,0
imagenet_mnv2_100_crop_free_k3,imagenet,margin_drop,alt:zero_abstain:sign_alpha=0.05,zero_abstain_alpha,0.05,unreliable,high,1389
imagenet_mnv2_100_crop_free_k3,imagenet,margin_drop,alt:zero_abstain:sign_alpha=0.05,zero_abstain_alpha,0.05,low,unreliable,0
imagenet_mnv2_100_crop_free_k3,imagenet,margin_drop,alt:zero_abstain:sign_alpha=0.05,zero_abstain_alpha,0.05,low,low,39306
imagenet_mnv2_100_crop_free_k3,imagenet,margin_drop,alt:zero_abstain:sign_alpha=0.05,zero_abstain_alpha,0.05,low,moderate,0
imagenet_mnv2_100_crop_free_k3,imagenet,margin_drop,alt:zero_abstain:sign_alpha=0.05,zero_abstain_alpha,0.05,low,high,0
imagenet_mnv2_100_crop_free_k3,imagenet,margin_drop,alt:zero_abstain:sign_alpha=0.05,zero_abstain_alpha,0.05,moderate,unreliable,0
imagenet_mnv2_100_crop_free_k3,imagenet,margin_drop,alt:zero_abstain:sign_alpha=0.05,zero_abstain_alpha,0.05,moderate,low,0
imagenet_mnv2_100_crop_free_k3,imagenet,margin_drop,alt:zero_abstain:sign_alpha=0.05,zero_abstain_alpha,0.05,moderate,moderate,0
imagenet_mnv2_100_crop_free_k3,imagenet,margin_drop,alt:zero_abstain:sign_alpha=0.05,zero_abstain_alpha,0.05,moderate,high,0
imagenet_mnv2_100_crop_free_k3,imagenet,margin_drop,alt:zero_abstain:sign_alpha=0.05,zero_abstain_alpha,0.05,high,unreliable,0
imagenet_mnv2_100_crop_free_k3,imagenet,margin_drop,alt:zero_abstain:sign_alpha=0.05,zero_abstain_alpha,0.05,high,low,42
imagenet_mnv2_100_crop_free_k3,imagenet,margin_drop,alt:zero_abstain:sign_alpha=0.05,zero_abstain_alpha,0.05,high,moderate,0
imagenet_mnv2_100_crop_free_k3,imagenet,margin_drop,alt:zero_abstain:sign_alpha=0.05,zero_abstain_alpha,0.05,high,high,22823
imagenet_mnv2_100_crop_free_k3,imagenet,margin_drop,alt:zero_abstain:sign_alpha=0.1,zero_abstain_alpha,0.1,unreliable,unreliable,85935
imagenet_mnv2_100_crop_free_k3,imagenet,margin_drop,alt:zero_abstain:sign_alpha=0.1,zero_abstain_alpha,0.1,unreliable,low,9323
imagenet_mnv2_100_crop_free_k3,imagenet,margin_drop,alt:zero_abstain:sign_alpha=0.1,zero_abstain_alpha,0.1,unreliable,moderate,0
imagenet_mnv2_100_crop_free_k3,imagenet,margin_drop,alt:zero_abstain:sign_alpha=0.1,zero_abstain_alpha,0.1,unreliable,high,2571
imagenet_mnv2_100_crop_free_k3,imagenet,margin_drop,alt:zero_abstain:sign_alpha=0.1,zero_abstain_alpha,0.1,low,unreliable,0
imagenet_mnv2_100_crop_free_k3,imagenet,margin_drop,alt:zero_abstain:sign_alpha=0.1,zero_abstain_alpha,0.1,low,low,39306
imagenet_mnv2_100_crop_free_k3,imagenet,margin_drop,alt:zero_abstain:sign_alpha=0.1,zero_abstain_alpha,0.1,low,moderate,0
imagenet_mnv2_100_crop_free_k3,imagenet,margin_drop,alt:zero_abstain:sign_alpha=0.1,zero_abstain_alpha,0.1,low,high,0
imagenet_mnv2_100_crop_free_k3,imagenet,margin_drop,alt:zero_abstain:sign_alpha=0.1,zero_abstain_alpha,0.1,moderate,unreliable,0
imagenet_mnv2_100_crop_free_k3,imagenet,margin_drop,alt:zero_abstain:sign_alpha=0.1,zero_abstain_alpha,0.1,moderate,low,0
imagenet_mnv2_100_crop_free_k3,imagenet,margin_drop,alt:zero_abstain:sign_alpha=0.1,zero_abstain_alpha,0.1,moderate,moderate,0
imagenet_mnv2_100_crop_free_k3,imagenet,margin_drop,alt:zero_abstain:sign_alpha=0.1,zero_abstain_alpha,0.1,moderate,high,0
imagenet_mnv2_100_crop_free_k3,imagenet,margin_drop,alt:zero_abstain:sign_alpha=0.1,zero_abstain_alpha,0.1,high,unreliable,0
imagenet_mnv2_100_crop_free_k3,imagenet,margin_drop,alt:zero_abstain:sign_alpha=0.1,zero_abstain_alpha,0.1,high,low,170
imagenet_mnv2_100_crop_free_k3,imagenet,margin_drop,alt:zero_abstain:sign_alpha=0.1,zero_abstain_alpha,0.1,high,moderate,0
imagenet_mnv2_100_crop_free_k3,imagenet,margin_drop,alt:zero_abstain:sign_alpha=0.1,zero_abstain_alpha,0.1,high,high,22695
imagenet_mnv2_100_crop_free_k3,imagenet,margin_drop,alt:zero_abstain:sign_alpha=0.25,zero_abstain_alpha,0.25,unreliable,unreliable,69942
imagenet_mnv2_100_crop_free_k3,imagenet,margin_drop,alt:zero_abstain:sign_alpha=0.25,zero_abstain_alpha,0.25,unreliable,low,22932
imagenet_mnv2_100_crop_free_k3,imagenet,margin_drop,alt:zero_abstain:sign_alpha=0.25,zero_abstain_alpha,0.25,unreliable,moderate,0
imagenet_mnv2_100_crop_free_k3,imagenet,margin_drop,alt:zero_abstain:sign_alpha=0.25,zero_abstain_alpha,0.25,unreliable,high,4955
imagenet_mnv2_100_crop_free_k3,imagenet,margin_drop,alt:zero_abstain:sign_alpha=0.25,zero_abstain_alpha,0.25,low,unreliable,0
imagenet_mnv2_100_crop_free_k3,imagenet,margin_drop,alt:zero_abstain:sign_alpha=0.25,zero_abstain_alpha,0.25,low,low,39306
imagenet_mnv2_100_crop_free_k3,imagenet,margin_drop,alt:zero_abstain:sign_alpha=0.25,zero_abstain_alpha,0.25,low,moderate,0
imagenet_mnv2_100_crop_free_k3,imagenet,margin_drop,alt:zero_abstain:sign_alpha=0.25,zero_abstain_alpha,0.25,low,high,0
imagenet_mnv2_100_crop_free_k3,imagenet,margin_drop,alt:zero_abstain:sign_alpha=0.25,zero_abstain_alpha,0.25,moderate,unreliable,0
imagenet_mnv2_100_crop_free_k3,imagenet,margin_drop,alt:zero_abstain:sign_alpha=0.25,zero_abstain_alpha,0.25,moderate,low,0
imagenet_mnv2_100_crop_free_k3,imagenet,margin_drop,alt:zero_abstain:sign_alpha=0.25,zero_abstain_alpha,0.25,moderate,moderate,0
imagenet_mnv2_100_crop_free_k3,imagenet,margin_drop,alt:zero_abstain:sign_alpha=0.25,zero_abstain_alpha,0.25,moderate,high,0
imagenet_mnv2_100_crop_free_k3,imagenet,margin_drop,alt:zero_abstain:sign_alpha=0.25,zero_abstain_alpha,0.25,high,unreliable,0
imagenet_mnv2_100_crop_free_k3,imagenet,margin_drop,alt:zero_abstain:sign_alpha=0.25,zero_abstain_alpha,0.25,high,low,853
imagenet_mnv2_100_crop_free_k3,imagenet,margin_drop,alt:zero_abstain:sign_alpha=0.25,zero_abstain_alpha,0.25,high,moderate,0
imagenet_mnv2_100_crop_free_k3,imagenet,margin_drop,alt:zero_abstain:sign_alpha=0.25,zero_abstain_alpha,0.25,high,high,22012
ntu60_tsm_exact,ntu60,margin_drop,default,default,,unreliable,unreliable,7257
ntu60_tsm_exact,ntu60,margin_drop,default,default,,unreliable,low,0
ntu60_tsm_exact,ntu60,margin_drop,default,default,,unreliable,moderate,0
ntu60_tsm_exact,ntu60,margin_drop,default,default,,unreliable,high,0
ntu60_tsm_exact,ntu60,margin_drop,default,default,,low,unreliable,0
ntu60_tsm_exact,ntu60,margin_drop,default,default,,low,low,121
ntu60_tsm_exact,ntu60,margin_drop,default,default,,low,moderate,0
ntu60_tsm_exact,ntu60,margin_drop,default,default,,low,high,0
ntu60_tsm_exact,ntu60,margin_drop,default,default,,moderate,unreliable,0
ntu60_tsm_exact,ntu60,margin_drop,default,default,,moderate,low,0
ntu60_tsm_exact,ntu60,margin_drop,default,default,,moderate,moderate,4622
ntu60_tsm_exact,ntu60,margin_drop,default,default,,moderate,high,0
ntu60_tsm_exact,ntu60,margin_drop,default,default,,high,unreliable,0
ntu60_tsm_exact,ntu60,margin_drop,default,default,,high,low,0
ntu60_tsm_exact,ntu60,margin_drop,default,default,,high,moderate,0
ntu60_tsm_exact,ntu60,margin_drop,default,default,,high,high,0
ntu60_tsm_exact,ntu60,margin_drop,oat:sign_alpha=0.0,sign_alpha,0.0,unreliable,unreliable,7257
ntu60_tsm_exact,ntu60,margin_drop,oat:sign_alpha=0.0,sign_alpha,0.0,unreliable,low,0
ntu60_tsm_exact,ntu60,margin_drop,oat:sign_alpha=0.0,sign_alpha,0.0,unreliable,moderate,0
ntu60_tsm_exact,ntu60,margin_drop,oat:sign_alpha=0.0,sign_alpha,0.0,unreliable,high,0
ntu60_tsm_exact,ntu60,margin_drop,oat:sign_alpha=0.0,sign_alpha,0.0,low,unreliable,0
ntu60_tsm_exact,ntu60,margin_drop,oat:sign_alpha=0.0,sign_alpha,0.0,low,low,121
ntu60_tsm_exact,ntu60,margin_drop,oat:sign_alpha=0.0,sign_alpha,0.0,low,moderate,0
ntu60_tsm_exact,ntu60,margin_drop,oat:sign_alpha=0.0,sign_alpha,0.0,low,high,0
ntu60_tsm_exact,ntu60,margin_drop,oat:sign_alpha=0.0,sign_alpha,0.0,moderate,unreliable,0
ntu60_tsm_exact,ntu60,margin_drop,oat:sign_alpha=0.0,sign_alpha,0.0,moderate,low,0
ntu60_tsm_exact,ntu60,margin_drop,oat:sign_alpha=0.0,sign_alpha,0.0,moderate,moderate,4622
ntu60_tsm_exact,ntu60,margin_drop,oat:sign_alpha=0.0,sign_alpha,0.0,moderate,high,0
ntu60_tsm_exact,ntu60,margin_drop,oat:sign_alpha=0.0,sign_alpha,0.0,high,unreliable,0
ntu60_tsm_exact,ntu60,margin_drop,oat:sign_alpha=0.0,sign_alpha,0.0,high,low,0
ntu60_tsm_exact,ntu60,margin_drop,oat:sign_alpha=0.0,sign_alpha,0.0,high,moderate,0
ntu60_tsm_exact,ntu60,margin_drop,oat:sign_alpha=0.0,sign_alpha,0.0,high,high,0
ntu60_tsm_exact,ntu60,margin_drop,oat:sign_alpha=0.01,sign_alpha,0.01,unreliable,unreliable,7256
ntu60_tsm_exact,ntu60,margin_drop,oat:sign_alpha=0.01,sign_alpha,0.01,unreliable,low,0
ntu60_tsm_exact,ntu60,margin_drop,oat:sign_alpha=0.01,sign_alpha,0.01,unreliable,moderate,1
ntu60_tsm_exact,ntu60,margin_drop,oat:sign_alpha=0.01,sign_alpha,0.01,unreliable,high,0
ntu60_tsm_exact,ntu60,margin_drop,oat:sign_alpha=0.01,sign_alpha,0.01,low,unreliable,0
ntu60_tsm_exact,ntu60,margin_drop,oat:sign_alpha=0.01,sign_alpha,0.01,low,low,121
ntu60_tsm_exact,ntu60,margin_drop,oat:sign_alpha=0.01,sign_alpha,0.01,low,moderate,0
ntu60_tsm_exact,ntu60,margin_drop,oat:sign_alpha=0.01,sign_alpha,0.01,low,high,0
ntu60_tsm_exact,ntu60,margin_drop,oat:sign_alpha=0.01,sign_alpha,0.01,moderate,unreliable,143
ntu60_tsm_exact,ntu60,margin_drop,oat:sign_alpha=0.01,sign_alpha,0.01,moderate,low,0
ntu60_tsm_exact,ntu60,margin_drop,oat:sign_alpha=0.01,sign_alpha,0.01,moderate,moderate,4479
ntu60_tsm_exact,ntu60,margin_drop,oat:sign_alpha=0.01,sign_alpha,0.01,moderate,high,0
ntu60_tsm_exact,ntu60,margin_drop,oat:sign_alpha=0.01,sign_alpha,0.01,high,unreliable,0
ntu60_tsm_exact,ntu60,margin_drop,oat:sign_alpha=0.01,sign_alpha,0.01,high,low,0
ntu60_tsm_exact,ntu60,margin_drop,oat:sign_alpha=0.01,sign_alpha,0.01,high,moderate,0
ntu60_tsm_exact,ntu60,margin_drop,oat:sign_alpha=0.01,sign_alpha,0.01,high,high,0
ntu60_tsm_exact,ntu60,margin_drop,oat:sign_alpha=0.05,sign_alpha,0.05,unreliable,unreliable,7245
ntu60_tsm_exact,ntu60,margin_drop,oat:sign_alpha=0.05,sign_alpha,0.05,unreliable,low,0
ntu60_tsm_exact,ntu60,margin_drop,oat:sign_alpha=0.05,sign_alpha,0.05,unreliable,moderate,12
ntu60_tsm_exact,ntu60,margin_drop,oat:sign_alpha=0.05,sign_alpha,0.05,unreliable,high,0
ntu60_tsm_exact,ntu60,margin_drop,oat:sign_alpha=0.05,sign_alpha,0.05,low,unreliable,0
ntu60_tsm_exact,ntu60,margin_drop,oat:sign_alpha=0.05,sign_alpha,0.05,low,low,121
ntu60_tsm_exact,ntu60,margin_drop,oat:sign_alpha=0.05,sign_alpha,0.05,low,moderate,0
ntu60_tsm_exact,ntu60,margin_drop,oat:sign_alpha=0.05,sign_alpha,0.05,low,high,0
ntu60_tsm_exact,ntu60,margin_drop,oat:sign_alpha=0.05,sign_alpha,0.05,moderate,unreliable,615
ntu60_tsm_exact,ntu60,margin_drop,oat:sign_alpha=0.05,sign_alpha,0.05,moderate,low,0
ntu60_tsm_exact,ntu60,margin_drop,oat:sign_alpha=0.05,sign_alpha,0.05,moderate,moderate,4007
ntu60_tsm_exact,ntu60,margin_drop,oat:sign_alpha=0.05,sign_alpha,0.05,moderate,high,0
ntu60_tsm_exact,ntu60,margin_drop,oat:sign_alpha=0.05,sign_alpha,0.05,high,unreliable,0
ntu60_tsm_exact,ntu60,margin_drop,oat:sign_alpha=0.05,sign_alpha,0.05,high,low,0
ntu60_tsm_exact,ntu60,margin_drop,oat:sign_alpha=0.05,sign_alpha,0.05,high,moderate,0
ntu60_tsm_exact,ntu60,margin_drop,oat:sign_alpha=0.05,sign_alpha,0.05,high,high,0
ntu60_tsm_exact,ntu60,margin_drop,oat:sign_alpha=0.1,sign_alpha,0.1,unreliable,unreliable,7221
ntu60_tsm_exact,ntu60,margin_drop,oat:sign_alpha=0.1,sign_alpha,0.1,unreliable,low,0
ntu60_tsm_exact,ntu60,margin_drop,oat:sign_alpha=0.1,sign_alpha,0.1,unreliable,moderate,36
ntu60_tsm_exact,ntu60,margin_drop,oat:sign_alpha=0.1,sign_alpha,0.1,unreliable,high,0
ntu60_tsm_exact,ntu60,margin_drop,oat:sign_alpha=0.1,sign_alpha,0.1,low,unreliable,0
ntu60_tsm_exact,ntu60,margin_drop,oat:sign_alpha=0.1,sign_alpha,0.1,low,low,121
ntu60_tsm_exact,ntu60,margin_drop,oat:sign_alpha=0.1,sign_alpha,0.1,low,moderate,0
ntu60_tsm_exact,ntu60,margin_drop,oat:sign_alpha=0.1,sign_alpha,0.1,low,high,0
ntu60_tsm_exact,ntu60,margin_drop,oat:sign_alpha=0.1,sign_alpha,0.1,moderate,unreliable,1071
ntu60_tsm_exact,ntu60,margin_drop,oat:sign_alpha=0.1,sign_alpha,0.1,moderate,low,0
ntu60_tsm_exact,ntu60,margin_drop,oat:sign_alpha=0.1,sign_alpha,0.1,moderate,moderate,3551
ntu60_tsm_exact,ntu60,margin_drop,oat:sign_alpha=0.1,sign_alpha,0.1,moderate,high,0
ntu60_tsm_exact,ntu60,margin_drop,oat:sign_alpha=0.1,sign_alpha,0.1,high,unreliable,0
ntu60_tsm_exact,ntu60,margin_drop,oat:sign_alpha=0.1,sign_alpha,0.1,high,low,0
ntu60_tsm_exact,ntu60,margin_drop,oat:sign_alpha=0.1,sign_alpha,0.1,high,moderate,0
ntu60_tsm_exact,ntu60,margin_drop,oat:sign_alpha=0.1,sign_alpha,0.1,high,high,0
ntu60_tsm_exact,ntu60,margin_drop,oat:sign_alpha=0.25,sign_alpha,0.25,unreliable,unreliable,7062
ntu60_tsm_exact,ntu60,margin_drop,oat:sign_alpha=0.25,sign_alpha,0.25,unreliable,low,0
ntu60_tsm_exact,ntu60,margin_drop,oat:sign_alpha=0.25,sign_alpha,0.25,unreliable,moderate,195
ntu60_tsm_exact,ntu60,margin_drop,oat:sign_alpha=0.25,sign_alpha,0.25,unreliable,high,0
ntu60_tsm_exact,ntu60,margin_drop,oat:sign_alpha=0.25,sign_alpha,0.25,low,unreliable,0
ntu60_tsm_exact,ntu60,margin_drop,oat:sign_alpha=0.25,sign_alpha,0.25,low,low,121
ntu60_tsm_exact,ntu60,margin_drop,oat:sign_alpha=0.25,sign_alpha,0.25,low,moderate,0
ntu60_tsm_exact,ntu60,margin_drop,oat:sign_alpha=0.25,sign_alpha,0.25,low,high,0
ntu60_tsm_exact,ntu60,margin_drop,oat:sign_alpha=0.25,sign_alpha,0.25,moderate,unreliable,1848
ntu60_tsm_exact,ntu60,margin_drop,oat:sign_alpha=0.25,sign_alpha,0.25,moderate,low,0
ntu60_tsm_exact,ntu60,margin_drop,oat:sign_alpha=0.25,sign_alpha,0.25,moderate,moderate,2774
ntu60_tsm_exact,ntu60,margin_drop,oat:sign_alpha=0.25,sign_alpha,0.25,moderate,high,0
ntu60_tsm_exact,ntu60,margin_drop,oat:sign_alpha=0.25,sign_alpha,0.25,high,unreliable,0
ntu60_tsm_exact,ntu60,margin_drop,oat:sign_alpha=0.25,sign_alpha,0.25,high,low,0
ntu60_tsm_exact,ntu60,margin_drop,oat:sign_alpha=0.25,sign_alpha,0.25,high,moderate,0
ntu60_tsm_exact,ntu60,margin_drop,oat:sign_alpha=0.25,sign_alpha,0.25,high,high,0
ntu60_tsm_exact,ntu60,margin_drop,oat:min_multi_strategy=2,min_multi_strategy,2,unreliable,unreliable,7257
ntu60_tsm_exact,ntu60,margin_drop,oat:min_multi_strategy=2,min_multi_strategy,2,unreliable,low,0
ntu60_tsm_exact,ntu60,margin_drop,oat:min_multi_strategy=2,min_multi_strategy,2,unreliable,moderate,0
ntu60_tsm_exact,ntu60,margin_drop,oat:min_multi_strategy=2,min_multi_strategy,2,unreliable,high,0
ntu60_tsm_exact,ntu60,margin_drop,oat:min_multi_strategy=2,min_multi_strategy,2,low,unreliable,0
ntu60_tsm_exact,ntu60,margin_drop,oat:min_multi_strategy=2,min_multi_strategy,2,low,low,121
ntu60_tsm_exact,ntu60,margin_drop,oat:min_multi_strategy=2,min_multi_strategy,2,low,moderate,0
ntu60_tsm_exact,ntu60,margin_drop,oat:min_multi_strategy=2,min_multi_strategy,2,low,high,0
ntu60_tsm_exact,ntu60,margin_drop,oat:min_multi_strategy=2,min_multi_strategy,2,moderate,unreliable,0
ntu60_tsm_exact,ntu60,margin_drop,oat:min_multi_strategy=2,min_multi_strategy,2,moderate,low,0
ntu60_tsm_exact,ntu60,margin_drop,oat:min_multi_strategy=2,min_multi_strategy,2,moderate,moderate,4622
ntu60_tsm_exact,ntu60,margin_drop,oat:min_multi_strategy=2,min_multi_strategy,2,moderate,high,0
ntu60_tsm_exact,ntu60,margin_drop,oat:min_multi_strategy=2,min_multi_strategy,2,high,unreliable,0
ntu60_tsm_exact,ntu60,margin_drop,oat:min_multi_strategy=2,min_multi_strategy,2,high,low,0
ntu60_tsm_exact,ntu60,margin_drop,oat:min_multi_strategy=2,min_multi_strategy,2,high,moderate,0
ntu60_tsm_exact,ntu60,margin_drop,oat:min_multi_strategy=2,min_multi_strategy,2,high,high,0
ntu60_tsm_exact,ntu60,margin_drop,oat:min_multi_strategy=3,min_multi_strategy,3,unreliable,unreliable,7257
ntu60_tsm_exact,ntu60,margin_drop,oat:min_multi_strategy=3,min_multi_strategy,3,unreliable,low,0
ntu60_tsm_exact,ntu60,margin_drop,oat:min_multi_strategy=3,min_multi_strategy,3,unreliable,moderate,0
ntu60_tsm_exact,ntu60,margin_drop,oat:min_multi_strategy=3,min_multi_strategy,3,unreliable,high,0
ntu60_tsm_exact,ntu60,margin_drop,oat:min_multi_strategy=3,min_multi_strategy,3,low,unreliable,0
ntu60_tsm_exact,ntu60,margin_drop,oat:min_multi_strategy=3,min_multi_strategy,3,low,low,121
ntu60_tsm_exact,ntu60,margin_drop,oat:min_multi_strategy=3,min_multi_strategy,3,low,moderate,0
ntu60_tsm_exact,ntu60,margin_drop,oat:min_multi_strategy=3,min_multi_strategy,3,low,high,0
ntu60_tsm_exact,ntu60,margin_drop,oat:min_multi_strategy=3,min_multi_strategy,3,moderate,unreliable,0
ntu60_tsm_exact,ntu60,margin_drop,oat:min_multi_strategy=3,min_multi_strategy,3,moderate,low,0
ntu60_tsm_exact,ntu60,margin_drop,oat:min_multi_strategy=3,min_multi_strategy,3,moderate,moderate,4622
ntu60_tsm_exact,ntu60,margin_drop,oat:min_multi_strategy=3,min_multi_strategy,3,moderate,high,0
ntu60_tsm_exact,ntu60,margin_drop,oat:min_multi_strategy=3,min_multi_strategy,3,high,unreliable,0
ntu60_tsm_exact,ntu60,margin_drop,oat:min_multi_strategy=3,min_multi_strategy,3,high,low,0
ntu60_tsm_exact,ntu60,margin_drop,oat:min_multi_strategy=3,min_multi_strategy,3,high,moderate,0
ntu60_tsm_exact,ntu60,margin_drop,oat:min_multi_strategy=3,min_multi_strategy,3,high,high,0
ntu60_tsm_exact,ntu60,margin_drop,oat:ci_level=90,ci_level,90,unreliable,unreliable,7257
ntu60_tsm_exact,ntu60,margin_drop,oat:ci_level=90,ci_level,90,unreliable,low,0
ntu60_tsm_exact,ntu60,margin_drop,oat:ci_level=90,ci_level,90,unreliable,moderate,0
ntu60_tsm_exact,ntu60,margin_drop,oat:ci_level=90,ci_level,90,unreliable,high,0
ntu60_tsm_exact,ntu60,margin_drop,oat:ci_level=90,ci_level,90,low,unreliable,0
ntu60_tsm_exact,ntu60,margin_drop,oat:ci_level=90,ci_level,90,low,low,121
ntu60_tsm_exact,ntu60,margin_drop,oat:ci_level=90,ci_level,90,low,moderate,0
ntu60_tsm_exact,ntu60,margin_drop,oat:ci_level=90,ci_level,90,low,high,0
ntu60_tsm_exact,ntu60,margin_drop,oat:ci_level=90,ci_level,90,moderate,unreliable,0
ntu60_tsm_exact,ntu60,margin_drop,oat:ci_level=90,ci_level,90,moderate,low,0
ntu60_tsm_exact,ntu60,margin_drop,oat:ci_level=90,ci_level,90,moderate,moderate,4622
ntu60_tsm_exact,ntu60,margin_drop,oat:ci_level=90,ci_level,90,moderate,high,0
ntu60_tsm_exact,ntu60,margin_drop,oat:ci_level=90,ci_level,90,high,unreliable,0
ntu60_tsm_exact,ntu60,margin_drop,oat:ci_level=90,ci_level,90,high,low,0
ntu60_tsm_exact,ntu60,margin_drop,oat:ci_level=90,ci_level,90,high,moderate,0
ntu60_tsm_exact,ntu60,margin_drop,oat:ci_level=90,ci_level,90,high,high,0
ntu60_tsm_exact,ntu60,margin_drop,oat:ci_level=95,ci_level,95,unreliable,unreliable,7257
ntu60_tsm_exact,ntu60,margin_drop,oat:ci_level=95,ci_level,95,unreliable,low,0
ntu60_tsm_exact,ntu60,margin_drop,oat:ci_level=95,ci_level,95,unreliable,moderate,0
ntu60_tsm_exact,ntu60,margin_drop,oat:ci_level=95,ci_level,95,unreliable,high,0
ntu60_tsm_exact,ntu60,margin_drop,oat:ci_level=95,ci_level,95,low,unreliable,0
ntu60_tsm_exact,ntu60,margin_drop,oat:ci_level=95,ci_level,95,low,low,121
ntu60_tsm_exact,ntu60,margin_drop,oat:ci_level=95,ci_level,95,low,moderate,0
ntu60_tsm_exact,ntu60,margin_drop,oat:ci_level=95,ci_level,95,low,high,0
ntu60_tsm_exact,ntu60,margin_drop,oat:ci_level=95,ci_level,95,moderate,unreliable,0
ntu60_tsm_exact,ntu60,margin_drop,oat:ci_level=95,ci_level,95,moderate,low,0
ntu60_tsm_exact,ntu60,margin_drop,oat:ci_level=95,ci_level,95,moderate,moderate,4622
ntu60_tsm_exact,ntu60,margin_drop,oat:ci_level=95,ci_level,95,moderate,high,0
ntu60_tsm_exact,ntu60,margin_drop,oat:ci_level=95,ci_level,95,high,unreliable,0
ntu60_tsm_exact,ntu60,margin_drop,oat:ci_level=95,ci_level,95,high,low,0
ntu60_tsm_exact,ntu60,margin_drop,oat:ci_level=95,ci_level,95,high,moderate,0
ntu60_tsm_exact,ntu60,margin_drop,oat:ci_level=95,ci_level,95,high,high,0
ntu60_tsm_exact,ntu60,margin_drop,oat:ci_level=99,ci_level,99,unreliable,unreliable,7257
ntu60_tsm_exact,ntu60,margin_drop,oat:ci_level=99,ci_level,99,unreliable,low,0
ntu60_tsm_exact,ntu60,margin_drop,oat:ci_level=99,ci_level,99,unreliable,moderate,0
ntu60_tsm_exact,ntu60,margin_drop,oat:ci_level=99,ci_level,99,unreliable,high,0
ntu60_tsm_exact,ntu60,margin_drop,oat:ci_level=99,ci_level,99,low,unreliable,0
ntu60_tsm_exact,ntu60,margin_drop,oat:ci_level=99,ci_level,99,low,low,121
ntu60_tsm_exact,ntu60,margin_drop,oat:ci_level=99,ci_level,99,low,moderate,0
ntu60_tsm_exact,ntu60,margin_drop,oat:ci_level=99,ci_level,99,low,high,0
ntu60_tsm_exact,ntu60,margin_drop,oat:ci_level=99,ci_level,99,moderate,unreliable,0
ntu60_tsm_exact,ntu60,margin_drop,oat:ci_level=99,ci_level,99,moderate,low,0
ntu60_tsm_exact,ntu60,margin_drop,oat:ci_level=99,ci_level,99,moderate,moderate,4622
ntu60_tsm_exact,ntu60,margin_drop,oat:ci_level=99,ci_level,99,moderate,high,0
ntu60_tsm_exact,ntu60,margin_drop,oat:ci_level=99,ci_level,99,high,unreliable,0
ntu60_tsm_exact,ntu60,margin_drop,oat:ci_level=99,ci_level,99,high,low,0
ntu60_tsm_exact,ntu60,margin_drop,oat:ci_level=99,ci_level,99,high,moderate,0
ntu60_tsm_exact,ntu60,margin_drop,oat:ci_level=99,ci_level,99,high,high,0
ntu60_tsm_exact,ntu60,margin_drop,oat:ci_level=999,ci_level,999,unreliable,unreliable,7257
ntu60_tsm_exact,ntu60,margin_drop,oat:ci_level=999,ci_level,999,unreliable,low,0
ntu60_tsm_exact,ntu60,margin_drop,oat:ci_level=999,ci_level,999,unreliable,moderate,0
ntu60_tsm_exact,ntu60,margin_drop,oat:ci_level=999,ci_level,999,unreliable,high,0
ntu60_tsm_exact,ntu60,margin_drop,oat:ci_level=999,ci_level,999,low,unreliable,0
ntu60_tsm_exact,ntu60,margin_drop,oat:ci_level=999,ci_level,999,low,low,121
ntu60_tsm_exact,ntu60,margin_drop,oat:ci_level=999,ci_level,999,low,moderate,0
ntu60_tsm_exact,ntu60,margin_drop,oat:ci_level=999,ci_level,999,low,high,0
ntu60_tsm_exact,ntu60,margin_drop,oat:ci_level=999,ci_level,999,moderate,unreliable,0
ntu60_tsm_exact,ntu60,margin_drop,oat:ci_level=999,ci_level,999,moderate,low,0
ntu60_tsm_exact,ntu60,margin_drop,oat:ci_level=999,ci_level,999,moderate,moderate,4622
ntu60_tsm_exact,ntu60,margin_drop,oat:ci_level=999,ci_level,999,moderate,high,0
ntu60_tsm_exact,ntu60,margin_drop,oat:ci_level=999,ci_level,999,high,unreliable,0
ntu60_tsm_exact,ntu60,margin_drop,oat:ci_level=999,ci_level,999,high,low,0
ntu60_tsm_exact,ntu60,margin_drop,oat:ci_level=999,ci_level,999,high,moderate,0
ntu60_tsm_exact,ntu60,margin_drop,oat:ci_level=999,ci_level,999,high,high,0
ntu60_tsm_exact,ntu60,margin_drop,preset:lenient,preset,lenient,unreliable,unreliable,7257
ntu60_tsm_exact,ntu60,margin_drop,preset:lenient,preset,lenient,unreliable,low,0
ntu60_tsm_exact,ntu60,margin_drop,preset:lenient,preset,lenient,unreliable,moderate,0
ntu60_tsm_exact,ntu60,margin_drop,preset:lenient,preset,lenient,unreliable,high,0
ntu60_tsm_exact,ntu60,margin_drop,preset:lenient,preset,lenient,low,unreliable,0
ntu60_tsm_exact,ntu60,margin_drop,preset:lenient,preset,lenient,low,low,121
ntu60_tsm_exact,ntu60,margin_drop,preset:lenient,preset,lenient,low,moderate,0
ntu60_tsm_exact,ntu60,margin_drop,preset:lenient,preset,lenient,low,high,0
ntu60_tsm_exact,ntu60,margin_drop,preset:lenient,preset,lenient,moderate,unreliable,0
ntu60_tsm_exact,ntu60,margin_drop,preset:lenient,preset,lenient,moderate,low,0
ntu60_tsm_exact,ntu60,margin_drop,preset:lenient,preset,lenient,moderate,moderate,4622
ntu60_tsm_exact,ntu60,margin_drop,preset:lenient,preset,lenient,moderate,high,0
ntu60_tsm_exact,ntu60,margin_drop,preset:lenient,preset,lenient,high,unreliable,0
ntu60_tsm_exact,ntu60,margin_drop,preset:lenient,preset,lenient,high,low,0
ntu60_tsm_exact,ntu60,margin_drop,preset:lenient,preset,lenient,high,moderate,0
ntu60_tsm_exact,ntu60,margin_drop,preset:lenient,preset,lenient,high,high,0
ntu60_tsm_exact,ntu60,margin_drop,preset:conservative,preset,conservative,unreliable,unreliable,7245
ntu60_tsm_exact,ntu60,margin_drop,preset:conservative,preset,conservative,unreliable,low,0
ntu60_tsm_exact,ntu60,margin_drop,preset:conservative,preset,conservative,unreliable,moderate,12
ntu60_tsm_exact,ntu60,margin_drop,preset:conservative,preset,conservative,unreliable,high,0
ntu60_tsm_exact,ntu60,margin_drop,preset:conservative,preset,conservative,low,unreliable,0
ntu60_tsm_exact,ntu60,margin_drop,preset:conservative,preset,conservative,low,low,121
ntu60_tsm_exact,ntu60,margin_drop,preset:conservative,preset,conservative,low,moderate,0
ntu60_tsm_exact,ntu60,margin_drop,preset:conservative,preset,conservative,low,high,0
ntu60_tsm_exact,ntu60,margin_drop,preset:conservative,preset,conservative,moderate,unreliable,615
ntu60_tsm_exact,ntu60,margin_drop,preset:conservative,preset,conservative,moderate,low,0
ntu60_tsm_exact,ntu60,margin_drop,preset:conservative,preset,conservative,moderate,moderate,4007
ntu60_tsm_exact,ntu60,margin_drop,preset:conservative,preset,conservative,moderate,high,0
ntu60_tsm_exact,ntu60,margin_drop,preset:conservative,preset,conservative,high,unreliable,0
ntu60_tsm_exact,ntu60,margin_drop,preset:conservative,preset,conservative,high,low,0
ntu60_tsm_exact,ntu60,margin_drop,preset:conservative,preset,conservative,high,moderate,0
ntu60_tsm_exact,ntu60,margin_drop,preset:conservative,preset,conservative,high,high,0
ntu60_tsm_exact,ntu60,margin_drop,alt:zero_abstain:sign_alpha=0.01,zero_abstain_alpha,0.01,unreliable,unreliable,7093
ntu60_tsm_exact,ntu60,margin_drop,alt:zero_abstain:sign_alpha=0.01,zero_abstain_alpha,0.01,unreliable,low,22
ntu60_tsm_exact,ntu60,margin_drop,alt:zero_abstain:sign_alpha=0.01,zero_abstain_alpha,0.01,unreliable,moderate,142
ntu60_tsm_exact,ntu60,margin_drop,alt:zero_abstain:sign_alpha=0.01,zero_abstain_alpha,0.01,unreliable,high,0
ntu60_tsm_exact,ntu60,margin_drop,alt:zero_abstain:sign_alpha=0.01,zero_abstain_alpha,0.01,low,unreliable,0
ntu60_tsm_exact,ntu60,margin_drop,alt:zero_abstain:sign_alpha=0.01,zero_abstain_alpha,0.01,low,low,121
ntu60_tsm_exact,ntu60,margin_drop,alt:zero_abstain:sign_alpha=0.01,zero_abstain_alpha,0.01,low,moderate,0
ntu60_tsm_exact,ntu60,margin_drop,alt:zero_abstain:sign_alpha=0.01,zero_abstain_alpha,0.01,low,high,0
ntu60_tsm_exact,ntu60,margin_drop,alt:zero_abstain:sign_alpha=0.01,zero_abstain_alpha,0.01,moderate,unreliable,0
ntu60_tsm_exact,ntu60,margin_drop,alt:zero_abstain:sign_alpha=0.01,zero_abstain_alpha,0.01,moderate,low,6
ntu60_tsm_exact,ntu60,margin_drop,alt:zero_abstain:sign_alpha=0.01,zero_abstain_alpha,0.01,moderate,moderate,4616
ntu60_tsm_exact,ntu60,margin_drop,alt:zero_abstain:sign_alpha=0.01,zero_abstain_alpha,0.01,moderate,high,0
ntu60_tsm_exact,ntu60,margin_drop,alt:zero_abstain:sign_alpha=0.01,zero_abstain_alpha,0.01,high,unreliable,0
ntu60_tsm_exact,ntu60,margin_drop,alt:zero_abstain:sign_alpha=0.01,zero_abstain_alpha,0.01,high,low,0
ntu60_tsm_exact,ntu60,margin_drop,alt:zero_abstain:sign_alpha=0.01,zero_abstain_alpha,0.01,high,moderate,0
ntu60_tsm_exact,ntu60,margin_drop,alt:zero_abstain:sign_alpha=0.01,zero_abstain_alpha,0.01,high,high,0
ntu60_tsm_exact,ntu60,margin_drop,alt:zero_abstain:sign_alpha=0.05,zero_abstain_alpha,0.05,unreliable,unreliable,6523
ntu60_tsm_exact,ntu60,margin_drop,alt:zero_abstain:sign_alpha=0.05,zero_abstain_alpha,0.05,unreliable,low,204
ntu60_tsm_exact,ntu60,margin_drop,alt:zero_abstain:sign_alpha=0.05,zero_abstain_alpha,0.05,unreliable,moderate,530
ntu60_tsm_exact,ntu60,margin_drop,alt:zero_abstain:sign_alpha=0.05,zero_abstain_alpha,0.05,unreliable,high,0
ntu60_tsm_exact,ntu60,margin_drop,alt:zero_abstain:sign_alpha=0.05,zero_abstain_alpha,0.05,low,unreliable,0
ntu60_tsm_exact,ntu60,margin_drop,alt:zero_abstain:sign_alpha=0.05,zero_abstain_alpha,0.05,low,low,121
ntu60_tsm_exact,ntu60,margin_drop,alt:zero_abstain:sign_alpha=0.05,zero_abstain_alpha,0.05,low,moderate,0
ntu60_tsm_exact,ntu60,margin_drop,alt:zero_abstain:sign_alpha=0.05,zero_abstain_alpha,0.05,low,high,0
ntu60_tsm_exact,ntu60,margin_drop,alt:zero_abstain:sign_alpha=0.05,zero_abstain_alpha,0.05,moderate,unreliable,0
ntu60_tsm_exact,ntu60,margin_drop,alt:zero_abstain:sign_alpha=0.05,zero_abstain_alpha,0.05,moderate,low,72
ntu60_tsm_exact,ntu60,margin_drop,alt:zero_abstain:sign_alpha=0.05,zero_abstain_alpha,0.05,moderate,moderate,4550
ntu60_tsm_exact,ntu60,margin_drop,alt:zero_abstain:sign_alpha=0.05,zero_abstain_alpha,0.05,moderate,high,0
ntu60_tsm_exact,ntu60,margin_drop,alt:zero_abstain:sign_alpha=0.05,zero_abstain_alpha,0.05,high,unreliable,0
ntu60_tsm_exact,ntu60,margin_drop,alt:zero_abstain:sign_alpha=0.05,zero_abstain_alpha,0.05,high,low,0
ntu60_tsm_exact,ntu60,margin_drop,alt:zero_abstain:sign_alpha=0.05,zero_abstain_alpha,0.05,high,moderate,0
ntu60_tsm_exact,ntu60,margin_drop,alt:zero_abstain:sign_alpha=0.05,zero_abstain_alpha,0.05,high,high,0
ntu60_tsm_exact,ntu60,margin_drop,alt:zero_abstain:sign_alpha=0.1,zero_abstain_alpha,0.1,unreliable,unreliable,5884
ntu60_tsm_exact,ntu60,margin_drop,alt:zero_abstain:sign_alpha=0.1,zero_abstain_alpha,0.1,unreliable,low,586
ntu60_tsm_exact,ntu60,margin_drop,alt:zero_abstain:sign_alpha=0.1,zero_abstain_alpha,0.1,unreliable,moderate,787
ntu60_tsm_exact,ntu60,margin_drop,alt:zero_abstain:sign_alpha=0.1,zero_abstain_alpha,0.1,unreliable,high,0
ntu60_tsm_exact,ntu60,margin_drop,alt:zero_abstain:sign_alpha=0.1,zero_abstain_alpha,0.1,low,unreliable,0
ntu60_tsm_exact,ntu60,margin_drop,alt:zero_abstain:sign_alpha=0.1,zero_abstain_alpha,0.1,low,low,121
ntu60_tsm_exact,ntu60,margin_drop,alt:zero_abstain:sign_alpha=0.1,zero_abstain_alpha,0.1,low,moderate,0
ntu60_tsm_exact,ntu60,margin_drop,alt:zero_abstain:sign_alpha=0.1,zero_abstain_alpha,0.1,low,high,0
ntu60_tsm_exact,ntu60,margin_drop,alt:zero_abstain:sign_alpha=0.1,zero_abstain_alpha,0.1,moderate,unreliable,0
ntu60_tsm_exact,ntu60,margin_drop,alt:zero_abstain:sign_alpha=0.1,zero_abstain_alpha,0.1,moderate,low,206
ntu60_tsm_exact,ntu60,margin_drop,alt:zero_abstain:sign_alpha=0.1,zero_abstain_alpha,0.1,moderate,moderate,4416
ntu60_tsm_exact,ntu60,margin_drop,alt:zero_abstain:sign_alpha=0.1,zero_abstain_alpha,0.1,moderate,high,0
ntu60_tsm_exact,ntu60,margin_drop,alt:zero_abstain:sign_alpha=0.1,zero_abstain_alpha,0.1,high,unreliable,0
ntu60_tsm_exact,ntu60,margin_drop,alt:zero_abstain:sign_alpha=0.1,zero_abstain_alpha,0.1,high,low,0
ntu60_tsm_exact,ntu60,margin_drop,alt:zero_abstain:sign_alpha=0.1,zero_abstain_alpha,0.1,high,moderate,0
ntu60_tsm_exact,ntu60,margin_drop,alt:zero_abstain:sign_alpha=0.1,zero_abstain_alpha,0.1,high,high,0
ntu60_tsm_exact,ntu60,margin_drop,alt:zero_abstain:sign_alpha=0.25,zero_abstain_alpha,0.25,unreliable,unreliable,4621
ntu60_tsm_exact,ntu60,margin_drop,alt:zero_abstain:sign_alpha=0.25,zero_abstain_alpha,0.25,unreliable,low,1599
ntu60_tsm_exact,ntu60,margin_drop,alt:zero_abstain:sign_alpha=0.25,zero_abstain_alpha,0.25,unreliable,moderate,1037
ntu60_tsm_exact,ntu60,margin_drop,alt:zero_abstain:sign_alpha=0.25,zero_abstain_alpha,0.25,unreliable,high,0
ntu60_tsm_exact,ntu60,margin_drop,alt:zero_abstain:sign_alpha=0.25,zero_abstain_alpha,0.25,low,unreliable,0
ntu60_tsm_exact,ntu60,margin_drop,alt:zero_abstain:sign_alpha=0.25,zero_abstain_alpha,0.25,low,low,121
ntu60_tsm_exact,ntu60,margin_drop,alt:zero_abstain:sign_alpha=0.25,zero_abstain_alpha,0.25,low,moderate,0
ntu60_tsm_exact,ntu60,margin_drop,alt:zero_abstain:sign_alpha=0.25,zero_abstain_alpha,0.25,low,high,0
ntu60_tsm_exact,ntu60,margin_drop,alt:zero_abstain:sign_alpha=0.25,zero_abstain_alpha,0.25,moderate,unreliable,0
ntu60_tsm_exact,ntu60,margin_drop,alt:zero_abstain:sign_alpha=0.25,zero_abstain_alpha,0.25,moderate,low,666
ntu60_tsm_exact,ntu60,margin_drop,alt:zero_abstain:sign_alpha=0.25,zero_abstain_alpha,0.25,moderate,moderate,3956
ntu60_tsm_exact,ntu60,margin_drop,alt:zero_abstain:sign_alpha=0.25,zero_abstain_alpha,0.25,moderate,high,0
ntu60_tsm_exact,ntu60,margin_drop,alt:zero_abstain:sign_alpha=0.25,zero_abstain_alpha,0.25,high,unreliable,0
ntu60_tsm_exact,ntu60,margin_drop,alt:zero_abstain:sign_alpha=0.25,zero_abstain_alpha,0.25,high,low,0
ntu60_tsm_exact,ntu60,margin_drop,alt:zero_abstain:sign_alpha=0.25,zero_abstain_alpha,0.25,high,moderate,0
ntu60_tsm_exact,ntu60,margin_drop,alt:zero_abstain:sign_alpha=0.25,zero_abstain_alpha,0.25,high,high,0
ntu60_tsm_crop_free,ntu60,margin_drop,default,default,,unreliable,unreliable,7613
ntu60_tsm_crop_free,ntu60,margin_drop,default,default,,unreliable,low,0
ntu60_tsm_crop_free,ntu60,margin_drop,default,default,,unreliable,moderate,0
ntu60_tsm_crop_free,ntu60,margin_drop,default,default,,unreliable,high,0
ntu60_tsm_crop_free,ntu60,margin_drop,default,default,,low,unreliable,0
ntu60_tsm_crop_free,ntu60,margin_drop,default,default,,low,low,45
ntu60_tsm_crop_free,ntu60,margin_drop,default,default,,low,moderate,0
ntu60_tsm_crop_free,ntu60,margin_drop,default,default,,low,high,0
ntu60_tsm_crop_free,ntu60,margin_drop,default,default,,moderate,unreliable,0
ntu60_tsm_crop_free,ntu60,margin_drop,default,default,,moderate,low,0
ntu60_tsm_crop_free,ntu60,margin_drop,default,default,,moderate,moderate,4342
ntu60_tsm_crop_free,ntu60,margin_drop,default,default,,moderate,high,0
ntu60_tsm_crop_free,ntu60,margin_drop,default,default,,high,unreliable,0
ntu60_tsm_crop_free,ntu60,margin_drop,default,default,,high,low,0
ntu60_tsm_crop_free,ntu60,margin_drop,default,default,,high,moderate,0
ntu60_tsm_crop_free,ntu60,margin_drop,default,default,,high,high,0
ntu60_tsm_crop_free,ntu60,margin_drop,oat:sign_alpha=0.0,sign_alpha,0.0,unreliable,unreliable,7613
ntu60_tsm_crop_free,ntu60,margin_drop,oat:sign_alpha=0.0,sign_alpha,0.0,unreliable,low,0
ntu60_tsm_crop_free,ntu60,margin_drop,oat:sign_alpha=0.0,sign_alpha,0.0,unreliable,moderate,0
ntu60_tsm_crop_free,ntu60,margin_drop,oat:sign_alpha=0.0,sign_alpha,0.0,unreliable,high,0
ntu60_tsm_crop_free,ntu60,margin_drop,oat:sign_alpha=0.0,sign_alpha,0.0,low,unreliable,0
ntu60_tsm_crop_free,ntu60,margin_drop,oat:sign_alpha=0.0,sign_alpha,0.0,low,low,45
ntu60_tsm_crop_free,ntu60,margin_drop,oat:sign_alpha=0.0,sign_alpha,0.0,low,moderate,0
ntu60_tsm_crop_free,ntu60,margin_drop,oat:sign_alpha=0.0,sign_alpha,0.0,low,high,0
ntu60_tsm_crop_free,ntu60,margin_drop,oat:sign_alpha=0.0,sign_alpha,0.0,moderate,unreliable,0
ntu60_tsm_crop_free,ntu60,margin_drop,oat:sign_alpha=0.0,sign_alpha,0.0,moderate,low,0
ntu60_tsm_crop_free,ntu60,margin_drop,oat:sign_alpha=0.0,sign_alpha,0.0,moderate,moderate,4342
ntu60_tsm_crop_free,ntu60,margin_drop,oat:sign_alpha=0.0,sign_alpha,0.0,moderate,high,0
ntu60_tsm_crop_free,ntu60,margin_drop,oat:sign_alpha=0.0,sign_alpha,0.0,high,unreliable,0
ntu60_tsm_crop_free,ntu60,margin_drop,oat:sign_alpha=0.0,sign_alpha,0.0,high,low,0
ntu60_tsm_crop_free,ntu60,margin_drop,oat:sign_alpha=0.0,sign_alpha,0.0,high,moderate,0
ntu60_tsm_crop_free,ntu60,margin_drop,oat:sign_alpha=0.0,sign_alpha,0.0,high,high,0
ntu60_tsm_crop_free,ntu60,margin_drop,oat:sign_alpha=0.01,sign_alpha,0.01,unreliable,unreliable,7612
ntu60_tsm_crop_free,ntu60,margin_drop,oat:sign_alpha=0.01,sign_alpha,0.01,unreliable,low,0
ntu60_tsm_crop_free,ntu60,margin_drop,oat:sign_alpha=0.01,sign_alpha,0.01,unreliable,moderate,1
ntu60_tsm_crop_free,ntu60,margin_drop,oat:sign_alpha=0.01,sign_alpha,0.01,unreliable,high,0
ntu60_tsm_crop_free,ntu60,margin_drop,oat:sign_alpha=0.01,sign_alpha,0.01,low,unreliable,0
ntu60_tsm_crop_free,ntu60,margin_drop,oat:sign_alpha=0.01,sign_alpha,0.01,low,low,45
ntu60_tsm_crop_free,ntu60,margin_drop,oat:sign_alpha=0.01,sign_alpha,0.01,low,moderate,0
ntu60_tsm_crop_free,ntu60,margin_drop,oat:sign_alpha=0.01,sign_alpha,0.01,low,high,0
ntu60_tsm_crop_free,ntu60,margin_drop,oat:sign_alpha=0.01,sign_alpha,0.01,moderate,unreliable,159
ntu60_tsm_crop_free,ntu60,margin_drop,oat:sign_alpha=0.01,sign_alpha,0.01,moderate,low,0
ntu60_tsm_crop_free,ntu60,margin_drop,oat:sign_alpha=0.01,sign_alpha,0.01,moderate,moderate,4183
ntu60_tsm_crop_free,ntu60,margin_drop,oat:sign_alpha=0.01,sign_alpha,0.01,moderate,high,0
ntu60_tsm_crop_free,ntu60,margin_drop,oat:sign_alpha=0.01,sign_alpha,0.01,high,unreliable,0
ntu60_tsm_crop_free,ntu60,margin_drop,oat:sign_alpha=0.01,sign_alpha,0.01,high,low,0
ntu60_tsm_crop_free,ntu60,margin_drop,oat:sign_alpha=0.01,sign_alpha,0.01,high,moderate,0
ntu60_tsm_crop_free,ntu60,margin_drop,oat:sign_alpha=0.01,sign_alpha,0.01,high,high,0
ntu60_tsm_crop_free,ntu60,margin_drop,oat:sign_alpha=0.05,sign_alpha,0.05,unreliable,unreliable,7602
ntu60_tsm_crop_free,ntu60,margin_drop,oat:sign_alpha=0.05,sign_alpha,0.05,unreliable,low,0
ntu60_tsm_crop_free,ntu60,margin_drop,oat:sign_alpha=0.05,sign_alpha,0.05,unreliable,moderate,11
ntu60_tsm_crop_free,ntu60,margin_drop,oat:sign_alpha=0.05,sign_alpha,0.05,unreliable,high,0
ntu60_tsm_crop_free,ntu60,margin_drop,oat:sign_alpha=0.05,sign_alpha,0.05,low,unreliable,0
ntu60_tsm_crop_free,ntu60,margin_drop,oat:sign_alpha=0.05,sign_alpha,0.05,low,low,45
ntu60_tsm_crop_free,ntu60,margin_drop,oat:sign_alpha=0.05,sign_alpha,0.05,low,moderate,0
ntu60_tsm_crop_free,ntu60,margin_drop,oat:sign_alpha=0.05,sign_alpha,0.05,low,high,0
ntu60_tsm_crop_free,ntu60,margin_drop,oat:sign_alpha=0.05,sign_alpha,0.05,moderate,unreliable,596
ntu60_tsm_crop_free,ntu60,margin_drop,oat:sign_alpha=0.05,sign_alpha,0.05,moderate,low,0
ntu60_tsm_crop_free,ntu60,margin_drop,oat:sign_alpha=0.05,sign_alpha,0.05,moderate,moderate,3746
ntu60_tsm_crop_free,ntu60,margin_drop,oat:sign_alpha=0.05,sign_alpha,0.05,moderate,high,0
ntu60_tsm_crop_free,ntu60,margin_drop,oat:sign_alpha=0.05,sign_alpha,0.05,high,unreliable,0
ntu60_tsm_crop_free,ntu60,margin_drop,oat:sign_alpha=0.05,sign_alpha,0.05,high,low,0
ntu60_tsm_crop_free,ntu60,margin_drop,oat:sign_alpha=0.05,sign_alpha,0.05,high,moderate,0
ntu60_tsm_crop_free,ntu60,margin_drop,oat:sign_alpha=0.05,sign_alpha,0.05,high,high,0
ntu60_tsm_crop_free,ntu60,margin_drop,oat:sign_alpha=0.1,sign_alpha,0.1,unreliable,unreliable,7555
ntu60_tsm_crop_free,ntu60,margin_drop,oat:sign_alpha=0.1,sign_alpha,0.1,unreliable,low,0
ntu60_tsm_crop_free,ntu60,margin_drop,oat:sign_alpha=0.1,sign_alpha,0.1,unreliable,moderate,58
ntu60_tsm_crop_free,ntu60,margin_drop,oat:sign_alpha=0.1,sign_alpha,0.1,unreliable,high,0
ntu60_tsm_crop_free,ntu60,margin_drop,oat:sign_alpha=0.1,sign_alpha,0.1,low,unreliable,0
ntu60_tsm_crop_free,ntu60,margin_drop,oat:sign_alpha=0.1,sign_alpha,0.1,low,low,45
ntu60_tsm_crop_free,ntu60,margin_drop,oat:sign_alpha=0.1,sign_alpha,0.1,low,moderate,0
ntu60_tsm_crop_free,ntu60,margin_drop,oat:sign_alpha=0.1,sign_alpha,0.1,low,high,0
ntu60_tsm_crop_free,ntu60,margin_drop,oat:sign_alpha=0.1,sign_alpha,0.1,moderate,unreliable,1024
ntu60_tsm_crop_free,ntu60,margin_drop,oat:sign_alpha=0.1,sign_alpha,0.1,moderate,low,0
ntu60_tsm_crop_free,ntu60,margin_drop,oat:sign_alpha=0.1,sign_alpha,0.1,moderate,moderate,3318
ntu60_tsm_crop_free,ntu60,margin_drop,oat:sign_alpha=0.1,sign_alpha,0.1,moderate,high,0
ntu60_tsm_crop_free,ntu60,margin_drop,oat:sign_alpha=0.1,sign_alpha,0.1,high,unreliable,0
ntu60_tsm_crop_free,ntu60,margin_drop,oat:sign_alpha=0.1,sign_alpha,0.1,high,low,0
ntu60_tsm_crop_free,ntu60,margin_drop,oat:sign_alpha=0.1,sign_alpha,0.1,high,moderate,0
ntu60_tsm_crop_free,ntu60,margin_drop,oat:sign_alpha=0.1,sign_alpha,0.1,high,high,0
ntu60_tsm_crop_free,ntu60,margin_drop,oat:sign_alpha=0.25,sign_alpha,0.25,unreliable,unreliable,7381
ntu60_tsm_crop_free,ntu60,margin_drop,oat:sign_alpha=0.25,sign_alpha,0.25,unreliable,low,0
ntu60_tsm_crop_free,ntu60,margin_drop,oat:sign_alpha=0.25,sign_alpha,0.25,unreliable,moderate,232
ntu60_tsm_crop_free,ntu60,margin_drop,oat:sign_alpha=0.25,sign_alpha,0.25,unreliable,high,0
ntu60_tsm_crop_free,ntu60,margin_drop,oat:sign_alpha=0.25,sign_alpha,0.25,low,unreliable,0
ntu60_tsm_crop_free,ntu60,margin_drop,oat:sign_alpha=0.25,sign_alpha,0.25,low,low,45
ntu60_tsm_crop_free,ntu60,margin_drop,oat:sign_alpha=0.25,sign_alpha,0.25,low,moderate,0
ntu60_tsm_crop_free,ntu60,margin_drop,oat:sign_alpha=0.25,sign_alpha,0.25,low,high,0
ntu60_tsm_crop_free,ntu60,margin_drop,oat:sign_alpha=0.25,sign_alpha,0.25,moderate,unreliable,1778
ntu60_tsm_crop_free,ntu60,margin_drop,oat:sign_alpha=0.25,sign_alpha,0.25,moderate,low,0
ntu60_tsm_crop_free,ntu60,margin_drop,oat:sign_alpha=0.25,sign_alpha,0.25,moderate,moderate,2564
ntu60_tsm_crop_free,ntu60,margin_drop,oat:sign_alpha=0.25,sign_alpha,0.25,moderate,high,0
ntu60_tsm_crop_free,ntu60,margin_drop,oat:sign_alpha=0.25,sign_alpha,0.25,high,unreliable,0
ntu60_tsm_crop_free,ntu60,margin_drop,oat:sign_alpha=0.25,sign_alpha,0.25,high,low,0
ntu60_tsm_crop_free,ntu60,margin_drop,oat:sign_alpha=0.25,sign_alpha,0.25,high,moderate,0
ntu60_tsm_crop_free,ntu60,margin_drop,oat:sign_alpha=0.25,sign_alpha,0.25,high,high,0
ntu60_tsm_crop_free,ntu60,margin_drop,oat:min_multi_strategy=2,min_multi_strategy,2,unreliable,unreliable,7613
ntu60_tsm_crop_free,ntu60,margin_drop,oat:min_multi_strategy=2,min_multi_strategy,2,unreliable,low,0
ntu60_tsm_crop_free,ntu60,margin_drop,oat:min_multi_strategy=2,min_multi_strategy,2,unreliable,moderate,0
ntu60_tsm_crop_free,ntu60,margin_drop,oat:min_multi_strategy=2,min_multi_strategy,2,unreliable,high,0
ntu60_tsm_crop_free,ntu60,margin_drop,oat:min_multi_strategy=2,min_multi_strategy,2,low,unreliable,0
ntu60_tsm_crop_free,ntu60,margin_drop,oat:min_multi_strategy=2,min_multi_strategy,2,low,low,45
ntu60_tsm_crop_free,ntu60,margin_drop,oat:min_multi_strategy=2,min_multi_strategy,2,low,moderate,0
ntu60_tsm_crop_free,ntu60,margin_drop,oat:min_multi_strategy=2,min_multi_strategy,2,low,high,0
ntu60_tsm_crop_free,ntu60,margin_drop,oat:min_multi_strategy=2,min_multi_strategy,2,moderate,unreliable,0
ntu60_tsm_crop_free,ntu60,margin_drop,oat:min_multi_strategy=2,min_multi_strategy,2,moderate,low,0
ntu60_tsm_crop_free,ntu60,margin_drop,oat:min_multi_strategy=2,min_multi_strategy,2,moderate,moderate,4342
ntu60_tsm_crop_free,ntu60,margin_drop,oat:min_multi_strategy=2,min_multi_strategy,2,moderate,high,0
ntu60_tsm_crop_free,ntu60,margin_drop,oat:min_multi_strategy=2,min_multi_strategy,2,high,unreliable,0
ntu60_tsm_crop_free,ntu60,margin_drop,oat:min_multi_strategy=2,min_multi_strategy,2,high,low,0
ntu60_tsm_crop_free,ntu60,margin_drop,oat:min_multi_strategy=2,min_multi_strategy,2,high,moderate,0
ntu60_tsm_crop_free,ntu60,margin_drop,oat:min_multi_strategy=2,min_multi_strategy,2,high,high,0
ntu60_tsm_crop_free,ntu60,margin_drop,oat:min_multi_strategy=3,min_multi_strategy,3,unreliable,unreliable,7613
ntu60_tsm_crop_free,ntu60,margin_drop,oat:min_multi_strategy=3,min_multi_strategy,3,unreliable,low,0
ntu60_tsm_crop_free,ntu60,margin_drop,oat:min_multi_strategy=3,min_multi_strategy,3,unreliable,moderate,0
ntu60_tsm_crop_free,ntu60,margin_drop,oat:min_multi_strategy=3,min_multi_strategy,3,unreliable,high,0
ntu60_tsm_crop_free,ntu60,margin_drop,oat:min_multi_strategy=3,min_multi_strategy,3,low,unreliable,0
ntu60_tsm_crop_free,ntu60,margin_drop,oat:min_multi_strategy=3,min_multi_strategy,3,low,low,45
ntu60_tsm_crop_free,ntu60,margin_drop,oat:min_multi_strategy=3,min_multi_strategy,3,low,moderate,0
ntu60_tsm_crop_free,ntu60,margin_drop,oat:min_multi_strategy=3,min_multi_strategy,3,low,high,0
ntu60_tsm_crop_free,ntu60,margin_drop,oat:min_multi_strategy=3,min_multi_strategy,3,moderate,unreliable,0
ntu60_tsm_crop_free,ntu60,margin_drop,oat:min_multi_strategy=3,min_multi_strategy,3,moderate,low,0
ntu60_tsm_crop_free,ntu60,margin_drop,oat:min_multi_strategy=3,min_multi_strategy,3,moderate,moderate,4342
ntu60_tsm_crop_free,ntu60,margin_drop,oat:min_multi_strategy=3,min_multi_strategy,3,moderate,high,0
ntu60_tsm_crop_free,ntu60,margin_drop,oat:min_multi_strategy=3,min_multi_strategy,3,high,unreliable,0
ntu60_tsm_crop_free,ntu60,margin_drop,oat:min_multi_strategy=3,min_multi_strategy,3,high,low,0
ntu60_tsm_crop_free,ntu60,margin_drop,oat:min_multi_strategy=3,min_multi_strategy,3,high,moderate,0
ntu60_tsm_crop_free,ntu60,margin_drop,oat:min_multi_strategy=3,min_multi_strategy,3,high,high,0
ntu60_tsm_crop_free,ntu60,margin_drop,oat:ci_level=90,ci_level,90,unreliable,unreliable,7613
ntu60_tsm_crop_free,ntu60,margin_drop,oat:ci_level=90,ci_level,90,unreliable,low,0
ntu60_tsm_crop_free,ntu60,margin_drop,oat:ci_level=90,ci_level,90,unreliable,moderate,0
ntu60_tsm_crop_free,ntu60,margin_drop,oat:ci_level=90,ci_level,90,unreliable,high,0
ntu60_tsm_crop_free,ntu60,margin_drop,oat:ci_level=90,ci_level,90,low,unreliable,0
ntu60_tsm_crop_free,ntu60,margin_drop,oat:ci_level=90,ci_level,90,low,low,45
ntu60_tsm_crop_free,ntu60,margin_drop,oat:ci_level=90,ci_level,90,low,moderate,0
ntu60_tsm_crop_free,ntu60,margin_drop,oat:ci_level=90,ci_level,90,low,high,0
ntu60_tsm_crop_free,ntu60,margin_drop,oat:ci_level=90,ci_level,90,moderate,unreliable,0
ntu60_tsm_crop_free,ntu60,margin_drop,oat:ci_level=90,ci_level,90,moderate,low,0
ntu60_tsm_crop_free,ntu60,margin_drop,oat:ci_level=90,ci_level,90,moderate,moderate,4342
ntu60_tsm_crop_free,ntu60,margin_drop,oat:ci_level=90,ci_level,90,moderate,high,0
ntu60_tsm_crop_free,ntu60,margin_drop,oat:ci_level=90,ci_level,90,high,unreliable,0
ntu60_tsm_crop_free,ntu60,margin_drop,oat:ci_level=90,ci_level,90,high,low,0
ntu60_tsm_crop_free,ntu60,margin_drop,oat:ci_level=90,ci_level,90,high,moderate,0
ntu60_tsm_crop_free,ntu60,margin_drop,oat:ci_level=90,ci_level,90,high,high,0
ntu60_tsm_crop_free,ntu60,margin_drop,oat:ci_level=95,ci_level,95,unreliable,unreliable,7613
ntu60_tsm_crop_free,ntu60,margin_drop,oat:ci_level=95,ci_level,95,unreliable,low,0
ntu60_tsm_crop_free,ntu60,margin_drop,oat:ci_level=95,ci_level,95,unreliable,moderate,0
ntu60_tsm_crop_free,ntu60,margin_drop,oat:ci_level=95,ci_level,95,unreliable,high,0
ntu60_tsm_crop_free,ntu60,margin_drop,oat:ci_level=95,ci_level,95,low,unreliable,0
ntu60_tsm_crop_free,ntu60,margin_drop,oat:ci_level=95,ci_level,95,low,low,45
ntu60_tsm_crop_free,ntu60,margin_drop,oat:ci_level=95,ci_level,95,low,moderate,0
ntu60_tsm_crop_free,ntu60,margin_drop,oat:ci_level=95,ci_level,95,low,high,0
ntu60_tsm_crop_free,ntu60,margin_drop,oat:ci_level=95,ci_level,95,moderate,unreliable,0
ntu60_tsm_crop_free,ntu60,margin_drop,oat:ci_level=95,ci_level,95,moderate,low,0
ntu60_tsm_crop_free,ntu60,margin_drop,oat:ci_level=95,ci_level,95,moderate,moderate,4342
ntu60_tsm_crop_free,ntu60,margin_drop,oat:ci_level=95,ci_level,95,moderate,high,0
ntu60_tsm_crop_free,ntu60,margin_drop,oat:ci_level=95,ci_level,95,high,unreliable,0
ntu60_tsm_crop_free,ntu60,margin_drop,oat:ci_level=95,ci_level,95,high,low,0
ntu60_tsm_crop_free,ntu60,margin_drop,oat:ci_level=95,ci_level,95,high,moderate,0
ntu60_tsm_crop_free,ntu60,margin_drop,oat:ci_level=95,ci_level,95,high,high,0
ntu60_tsm_crop_free,ntu60,margin_drop,oat:ci_level=99,ci_level,99,unreliable,unreliable,7613
ntu60_tsm_crop_free,ntu60,margin_drop,oat:ci_level=99,ci_level,99,unreliable,low,0
ntu60_tsm_crop_free,ntu60,margin_drop,oat:ci_level=99,ci_level,99,unreliable,moderate,0
ntu60_tsm_crop_free,ntu60,margin_drop,oat:ci_level=99,ci_level,99,unreliable,high,0
ntu60_tsm_crop_free,ntu60,margin_drop,oat:ci_level=99,ci_level,99,low,unreliable,0
ntu60_tsm_crop_free,ntu60,margin_drop,oat:ci_level=99,ci_level,99,low,low,45
ntu60_tsm_crop_free,ntu60,margin_drop,oat:ci_level=99,ci_level,99,low,moderate,0
ntu60_tsm_crop_free,ntu60,margin_drop,oat:ci_level=99,ci_level,99,low,high,0
ntu60_tsm_crop_free,ntu60,margin_drop,oat:ci_level=99,ci_level,99,moderate,unreliable,0
ntu60_tsm_crop_free,ntu60,margin_drop,oat:ci_level=99,ci_level,99,moderate,low,0
ntu60_tsm_crop_free,ntu60,margin_drop,oat:ci_level=99,ci_level,99,moderate,moderate,4342
ntu60_tsm_crop_free,ntu60,margin_drop,oat:ci_level=99,ci_level,99,moderate,high,0
ntu60_tsm_crop_free,ntu60,margin_drop,oat:ci_level=99,ci_level,99,high,unreliable,0
ntu60_tsm_crop_free,ntu60,margin_drop,oat:ci_level=99,ci_level,99,high,low,0
ntu60_tsm_crop_free,ntu60,margin_drop,oat:ci_level=99,ci_level,99,high,moderate,0
ntu60_tsm_crop_free,ntu60,margin_drop,oat:ci_level=99,ci_level,99,high,high,0
ntu60_tsm_crop_free,ntu60,margin_drop,oat:ci_level=999,ci_level,999,unreliable,unreliable,7613
ntu60_tsm_crop_free,ntu60,margin_drop,oat:ci_level=999,ci_level,999,unreliable,low,0
ntu60_tsm_crop_free,ntu60,margin_drop,oat:ci_level=999,ci_level,999,unreliable,moderate,0
ntu60_tsm_crop_free,ntu60,margin_drop,oat:ci_level=999,ci_level,999,unreliable,high,0
ntu60_tsm_crop_free,ntu60,margin_drop,oat:ci_level=999,ci_level,999,low,unreliable,0
ntu60_tsm_crop_free,ntu60,margin_drop,oat:ci_level=999,ci_level,999,low,low,45
ntu60_tsm_crop_free,ntu60,margin_drop,oat:ci_level=999,ci_level,999,low,moderate,0
ntu60_tsm_crop_free,ntu60,margin_drop,oat:ci_level=999,ci_level,999,low,high,0
ntu60_tsm_crop_free,ntu60,margin_drop,oat:ci_level=999,ci_level,999,moderate,unreliable,0
ntu60_tsm_crop_free,ntu60,margin_drop,oat:ci_level=999,ci_level,999,moderate,low,0
ntu60_tsm_crop_free,ntu60,margin_drop,oat:ci_level=999,ci_level,999,moderate,moderate,4342
ntu60_tsm_crop_free,ntu60,margin_drop,oat:ci_level=999,ci_level,999,moderate,high,0
ntu60_tsm_crop_free,ntu60,margin_drop,oat:ci_level=999,ci_level,999,high,unreliable,0
ntu60_tsm_crop_free,ntu60,margin_drop,oat:ci_level=999,ci_level,999,high,low,0
ntu60_tsm_crop_free,ntu60,margin_drop,oat:ci_level=999,ci_level,999,high,moderate,0
ntu60_tsm_crop_free,ntu60,margin_drop,oat:ci_level=999,ci_level,999,high,high,0
ntu60_tsm_crop_free,ntu60,margin_drop,preset:lenient,preset,lenient,unreliable,unreliable,7613
ntu60_tsm_crop_free,ntu60,margin_drop,preset:lenient,preset,lenient,unreliable,low,0
ntu60_tsm_crop_free,ntu60,margin_drop,preset:lenient,preset,lenient,unreliable,moderate,0
ntu60_tsm_crop_free,ntu60,margin_drop,preset:lenient,preset,lenient,unreliable,high,0
ntu60_tsm_crop_free,ntu60,margin_drop,preset:lenient,preset,lenient,low,unreliable,0
ntu60_tsm_crop_free,ntu60,margin_drop,preset:lenient,preset,lenient,low,low,45
ntu60_tsm_crop_free,ntu60,margin_drop,preset:lenient,preset,lenient,low,moderate,0
ntu60_tsm_crop_free,ntu60,margin_drop,preset:lenient,preset,lenient,low,high,0
ntu60_tsm_crop_free,ntu60,margin_drop,preset:lenient,preset,lenient,moderate,unreliable,0
ntu60_tsm_crop_free,ntu60,margin_drop,preset:lenient,preset,lenient,moderate,low,0
ntu60_tsm_crop_free,ntu60,margin_drop,preset:lenient,preset,lenient,moderate,moderate,4342
ntu60_tsm_crop_free,ntu60,margin_drop,preset:lenient,preset,lenient,moderate,high,0
ntu60_tsm_crop_free,ntu60,margin_drop,preset:lenient,preset,lenient,high,unreliable,0
ntu60_tsm_crop_free,ntu60,margin_drop,preset:lenient,preset,lenient,high,low,0
ntu60_tsm_crop_free,ntu60,margin_drop,preset:lenient,preset,lenient,high,moderate,0
ntu60_tsm_crop_free,ntu60,margin_drop,preset:lenient,preset,lenient,high,high,0
ntu60_tsm_crop_free,ntu60,margin_drop,preset:conservative,preset,conservative,unreliable,unreliable,7602
ntu60_tsm_crop_free,ntu60,margin_drop,preset:conservative,preset,conservative,unreliable,low,0
ntu60_tsm_crop_free,ntu60,margin_drop,preset:conservative,preset,conservative,unreliable,moderate,11
ntu60_tsm_crop_free,ntu60,margin_drop,preset:conservative,preset,conservative,unreliable,high,0
ntu60_tsm_crop_free,ntu60,margin_drop,preset:conservative,preset,conservative,low,unreliable,0
ntu60_tsm_crop_free,ntu60,margin_drop,preset:conservative,preset,conservative,low,low,45
ntu60_tsm_crop_free,ntu60,margin_drop,preset:conservative,preset,conservative,low,moderate,0
ntu60_tsm_crop_free,ntu60,margin_drop,preset:conservative,preset,conservative,low,high,0
ntu60_tsm_crop_free,ntu60,margin_drop,preset:conservative,preset,conservative,moderate,unreliable,596
ntu60_tsm_crop_free,ntu60,margin_drop,preset:conservative,preset,conservative,moderate,low,0
ntu60_tsm_crop_free,ntu60,margin_drop,preset:conservative,preset,conservative,moderate,moderate,3746
ntu60_tsm_crop_free,ntu60,margin_drop,preset:conservative,preset,conservative,moderate,high,0
ntu60_tsm_crop_free,ntu60,margin_drop,preset:conservative,preset,conservative,high,unreliable,0
ntu60_tsm_crop_free,ntu60,margin_drop,preset:conservative,preset,conservative,high,low,0
ntu60_tsm_crop_free,ntu60,margin_drop,preset:conservative,preset,conservative,high,moderate,0
ntu60_tsm_crop_free,ntu60,margin_drop,preset:conservative,preset,conservative,high,high,0
ntu60_tsm_crop_free,ntu60,margin_drop,alt:zero_abstain:sign_alpha=0.01,zero_abstain_alpha,0.01,unreliable,unreliable,7432
ntu60_tsm_crop_free,ntu60,margin_drop,alt:zero_abstain:sign_alpha=0.01,zero_abstain_alpha,0.01,unreliable,low,32
ntu60_tsm_crop_free,ntu60,margin_drop,alt:zero_abstain:sign_alpha=0.01,zero_abstain_alpha,0.01,unreliable,moderate,149
ntu60_tsm_crop_free,ntu60,margin_drop,alt:zero_abstain:sign_alpha=0.01,zero_abstain_alpha,0.01,unreliable,high,0
ntu60_tsm_crop_free,ntu60,margin_drop,alt:zero_abstain:sign_alpha=0.01,zero_abstain_alpha,0.01,low,unreliable,0
ntu60_tsm_crop_free,ntu60,margin_drop,alt:zero_abstain:sign_alpha=0.01,zero_abstain_alpha,0.01,low,low,45
ntu60_tsm_crop_free,ntu60,margin_drop,alt:zero_abstain:sign_alpha=0.01,zero_abstain_alpha,0.01,low,moderate,0
ntu60_tsm_crop_free,ntu60,margin_drop,alt:zero_abstain:sign_alpha=0.01,zero_abstain_alpha,0.01,low,high,0
ntu60_tsm_crop_free,ntu60,margin_drop,alt:zero_abstain:sign_alpha=0.01,zero_abstain_alpha,0.01,moderate,unreliable,0
ntu60_tsm_crop_free,ntu60,margin_drop,alt:zero_abstain:sign_alpha=0.01,zero_abstain_alpha,0.01,moderate,low,10
ntu60_tsm_crop_free,ntu60,margin_drop,alt:zero_abstain:sign_alpha=0.01,zero_abstain_alpha,0.01,moderate,moderate,4332
ntu60_tsm_crop_free,ntu60,margin_drop,alt:zero_abstain:sign_alpha=0.01,zero_abstain_alpha,0.01,moderate,high,0
ntu60_tsm_crop_free,ntu60,margin_drop,alt:zero_abstain:sign_alpha=0.01,zero_abstain_alpha,0.01,high,unreliable,0
ntu60_tsm_crop_free,ntu60,margin_drop,alt:zero_abstain:sign_alpha=0.01,zero_abstain_alpha,0.01,high,low,0
ntu60_tsm_crop_free,ntu60,margin_drop,alt:zero_abstain:sign_alpha=0.01,zero_abstain_alpha,0.01,high,moderate,0
ntu60_tsm_crop_free,ntu60,margin_drop,alt:zero_abstain:sign_alpha=0.01,zero_abstain_alpha,0.01,high,high,0
ntu60_tsm_crop_free,ntu60,margin_drop,alt:zero_abstain:sign_alpha=0.05,zero_abstain_alpha,0.05,unreliable,unreliable,6849
ntu60_tsm_crop_free,ntu60,margin_drop,alt:zero_abstain:sign_alpha=0.05,zero_abstain_alpha,0.05,unreliable,low,238
ntu60_tsm_crop_free,ntu60,margin_drop,alt:zero_abstain:sign_alpha=0.05,zero_abstain_alpha,0.05,unreliable,moderate,526
ntu60_tsm_crop_free,ntu60,margin_drop,alt:zero_abstain:sign_alpha=0.05,zero_abstain_alpha,0.05,unreliable,high,0
ntu60_tsm_crop_free,ntu60,margin_drop,alt:zero_abstain:sign_alpha=0.05,zero_abstain_alpha,0.05,low,unreliable,0
ntu60_tsm_crop_free,ntu60,margin_drop,alt:zero_abstain:sign_alpha=0.05,zero_abstain_alpha,0.05,low,low,45
ntu60_tsm_crop_free,ntu60,margin_drop,alt:zero_abstain:sign_alpha=0.05,zero_abstain_alpha,0.05,low,moderate,0
ntu60_tsm_crop_free,ntu60,margin_drop,alt:zero_abstain:sign_alpha=0.05,zero_abstain_alpha,0.05,low,high,0
ntu60_tsm_crop_free,ntu60,margin_drop,alt:zero_abstain:sign_alpha=0.05,zero_abstain_alpha,0.05,moderate,unreliable,0
ntu60_tsm_crop_free,ntu60,margin_drop,alt:zero_abstain:sign_alpha=0.05,zero_abstain_alpha,0.05,moderate,low,79
ntu60_tsm_crop_free,ntu60,margin_drop,alt:zero_abstain:sign_alpha=0.05,zero_abstain_alpha,0.05,moderate,moderate,4263
ntu60_tsm_crop_free,ntu60,margin_drop,alt:zero_abstain:sign_alpha=0.05,zero_abstain_alpha,0.05,moderate,high,0
ntu60_tsm_crop_free,ntu60,margin_drop,alt:zero_abstain:sign_alpha=0.05,zero_abstain_alpha,0.05,high,unreliable,0
ntu60_tsm_crop_free,ntu60,margin_drop,alt:zero_abstain:sign_alpha=0.05,zero_abstain_alpha,0.05,high,low,0
ntu60_tsm_crop_free,ntu60,margin_drop,alt:zero_abstain:sign_alpha=0.05,zero_abstain_alpha,0.05,high,moderate,0
ntu60_tsm_crop_free,ntu60,margin_drop,alt:zero_abstain:sign_alpha=0.05,zero_abstain_alpha,0.05,high,high,0
ntu60_tsm_crop_free,ntu60,margin_drop,alt:zero_abstain:sign_alpha=0.1,zero_abstain_alpha,0.1,unreliable,unreliable,6238
ntu60_tsm_crop_free,ntu60,margin_drop,alt:zero_abstain:sign_alpha=0.1,zero_abstain_alpha,0.1,unreliable,low,600
ntu60_tsm_crop_free,ntu60,margin_drop,alt:zero_abstain:sign_alpha=0.1,zero_abstain_alpha,0.1,unreliable,moderate,775
ntu60_tsm_crop_free,ntu60,margin_drop,alt:zero_abstain:sign_alpha=0.1,zero_abstain_alpha,0.1,unreliable,high,0
ntu60_tsm_crop_free,ntu60,margin_drop,alt:zero_abstain:sign_alpha=0.1,zero_abstain_alpha,0.1,low,unreliable,0
ntu60_tsm_crop_free,ntu60,margin_drop,alt:zero_abstain:sign_alpha=0.1,zero_abstain_alpha,0.1,low,low,45
ntu60_tsm_crop_free,ntu60,margin_drop,alt:zero_abstain:sign_alpha=0.1,zero_abstain_alpha,0.1,low,moderate,0
ntu60_tsm_crop_free,ntu60,margin_drop,alt:zero_abstain:sign_alpha=0.1,zero_abstain_alpha,0.1,low,high,0
ntu60_tsm_crop_free,ntu60,margin_drop,alt:zero_abstain:sign_alpha=0.1,zero_abstain_alpha,0.1,moderate,unreliable,0
ntu60_tsm_crop_free,ntu60,margin_drop,alt:zero_abstain:sign_alpha=0.1,zero_abstain_alpha,0.1,moderate,low,220
ntu60_tsm_crop_free,ntu60,margin_drop,alt:zero_abstain:sign_alpha=0.1,zero_abstain_alpha,0.1,moderate,moderate,4122
ntu60_tsm_crop_free,ntu60,margin_drop,alt:zero_abstain:sign_alpha=0.1,zero_abstain_alpha,0.1,moderate,high,0
ntu60_tsm_crop_free,ntu60,margin_drop,alt:zero_abstain:sign_alpha=0.1,zero_abstain_alpha,0.1,high,unreliable,0
ntu60_tsm_crop_free,ntu60,margin_drop,alt:zero_abstain:sign_alpha=0.1,zero_abstain_alpha,0.1,high,low,0
ntu60_tsm_crop_free,ntu60,margin_drop,alt:zero_abstain:sign_alpha=0.1,zero_abstain_alpha,0.1,high,moderate,0
ntu60_tsm_crop_free,ntu60,margin_drop,alt:zero_abstain:sign_alpha=0.1,zero_abstain_alpha,0.1,high,high,0
ntu60_tsm_crop_free,ntu60,margin_drop,alt:zero_abstain:sign_alpha=0.25,zero_abstain_alpha,0.25,unreliable,unreliable,4936
ntu60_tsm_crop_free,ntu60,margin_drop,alt:zero_abstain:sign_alpha=0.25,zero_abstain_alpha,0.25,unreliable,low,1609
ntu60_tsm_crop_free,ntu60,margin_drop,alt:zero_abstain:sign_alpha=0.25,zero_abstain_alpha,0.25,unreliable,moderate,1068
ntu60_tsm_crop_free,ntu60,margin_drop,alt:zero_abstain:sign_alpha=0.25,zero_abstain_alpha,0.25,unreliable,high,0
ntu60_tsm_crop_free,ntu60,margin_drop,alt:zero_abstain:sign_alpha=0.25,zero_abstain_alpha,0.25,low,unreliable,0
ntu60_tsm_crop_free,ntu60,margin_drop,alt:zero_abstain:sign_alpha=0.25,zero_abstain_alpha,0.25,low,low,45
ntu60_tsm_crop_free,ntu60,margin_drop,alt:zero_abstain:sign_alpha=0.25,zero_abstain_alpha,0.25,low,moderate,0
ntu60_tsm_crop_free,ntu60,margin_drop,alt:zero_abstain:sign_alpha=0.25,zero_abstain_alpha,0.25,low,high,0
ntu60_tsm_crop_free,ntu60,margin_drop,alt:zero_abstain:sign_alpha=0.25,zero_abstain_alpha,0.25,moderate,unreliable,0
ntu60_tsm_crop_free,ntu60,margin_drop,alt:zero_abstain:sign_alpha=0.25,zero_abstain_alpha,0.25,moderate,low,655
ntu60_tsm_crop_free,ntu60,margin_drop,alt:zero_abstain:sign_alpha=0.25,zero_abstain_alpha,0.25,moderate,moderate,3687
ntu60_tsm_crop_free,ntu60,margin_drop,alt:zero_abstain:sign_alpha=0.25,zero_abstain_alpha,0.25,moderate,high,0
ntu60_tsm_crop_free,ntu60,margin_drop,alt:zero_abstain:sign_alpha=0.25,zero_abstain_alpha,0.25,high,unreliable,0
ntu60_tsm_crop_free,ntu60,margin_drop,alt:zero_abstain:sign_alpha=0.25,zero_abstain_alpha,0.25,high,low,0
ntu60_tsm_crop_free,ntu60,margin_drop,alt:zero_abstain:sign_alpha=0.25,zero_abstain_alpha,0.25,high,moderate,0
ntu60_tsm_crop_free,ntu60,margin_drop,alt:zero_abstain:sign_alpha=0.25,zero_abstain_alpha,0.25,high,high,0
