run,population,score,label_id,group,value,n_samples
crop_free,all,area_adjusted_lift,0,arms,-0.11953788584295963,20
crop_free,all,area_adjusted_lift,0,hands,-0.43277460345615043,20
crop_free,all,area_adjusted_lift,0,head,0.5849314149988268,20
crop_free,all,area_adjusted_lift,0,legs,-0.10624497573501804,20
crop_free,all,area_adjusted_lift,0,torso,-0.6013757459031263,20
crop_free,all,area_adjusted_lift,1,arms,-0.15326061442308098,20
crop_free,all,area_adjusted_lift,1,hands,0.5012655872030571,20
crop_free,all,area_adjusted_lift,1,head,1.9386702920519554,20
crop_free,all,area_adjusted_lift,1,legs,-1.0870360530614316,20
crop_free,all,area_adjusted_lift,1,torso,0.4962732800675351,20
crop_free,all,area_adjusted_lift,2,arms,-0.2523328999848744,20
crop_free,all,area_adjusted_lift,2,hands,0.8385034105417547,20
crop_free,all,area_adjusted_lift,2,head,1.8313189324800478,20
crop_free,all,area_adjusted_lift,2,legs,-0.7897161902264688,20
crop_free,all,area_adjusted_lift,2,torso,-0.7248090995216949,20
crop_free,all,area_adjusted_lift,3,arms,-0.16951385943150227,20
crop_free,all,area_adjusted_lift,3,hands,0.01587237575914397,20
crop_free,all,area_adjusted_lift,3,head,0.5258960304767083,20
crop_free,all,area_adjusted_lift,3,legs,-0.5695349727870359,20
crop_free,all,area_adjusted_lift,3,torso,-1.0782520862876073,20
crop_free,all,area_adjusted_lift,4,arms,1.0538025855265305,20
crop_free,all,area_adjusted_lift,4,hands,-0.15282439282576857,20
crop_free,all,area_adjusted_lift,4,head,-0.004449232708653293,20
crop_free,all,area_adjusted_lift,4,legs,2.08854106368193,20
crop_free,all,area_adjusted_lift,4,torso,0.044052273955839785,20
crop_free,all,area_adjusted_lift,5,arms,-0.39036381527117237,19
crop_free,all,area_adjusted_lift,5,hands,-0.9257093985436372,19
crop_free,all,area_adjusted_lift,5,head,-1.2435441683605404,19
crop_free,all,area_adjusted_lift,5,legs,0.9836664009282817,19
crop_free,all,area_adjusted_lift,5,torso,-0.09056939007003814,19
crop_free,all,area_adjusted_lift,6,arms,0.047676297058223606,20
crop_free,all,area_adjusted_lift,6,hands,-0.25751592967315223,20
crop_free,all,area_adjusted_lift,6,head,-0.5312713575476498,20
crop_free,all,area_adjusted_lift,6,legs,-0.9932039075965529,20
crop_free,all,area_adjusted_lift,6,torso,-0.8409057752496042,20
crop_free,all,area_adjusted_lift,7,arms,0.5749282564089745,20
crop_free,all,area_adjusted_lift,7,hands,0.27707762017082177,20
crop_free,all,area_adjusted_lift,7,head,0.22647076295297913,20
crop_free,all,area_adjusted_lift,7,legs,2.9002583614135276,20
crop_free,all,area_adjusted_lift,7,torso,1.2143744440914397,20
crop_free,all,area_adjusted_lift,8,arms,0.3563593707230538,20
crop_free,all,area_adjusted_lift,8,hands,0.08530983888739747,20
crop_free,all,area_adjusted_lift,8,head,0.26412809236966145,20
crop_free,all,area_adjusted_lift,8,legs,1.8098164868964097,20
crop_free,all,area_adjusted_lift,8,torso,1.608033885357114,20
crop_free,all,area_adjusted_lift,9,arms,-0.051526098963821466,20
crop_free,all,area_adjusted_lift,9,hands,0.5821101015126632,20
crop_free,all,area_adjusted_lift,9,head,-0.20023383566633005,20
crop_free,all,area_adjusted_lift,9,legs,-0.9086167498603834,20
crop_free,all,area_adjusted_lift,9,torso,-0.0411149372886328,20
crop_free,all,area_adjusted_lift,10,arms,-1.0421011801010613,20
crop_free,all,area_adjusted_lift,10,hands,-0.9195852754488482,20
crop_free,all,area_adjusted_lift,10,head,-0.047491507225136294,20
crop_free,all,area_adjusted_lift,10,legs,-1.1684327491602657,20
crop_free,all,area_adjusted_lift,10,torso,-0.6096125116751251,20
crop_free,all,area_adjusted_lift,11,arms,0.6790952453122527,19
crop_free,all,area_adjusted_lift,11,hands,0.46142595584096363,19
crop_free,all,area_adjusted_lift,11,head,1.0827665632525179,19
crop_free,all,area_adjusted_lift,11,legs,0.34802621009640156,19
crop_free,all,area_adjusted_lift,11,torso,0.6820436947589613,19
crop_free,all,area_adjusted_lift,12,arms,0.5457552398112082,19
crop_free,all,area_adjusted_lift,12,hands,-0.26206986109011343,18
crop_free,all,area_adjusted_lift,12,head,-0.2201009580197438,19
crop_free,all,area_adjusted_lift,12,legs,0.0036563036299593465,19
crop_free,all,area_adjusted_lift,12,torso,1.0312377566622835,19
crop_free,all,area_adjusted_lift,13,arms,-0.9878766597089805,20
crop_free,all,area_adjusted_lift,13,hands,-1.2674077667615034,20
crop_free,all,area_adjusted_lift,13,head,-0.6649572417321544,20
crop_free,all,area_adjusted_lift,13,legs,-0.4000601224569939,20
crop_free,all,area_adjusted_lift,13,torso,-0.9153997363324196,20
crop_free,all,area_adjusted_lift,14,arms,0.16237152069781594,20
crop_free,all,area_adjusted_lift,14,hands,-0.9203059462767644,20
crop_free,all,area_adjusted_lift,14,head,-0.7797275967148114,20
crop_free,all,area_adjusted_lift,14,legs,2.0990396062554963,20
crop_free,all,area_adjusted_lift,14,torso,0.7887811697704761,20
crop_free,all,area_adjusted_lift,15,arms,-1.2456329255358185,20
crop_free,all,area_adjusted_lift,15,hands,-0.529933136625893,20
crop_free,all,area_adjusted_lift,15,head,-1.3332449720861468,20
crop_free,all,area_adjusted_lift,15,legs,-0.0640663588322784,20
crop_free,all,area_adjusted_lift,15,torso,-0.9893163265479233,20
crop_free,all,area_adjusted_lift,16,arms,-0.18066544014538805,20
crop_free,all,area_adjusted_lift,16,hands,-0.022133760274989804,20
crop_free,all,area_adjusted_lift,16,head,-0.960505852042678,20
crop_free,all,area_adjusted_lift,16,legs,1.178382733825217,20
crop_free,all,area_adjusted_lift,16,torso,0.19599924391893495,20
crop_free,all,area_adjusted_lift,17,arms,1.6822534542060208,20
crop_free,all,area_adjusted_lift,17,hands,1.9708558567137218,20
crop_free,all,area_adjusted_lift,17,head,1.312749111729762,20
crop_free,all,area_adjusted_lift,17,legs,-0.16163897909903985,20
crop_free,all,area_adjusted_lift,17,torso,0.9338808141603909,20
crop_free,all,area_adjusted_lift,18,arms,1.856570509699719,20
crop_free,all,area_adjusted_lift,18,hands,1.799955644598123,20
crop_free,all,area_adjusted_lift,18,head,0.24660993771972203,20
crop_free,all,area_adjusted_lift,18,legs,0.8713283494789804,20
crop_free,all,area_adjusted_lift,18,torso,1.2928295388801438,20
crop_free,all,area_adjusted_lift,19,arms,0.4205452607262372,20
crop_free,all,area_adjusted_lift,19,hands,-0.16053304194821463,20
crop_free,all,area_adjusted_lift,19,head,0.25124646046054294,20
crop_free,all,area_adjusted_lift,19,legs,1.3086533800105846,20
crop_free,all,area_adjusted_lift,19,torso,0.3216424414142615,20
crop_free,all,area_adjusted_lift,20,arms,0.18749106917925898,20
crop_free,all,area_adjusted_lift,20,hands,0.25780347428184164,20
crop_free,all,area_adjusted_lift,20,head,-0.07385768791207718,20
crop_free,all,area_adjusted_lift,20,legs,1.0857410491223192,20
crop_free,all,area_adjusted_lift,20,torso,-0.07721445677914271,20
crop_free,all,area_adjusted_lift,21,arms,-0.06076352596984764,20
crop_free,all,area_adjusted_lift,21,hands,0.049333132428870906,20
crop_free,all,area_adjusted_lift,21,head,-0.5810818928676512,20
crop_free,all,area_adjusted_lift,21,legs,-0.08621008941877759,20
crop_free,all,area_adjusted_lift,21,torso,-0.4044664246220325,20
crop_free,all,area_adjusted_lift,22,arms,1.4836153566164008,20
crop_free,all,area_adjusted_lift,22,hands,1.0730774753792733,20
crop_free,all,area_adjusted_lift,22,head,0.4746431072256364,20
crop_free,all,area_adjusted_lift,22,legs,0.26314432864792586,20
crop_free,all,area_adjusted_lift,22,torso,-0.49784132600576514,20
crop_free,all,area_adjusted_lift,23,arms,-1.1814586238247637,20
crop_free,all,area_adjusted_lift,23,hands,-1.2585516609565368,20
crop_free,all,area_adjusted_lift,23,head,-1.3728022277041112,20
crop_free,all,area_adjusted_lift,23,legs,-0.5102729207074604,20
crop_free,all,area_adjusted_lift,23,torso,-1.3670930487216493,20
crop_free,all,area_adjusted_lift,24,arms,-0.7027608126315912,20
crop_free,all,area_adjusted_lift,24,hands,-0.5183009936456489,20
crop_free,all,area_adjusted_lift,24,head,-0.206731474646841,20
crop_free,all,area_adjusted_lift,24,legs,-0.6299293377805861,20
crop_free,all,area_adjusted_lift,24,torso,0.0826772936677561,20
crop_free,all,area_adjusted_lift,25,arms,-1.5234438358962576,20
crop_free,all,area_adjusted_lift,25,hands,-0.9558106669951997,20
crop_free,all,area_adjusted_lift,25,head,-0.7845410378174449,20
crop_free,all,area_adjusted_lift,25,legs,0.4181041208628153,20
crop_free,all,area_adjusted_lift,25,torso,-1.274234303588929,20
crop_free,all,area_adjusted_lift,26,arms,-0.9124875982189081,20
crop_free,all,area_adjusted_lift,26,hands,-1.0244855608370296,20
crop_free,all,area_adjusted_lift,26,head,0.5961064278675772,20
crop_free,all,area_adjusted_lift,26,legs,0.5722789689117438,20
crop_free,all,area_adjusted_lift,26,torso,0.2676072602574243,20
crop_free,all,area_adjusted_lift,27,arms,2.306828098645381,20
crop_free,all,area_adjusted_lift,27,hands,1.9735382291167922,20
crop_free,all,area_adjusted_lift,27,head,2.646145527162389,20
crop_free,all,area_adjusted_lift,27,legs,-0.4317500894653158,20
crop_free,all,area_adjusted_lift,27,torso,2.3840804508475775,20
crop_free,all,area_adjusted_lift,28,arms,2.2813533963622454,20
crop_free,all,area_adjusted_lift,28,hands,2.056564124241565,20
crop_free,all,area_adjusted_lift,28,head,1.3749188323861448,20
crop_free,all,area_adjusted_lift,28,legs,-0.7153656410776151,20
crop_free,all,area_adjusted_lift,28,torso,0.44244625172100444,20
crop_free,all,area_adjusted_lift,29,arms,1.0738104726981685,20
crop_free,all,area_adjusted_lift,29,hands,1.7924017272904922,20
crop_free,all,area_adjusted_lift,29,head,-0.5439210522396489,19
crop_free,all,area_adjusted_lift,29,legs,0.9616613421159356,20
crop_free,all,area_adjusted_lift,29,torso,0.9113235039184865,20
crop_free,all,area_adjusted_lift,30,arms,-0.026573440843781517,20
crop_free,all,area_adjusted_lift,30,hands,1.3657783561186059,20
crop_free,all,area_adjusted_lift,30,head,0.5051978299429833,20
crop_free,all,area_adjusted_lift,30,legs,-0.8585021214248257,20
crop_free,all,area_adjusted_lift,30,torso,-1.6336119253343722,20
crop_free,all,area_adjusted_lift,31,arms,0.3515026723336977,20
crop_free,all,area_adjusted_lift,31,hands,0.21981903298044347,20
crop_free,all,area_adjusted_lift,31,head,0.15935319136927556,20
crop_free,all,area_adjusted_lift,31,legs,-0.4603964841237522,20
crop_free,all,area_adjusted_lift,31,torso,-0.35229466363510803,20
crop_free,all,area_adjusted_lift,32,arms,1.096984229800873,20
crop_free,all,area_adjusted_lift,32,hands,1.2975480856540174,20
crop_free,all,area_adjusted_lift,32,head,0.7980079148474066,20
crop_free,all,area_adjusted_lift,32,legs,0.5270018079958256,20
crop_free,all,area_adjusted_lift,32,torso,1.2260825962167452,20
crop_free,all,area_adjusted_lift,33,arms,0.7468764564076409,20
crop_free,all,area_adjusted_lift,33,hands,0.43017820885660424,20
crop_free,all,area_adjusted_lift,33,head,0.11396463919465932,20
crop_free,all,area_adjusted_lift,33,legs,0.4531232514138004,20
crop_free,all,area_adjusted_lift,33,torso,0.057060174331225726,20
crop_free,all,area_adjusted_lift,34,arms,-0.5331150512469661,20
crop_free,all,area_adjusted_lift,34,hands,-0.4633370857047283,20
crop_free,all,area_adjusted_lift,34,head,0.45483710059319776,20
crop_free,all,area_adjusted_lift,34,legs,2.6927039268727593,20
crop_free,all,area_adjusted_lift,34,torso,0.15764585369248196,20
crop_free,all,area_adjusted_lift,35,arms,-0.7226811678994821,20
crop_free,all,area_adjusted_lift,35,hands,-0.258783160732433,20
crop_free,all,area_adjusted_lift,35,head,2.6407388258116167,20
crop_free,all,area_adjusted_lift,35,legs,0.22304922895489412,20
crop_free,all,area_adjusted_lift,35,torso,1.5198308995600727,20
crop_free,all,area_adjusted_lift,36,arms,-0.02451776123898672,20
crop_free,all,area_adjusted_lift,36,hands,-0.31884178015209125,20
crop_free,all,area_adjusted_lift,36,head,0.2087603900786645,20
crop_free,all,area_adjusted_lift,36,legs,0.7833593360669598,20
crop_free,all,area_adjusted_lift,36,torso,0.8659103735801931,20
crop_free,all,area_adjusted_lift,37,arms,0.4709421964739357,20
crop_free,all,area_adjusted_lift,37,hands,0.8330957876013354,20
crop_free,all,area_adjusted_lift,37,head,0.06824034542723183,20
crop_free,all,area_adjusted_lift,37,legs,0.32575077000090924,20
crop_free,all,area_adjusted_lift,37,torso,-0.5229912988940345,20
crop_free,all,area_adjusted_lift,38,arms,2.0684510989644327,20
crop_free,all,area_adjusted_lift,38,hands,2.5164874402362742,20
crop_free,all,area_adjusted_lift,38,head,1.3399363261391672,20
crop_free,all,area_adjusted_lift,38,legs,-0.08518202650568364,20
crop_free,all,area_adjusted_lift,38,torso,1.6079498546472382,20
crop_free,all,area_adjusted_lift,39,arms,0.45936539685003464,20
crop_free,all,area_adjusted_lift,39,hands,0.6859009499048249,20
crop_free,all,area_adjusted_lift,39,head,-0.19130586066954786,19
crop_free,all,area_adjusted_lift,39,legs,0.29048643210623626,20
crop_free,all,area_adjusted_lift,39,torso,1.5500192148339158,20
crop_free,all,area_adjusted_lift,40,arms,0.3882381603618613,20
crop_free,all,area_adjusted_lift,40,hands,0.4662442894912713,20
crop_free,all,area_adjusted_lift,40,head,1.639271534419604,20
crop_free,all,area_adjusted_lift,40,legs,-0.11328377544559094,20
crop_free,all,area_adjusted_lift,40,torso,0.8310766544593171,20
crop_free,all,area_adjusted_lift,41,arms,-1.834028756570243,20
crop_free,all,area_adjusted_lift,41,hands,-1.156077283741719,20
crop_free,all,area_adjusted_lift,41,head,-1.281394099223899,20
crop_free,all,area_adjusted_lift,41,legs,-1.1070127952320539,20
crop_free,all,area_adjusted_lift,41,torso,-1.6305359267863186,20
crop_free,all,area_adjusted_lift,42,arms,-0.6099041688179089,20
crop_free,all,area_adjusted_lift,42,hands,-1.1799806495078304,20
crop_free,all,area_adjusted_lift,42,head,-1.3547999385602412,20
crop_free,all,area_adjusted_lift,42,legs,0.5529550450164195,20
crop_free,all,area_adjusted_lift,42,torso,-0.852393300920416,20
crop_free,all,area_adjusted_lift,43,arms,0.3465511087306205,20
crop_free,all,area_adjusted_lift,43,hands,1.1898156301740472,20
crop_free,all,area_adjusted_lift,43,head,-0.6125871663484325,20
crop_free,all,area_adjusted_lift,43,legs,-0.5612889389109513,20
crop_free,all,area_adjusted_lift,43,torso,-0.38583121207322857,20
crop_free,all,area_adjusted_lift,44,arms,1.6782600549412865,20
crop_free,all,area_adjusted_lift,44,hands,0.7630305667076684,20
crop_free,all,area_adjusted_lift,44,head,0.6237017705859815,20
crop_free,all,area_adjusted_lift,44,legs,0.9614788388284214,20
crop_free,all,area_adjusted_lift,44,torso,2.1622071722962537,20
crop_free,all,area_adjusted_lift,45,arms,-0.9382740626620311,20
crop_free,all,area_adjusted_lift,45,hands,-0.9974354576491041,20
crop_free,all,area_adjusted_lift,45,head,0.4282738842642307,20
crop_free,all,area_adjusted_lift,45,legs,-0.31790291434463386,20
crop_free,all,area_adjusted_lift,45,torso,0.039957245393124556,20
crop_free,all,area_adjusted_lift,46,arms,1.3118119230028897,20
crop_free,all,area_adjusted_lift,46,hands,1.1931843659899362,20
crop_free,all,area_adjusted_lift,46,head,1.4255030619154352,20
crop_free,all,area_adjusted_lift,46,legs,0.2193157721513673,20
crop_free,all,area_adjusted_lift,46,torso,-0.4270491006362117,20
crop_free,all,area_adjusted_lift,47,arms,-0.09301219483344139,20
crop_free,all,area_adjusted_lift,47,hands,-0.41253811878175717,20
crop_free,all,area_adjusted_lift,47,head,-1.3002033058185842,20
crop_free,all,area_adjusted_lift,47,legs,-0.7011688882699655,20
crop_free,all,area_adjusted_lift,47,torso,1.4380492924350867,20
crop_free,all,area_adjusted_lift,48,arms,-0.6189641383402562,19
crop_free,all,area_adjusted_lift,48,hands,-0.1521555398297143,19
crop_free,all,area_adjusted_lift,48,head,-0.20480511196380097,19
crop_free,all,area_adjusted_lift,48,legs,0.0831647613708001,19
crop_free,all,area_adjusted_lift,48,torso,0.19729302545019717,19
crop_free,all,area_adjusted_lift,49,arms,-1.2289732445585584,20
crop_free,all,area_adjusted_lift,49,hands,-1.020163094708156,20
crop_free,all,area_adjusted_lift,49,head,-0.4460910401797403,20
crop_free,all,area_adjusted_lift,49,legs,-1.126291308159843,20
crop_free,all,area_adjusted_lift,49,torso,-1.2657052779591473,20
crop_free,all,area_adjusted_lift,50,arms,-1.1790504430848907,20
crop_free,all,area_adjusted_lift,50,hands,-1.2772747822460904,20
crop_free,all,area_adjusted_lift,50,head,-1.103980054780107,20
crop_free,all,area_adjusted_lift,50,legs,-1.0183833169366818,20
crop_free,all,area_adjusted_lift,50,torso,-0.8085438031543949,20
crop_free,all,area_adjusted_lift,51,arms,-0.2525644107307049,20
crop_free,all,area_adjusted_lift,51,hands,-0.9758344598839824,20
crop_free,all,area_adjusted_lift,51,head,-0.4561442848630988,20
crop_free,all,area_adjusted_lift,51,legs,-1.1653789581219003,20
crop_free,all,area_adjusted_lift,51,torso,-0.6923722039001242,20
crop_free,all,area_adjusted_lift,52,arms,-0.9334125792667807,20
crop_free,all,area_adjusted_lift,52,hands,-0.5901660578395999,20
crop_free,all,area_adjusted_lift,52,head,-1.1227725887745865,20
crop_free,all,area_adjusted_lift,52,legs,-1.3603149868752131,20
crop_free,all,area_adjusted_lift,52,torso,-1.2818143684059742,20
crop_free,all,area_adjusted_lift,53,arms,-0.16202427727993962,20
crop_free,all,area_adjusted_lift,53,hands,-0.0786721549503381,20
crop_free,all,area_adjusted_lift,53,head,0.03842835640632856,20
crop_free,all,area_adjusted_lift,53,legs,-0.957519700448717,20
crop_free,all,area_adjusted_lift,53,torso,-0.893512559449529,20
crop_free,all,area_adjusted_lift,54,arms,-0.5161452757593759,20
crop_free,all,area_adjusted_lift,54,hands,-0.7361116988019701,20
crop_free,all,area_adjusted_lift,54,head,-0.2947418220498771,20
crop_free,all,area_adjusted_lift,54,legs,-0.6734420386803809,20
crop_free,all,area_adjusted_lift,54,torso,0.9037806643411419,20
crop_free,all,area_adjusted_lift,55,arms,-0.8036386926963095,20
crop_free,all,area_adjusted_lift,55,hands,-1.2205446832726363,20
crop_free,all,area_adjusted_lift,55,head,-1.1869676806073806,20
crop_free,all,area_adjusted_lift,55,legs,-0.5535710571756272,20
crop_free,all,area_adjusted_lift,55,torso,-0.8014541138723973,20
crop_free,all,area_adjusted_lift,56,arms,-1.027030997272077,20
crop_free,all,area_adjusted_lift,56,hands,-0.8129244761253915,20
crop_free,all,area_adjusted_lift,56,head,-1.2918414518391772,20
crop_free,all,area_adjusted_lift,56,legs,-1.0855342573021325,20
crop_free,all,area_adjusted_lift,56,torso,-1.2939999392873531,20
crop_free,all,area_adjusted_lift,57,arms,0.07978350069819724,20
crop_free,all,area_adjusted_lift,57,hands,-0.7450250015739855,20
crop_free,all,area_adjusted_lift,57,head,-1.2006898814716935,19
crop_free,all,area_adjusted_lift,57,legs,-0.8331248655448185,20
crop_free,all,area_adjusted_lift,57,torso,-0.6576332158759067,20
crop_free,all,area_adjusted_lift,58,arms,-1.5334945216884288,20
crop_free,all,area_adjusted_lift,58,hands,-1.2158275807038854,20
crop_free,all,area_adjusted_lift,58,head,-1.022108782273544,20
crop_free,all,area_adjusted_lift,58,legs,-0.9566527508691692,20
crop_free,all,area_adjusted_lift,58,torso,-1.3544827417760417,20
crop_free,all,area_adjusted_lift,59,arms,-1.7000919714967713,20
crop_free,all,area_adjusted_lift,59,hands,-1.4765422061166467,20
crop_free,all,area_adjusted_lift,59,head,-1.1819214994149252,20
crop_free,all,area_adjusted_lift,59,legs,-1.4476575550187596,20
crop_free,all,area_adjusted_lift,59,torso,-0.8877155041323749,20
crop_free,all,lift,0,arms,-0.2552642010510377,20
crop_free,all,lift,0,hands,-1.0168481939750293,20
crop_free,all,lift,0,head,-0.34759766642327516,20
crop_free,all,lift,0,legs,-0.1785189965107184,20
crop_free,all,lift,0,lower_body,-0.16037151894836557,20
crop_free,all,lift,0,torso,-0.7747182243149872,20
crop_free,all,lift,0,upper_body,0.15522577884116823,20
crop_free,all,lift,1,arms,-0.3280951501815669,20
crop_free,all,lift,1,hands,0.23110857825064332,20
crop_free,all,lift,1,head,1.6219430590310038,20
crop_free,all,lift,1,legs,-1.7186578416183582,20
crop_free,all,lift,1,lower_body,-2.126559842682248,20
crop_free,all,lift,1,torso,0.5749378212013755,20
crop_free,all,lift,1,upper_body,-0.7685847822778241,20
crop_free,all,lift,2,arms,-0.3680097334839124,20
crop_free,all,lift,2,hands,0.9771589519789493,20
crop_free,all,lift,2,head,1.3167167242764906,20
crop_free,all,lift,2,legs,-0.9610040253118075,20
crop_free,all,lift,2,lower_body,-0.9225912469763671,20
crop_free,all,lift,2,torso,-0.6549850523772922,20
crop_free,all,lift,2,upper_body,0.23004693158051748,20
crop_free,all,lift,3,arms,-0.3235950262468496,20
crop_free,all,lift,3,hands,-0.2067987922618064,20
crop_free,all,lift,3,head,-0.07008965805184539,20
crop_free,all,lift,3,legs,-0.5941276663495074,20
crop_free,all,lift,3,lower_body,-0.43191724887410166,20
crop_free,all,lift,3,torso,-1.261296003328762,20
crop_free,all,lift,3,upper_body,-1.2885882485431774,20
crop_free,all,lift,4,arms,1.1060574546630446,20
crop_free,all,lift,4,hands,0.04213290799603546,20
crop_free,all,lift,4,head,0.9881763628366244,20
crop_free,all,lift,4,legs,1.960819311012957,20
crop_free,all,lift,4,lower_body,2.0802927602705807,20
crop_free,all,lift,4,torso,0.07246012913042696,20
crop_free,all,lift,4,upper_body,1.3903381102808825,20
crop_free,all,lift,5,arms,-0.529754928908971,20
crop_free,all,lift,5,hands,-0.6119079562122848,20
crop_free,all,lift,5,head,-0.3527317749240423,20
crop_free,all,lift,5,legs,0.7820640821577541,20
crop_free,all,lift,5,lower_body,0.9688265827427036,20
crop_free,all,lift,5,torso,-0.11547142921804193,20
crop_free,all,lift,5,upper_body,-0.10351028289136803,20
crop_free,all,lift,6,arms,0.08624045421636164,20
crop_free,all,lift,6,hands,0.1641158709954078,20
crop_free,all,lift,6,head,0.08942447521524607,20
crop_free,all,lift,6,legs,-0.7604800619908768,20
crop_free,all,lift,6,lower_body,-0.5930533705076838,20
crop_free,all,lift,6,torso,-0.6813702953074278,20
crop_free,all,lift,6,upper_body,0.6122269063187483,20
crop_free,all,lift,7,arms,0.5849017024216819,20
crop_free,all,lift,7,hands,0.4975045300132978,20
crop_free,all,lift,7,head,0.7294590619369007,20
crop_free,all,lift,7,legs,3.2144103994770643,20
crop_free,all,lift,7,lower_body,2.0262085018736076,20
crop_free,all,lift,7,torso,1.2852816252385295,20
crop_free,all,lift,7,upper_body,1.3137552136163744,20
crop_free,all,lift,8,arms,0.278438724437882,20
crop_free,all,lift,8,hands,0.09498930799385787,20
crop_free,all,lift,8,head,0.31299485418704026,20
crop_free,all,lift,8,legs,1.8903993860419281,20
crop_free,all,lift,8,lower_body,1.985160364857778,20
crop_free,all,lift,8,torso,1.607531587837402,20
crop_free,all,lift,8,upper_body,1.184798289999847,20
crop_free,all,lift,9,arms,-0.40203140453338426,20
crop_free,all,lift,9,hands,-0.2433308529836606,20
crop_free,all,lift,9,head,-1.262243167977438,20
crop_free,all,lift,9,legs,-1.2665764400535302,20
crop_free,all,lift,9,lower_body,-1.3395836467691453,20
crop_free,all,lift,9,torso,-0.07031298218504697,20
crop_free,all,lift,9,upper_body,-2.025815378256236,20
crop_free,all,lift,10,arms,-1.5609842865994625,20
crop_free,all,lift,10,hands,-1.7061140882376815,20
crop_free,all,lift,10,head,-0.06097203791271547,20
crop_free,all,lift,10,legs,-1.2151142502625452,20
crop_free,all,lift,10,lower_body,-1.3566626130544421,20
crop_free,all,lift,10,torso,-0.6007406453594779,20
crop_free,all,lift,10,upper_body,-1.0856932813355866,20
crop_free,all,lift,11,arms,0.48655501388748146,20
crop_free,all,lift,11,hands,-0.25383522378835643,20
crop_free,all,lift,11,head,0.8177986903627522,20
crop_free,all,lift,11,legs,0.2910868410374915,20
crop_free,all,lift,11,lower_body,0.2323571714350196,20
crop_free,all,lift,11,torso,0.3388819109541765,20
crop_free,all,lift,11,upper_body,-0.944411611154328,20
crop_free,all,lift,12,arms,0.019241328914801504,20
crop_free,all,lift,12,hands,-1.2396265985393051,20
crop_free,all,lift,12,head,-1.1855685431502518,20
crop_free,all,lift,12,legs,0.009638237289416082,20
crop_free,all,lift,12,lower_body,0.13183944810742604,20
crop_free,all,lift,12,torso,0.7695080890858033,20
crop_free,all,lift,12,upper_body,0.9856721186961579,20
crop_free,all,lift,13,arms,-0.8963576425237156,20
crop_free,all,lift,13,hands,-0.833887176461838,20
crop_free,all,lift,13,head,-0.18397480875127975,20
crop_free,all,lift,13,legs,-0.6137385581554551,20
crop_free,all,lift,13,lower_body,-0.702657037820301,20
crop_free,all,lift,13,torso,-0.8074060947159994,20
crop_free,all,lift,13,upper_body,-0.6959424790437246,20
crop_free,all,lift,14,arms,0.19593629091652126,20
crop_free,all,lift,14,hands,-0.7471343295672517,20
crop_free,all,lift,14,head,-0.48668491883567666,20
crop_free,all,lift,14,legs,2.0693554644685155,20
crop_free,all,lift,14,lower_body,1.8692771823103898,20
crop_free,all,lift,14,torso,0.7281891120581163,20
crop_free,all,lift,14,upper_body,1.2472006209422528,20
crop_free,all,lift,15,arms,-1.0971364042054188,20
crop_free,all,lift,15,hands,-0.29566793257379126,20
crop_free,all,lift,15,head,-0.8561822414357677,20
crop_free,all,lift,15,legs,-0.01622722785555564,20
crop_free,all,lift,15,lower_body,0.26491145307502834,20
crop_free,all,lift,15,torso,-0.8667248949818924,20
crop_free,all,lift,15,upper_body,-1.302297986704709,20
crop_free,all,lift,16,arms,-0.19398207565225706,20
crop_free,all,lift,16,hands,-0.024780305133594097,20
crop_free,all,lift,16,head,-0.6034069313049919,20
crop_free,all,lift,16,legs,1.5339547392592805,20
crop_free,all,lift,16,lower_body,2.479471415483941,20
crop_free,all,lift,16,torso,0.12598532646011557,20
crop_free,all,lift,16,upper_body,0.03930533761792088,20
crop_free,all,lift,17,arms,1.5665353461332971,20
crop_free,all,lift,17,hands,2.137469540179173,20
crop_free,all,lift,17,head,0.16138902062856317,20
crop_free,all,lift,17,legs,-0.2033864360352308,20
crop_free,all,lift,17,lower_body,-0.089685821531296,20
crop_free,all,lift,17,torso,1.028841173755758,20
crop_free,all,lift,17,upper_body,1.409350501442089,20
crop_free,all,lift,18,arms,1.7892822564818345,20
crop_free,all,lift,18,hands,1.8688412899625186,20
crop_free,all,lift,18,head,-0.8925076458986088,20
crop_free,all,lift,18,legs,0.9570892585389004,20
crop_free,all,lift,18,lower_body,0.990815757855468,20
crop_free,all,lift,18,torso,1.5127576097470958,20
crop_free,all,lift,18,upper_body,1.6142890187263168,20
crop_free,all,lift,19,arms,0.34297550719780234,20
crop_free,all,lift,19,hands,-0.17840761563528976,20
crop_free,all,lift,19,head,0.5396298332690902,20
crop_free,all,lift,19,legs,1.481598556085711,20
crop_free,all,lift,19,lower_body,1.3234441786654252,20
crop_free,all,lift,19,torso,0.32506817307068603,20
crop_free,all,lift,19,upper_body,-0.21188870765927215,20
crop_free,all,lift,20,arms,0.3275935519135319,20
crop_free,all,lift,20,hands,0.5312647588037012,20
crop_free,all,lift,20,head,-0.5314773312281085,20
crop_free,all,lift,20,legs,1.2495737055460991,20
crop_free,all,lift,20,lower_body,1.3691825899455436,20
crop_free,all,lift,20,torso,-0.03855681593012788,20
crop_free,all,lift,20,upper_body,1.7328242091040884,20
crop_free,all,lift,21,arms,-0.4218512203332912,20
crop_free,all,lift,21,hands,-0.24333587346808674,20
crop_free,all,lift,21,head,-1.1638315170284308,20
crop_free,all,lift,21,legs,-0.43086886560197424,20
crop_free,all,lift,21,lower_body,-0.7402034042773397,20
crop_free,all,lift,21,torso,-0.641537170386291,20
crop_free,all,lift,21,upper_body,0.32948877722813863,20
crop_free,all,lift,22,arms,1.9238451814534736,20
crop_free,all,lift,22,hands,1.4260655294756337,20
crop_free,all,lift,22,head,-0.28882833885395504,20
crop_free,all,lift,22,legs,-0.0518826935177759,20
crop_free,all,lift,22,lower_body,0.04808569728221226,20
crop_free,all,lift,22,torso,-0.7792552388328932,20
crop_free,all,lift,22,upper_body,0.7860006101657986,20
crop_free,all,lift,23,arms,-0.9450809777949206,20
crop_free,all,lift,23,hands,-0.7656057408274548,20
crop_free,all,lift,23,head,-0.2541704590998052,20
crop_free,all,lift,23,legs,-0.3052569364488658,20
crop_free,all,lift,23,lower_body,0.15778010967710474,20
crop_free,all,lift,23,torso,-1.0286600165508977,20
crop_free,all,lift,23,upper_body,-0.5491677196541948,20
crop_free,all,lift,24,arms,-0.9386105483346873,20
crop_free,all,lift,24,hands,-0.7353162122604563,20
crop_free,all,lift,24,head,-0.7677781775319013,20
crop_free,all,lift,24,legs,-0.8999426682540934,20
crop_free,all,lift,24,lower_body,-0.4790954582503675,20
crop_free,all,lift,24,torso,-0.22618419960763708,20
crop_free,all,lift,24,upper_body,-1.2075156064683996,20
crop_free,all,lift,25,arms,-1.3523497648195957,20
crop_free,all,lift,25,hands,-0.7645304954353227,20
crop_free,all,lift,25,head,-0.397196490552784,20
crop_free,all,lift,25,legs,0.5025879452304582,20
crop_free,all,lift,25,lower_body,1.0255101048443165,20
crop_free,all,lift,25,torso,-1.0051907826811093,20
crop_free,all,lift,25,upper_body,-0.9891739266540547,20
crop_free,all,lift,26,arms,-0.7809489141569224,20
crop_free,all,lift,26,hands,-0.558845163725041,20
crop_free,all,lift,26,head,1.1024248295131933,20
crop_free,all,lift,26,legs,0.6386882338175419,20
crop_free,all,lift,26,lower_body,0.7749204293722799,20
crop_free,all,lift,26,torso,0.19255943429682543,20
crop_free,all,lift,26,upper_body,0.4072077866404127,20
crop_free,all,lift,27,arms,2.7489852834207236,20
crop_free,all,lift,27,hands,2.339597802474084,20
crop_free,all,lift,27,head,2.9577686238375627,20
crop_free,all,lift,27,legs,-0.36551977167090705,20
crop_free,all,lift,27,lower_body,-0.25917650500406886,20
crop_free,all,lift,27,torso,2.8994593782422453,20
crop_free,all,lift,27,upper_body,2.6879636934102225,20
crop_free,all,lift,28,arms,2.3405417192310565,20
crop_free,all,lift,28,hands,1.948663095842712,20
crop_free,all,lift,28,head,2.0015314973362317,20
crop_free,all,lift,28,legs,-0.8170446397397575,20
crop_free,all,lift,28,lower_body,-0.7855396663180944,20
crop_free,all,lift,28,torso,0.4931941199195953,20
crop_free,all,lift,28,upper_body,0.5699234144618943,20
crop_free,all,lift,29,arms,1.1555457457696845,20
crop_free,all,lift,29,hands,1.0488571363623074,20
crop_free,all,lift,29,head,-1.1100715344446772,20
crop_free,all,lift,29,legs,1.0082104238509317,20
crop_free,all,lift,29,lower_body,1.0437706631587753,20
crop_free,all,lift,29,torso,0.8424242692915457,20
crop_free,all,lift,29,upper_body,0.4979338193834916,20
crop_free,all,lift,30,arms,0.04490736860504078,20
crop_free,all,lift,30,hands,1.2927421445159826,20
crop_free,all,lift,30,head,0.2109698105256791,20
crop_free,all,lift,30,legs,-0.9474952301670823,20
crop_free,all,lift,30,lower_body,-1.0886788457848042,20
crop_free,all,lift,30,torso,-1.598005040467918,20
crop_free,all,lift,30,upper_body,-0.42370136047022033,20
crop_free,all,lift,31,arms,0.27193832269105905,20
crop_free,all,lift,31,hands,-0.8518101747310889,20
crop_free,all,lift,31,head,-0.05269413270819623,20
crop_free,all,lift,31,legs,-0.558011209604868,20
crop_free,all,lift,31,lower_body,-0.6201372743883935,20
crop_free,all,lift,31,torso,-0.6990070003185435,20
crop_free,all,lift,31,upper_body,0.05309270095681353,20
crop_free,all,lift,32,arms,0.9125367287864291,20
crop_free,all,lift,32,hands,0.9184325285307999,20
crop_free,all,lift,32,head,0.6885610168810757,20
crop_free,all,lift,32,legs,0.4190568366113299,20
crop_free,all,lift,32,lower_body,0.4672930238234729,20
crop_free,all,lift,32,torso,1.3902007267902456,20
crop_free,all,lift,32,upper_body,1.2111246126684647,20
crop_free,all,lift,33,arms,0.49523346313827654,20
crop_free,all,lift,33,hands,-0.3278393560082555,20
crop_free,all,lift,33,head,-0.7995033124443033,20
crop_free,all,lift,33,legs,0.33426819934022683,20
crop_free,all,lift,33,lower_body,0.3261540202127818,20
crop_free,all,lift,33,torso,-0.2925490311848227,20
crop_free,all,lift,33,upper_body,-0.8146188696750547,20
crop_free,all,lift,34,arms,-0.39450166737386644,20
crop_free,all,lift,34,hands,-0.19026597175009768,20
crop_free,all,lift,34,head,1.0378064420236959,20
crop_free,all,lift,34,legs,2.4404393392597035,20
crop_free,all,lift,34,lower_body,1.7192568228041325,20
crop_free,all,lift,34,torso,0.1005282893955124,20
crop_free,all,lift,34,upper_body,-0.3221235762406705,20
crop_free,all,lift,35,arms,-0.759186672777281,20
crop_free,all,lift,35,hands,-0.24932163969090212,20
crop_free,all,lift,35,head,2.670535607514319,20
crop_free,all,lift,35,legs,0.0906577929602929,20
crop_free,all,lift,35,lower_body,0.22087391724705002,20
crop_free,all,lift,35,torso,1.3795277199316125,20
crop_free,all,lift,35,upper_body,0.9402526470851298,20
crop_free,all,lift,36,arms,-0.21185732823060321,20
crop_free,all,lift,36,hands,-0.6788806939287206,20
crop_free,all,lift,36,head,-0.5003067970958528,20
crop_free,all,lift,36,legs,0.5263565761324034,20
crop_free,all,lift,36,lower_body,0.6084403181525324,20
crop_free,all,lift,36,torso,0.8163433712783628,20
crop_free,all,lift,36,upper_body,0.2601729853929171,20
crop_free,all,lift,37,arms,0.5025951901441744,20
crop_free,all,lift,37,hands,1.0971339366391022,20
crop_free,all,lift,37,head,-0.19632658929241423,20
crop_free,all,lift,37,legs,0.08897046518060017,20
crop_free,all,lift,37,lower_body,0.3202856118157706,20
crop_free,all,lift,37,torso,-0.75896538732012,20
crop_free,all,lift,37,upper_body,0.4545341616933479,20
crop_free,all,lift,38,arms,2.136650652977288,20
crop_free,all,lift,38,hands,2.6492992727080886,20
crop_free,all,lift,38,head,1.1638241386099828,20
crop_free,all,lift,38,legs,-0.18573017745833106,20
crop_free,all,lift,38,lower_body,-0.1700810245750054,20
crop_free,all,lift,38,torso,1.684655153368273,20
crop_free,all,lift,38,upper_body,1.7204174601075195,20
crop_free,all,lift,39,arms,0.33737328308887987,20
crop_free,all,lift,39,hands,0.8520718403187327,20
crop_free,all,lift,39,head,-1.012821775820356,20
crop_free,all,lift,39,legs,0.2973803662290689,20
crop_free,all,lift,39,lower_body,-0.012660453831039946,20
crop_free,all,lift,39,torso,1.6091175171286505,20
crop_free,all,lift,39,upper_body,-0.40116091463196235,20
crop_free,all,lift,40,arms,0.31519261318610153,20
crop_free,all,lift,40,hands,0.6022616583186465,20
crop_free,all,lift,40,head,1.9873785398125352,20
crop_free,all,lift,40,legs,-0.40774259479225383,20
crop_free,all,lift,40,lower_body,-0.505870744873857,20
crop_free,all,lift,40,torso,0.8348473368355143,20
crop_free,all,lift,40,upper_body,0.25519901650058563,20
crop_free,all,lift,41,arms,-1.697531251799267,20
crop_free,all,lift,41,hands,-0.847710555800981,20
crop_free,all,lift,41,head,-0.35544217244150417,20
crop_free,all,lift,41,legs,-0.8106632965991508,20
crop_free,all,lift,41,lower_body,-0.9579394122006775,20
crop_free,all,lift,41,torso,-1.386384114689245,20
crop_free,all,lift,41,upper_body,-1.5313274830660428,20
crop_free,all,lift,42,arms,-0.4927587023604703,20
crop_free,all,lift,42,hands,-0.6004498806981317,20
crop_free,all,lift,42,head,-0.529634630585909,20
crop_free,all,lift,42,legs,0.6677878365907877,20
crop_free,all,lift,42,lower_body,0.40454351982531195,20
crop_free,all,lift,42,torso,-0.6358307443819808,20
crop_free,all,lift,42,upper_body,0.21086748996856702,20
crop_free,all,lift,43,arms,0.38811939662198525,20
crop_free,all,lift,43,hands,1.5378455755336888,20
crop_free,all,lift,43,head,-1.4867873954984356,20
crop_free,all,lift,43,legs,-0.7531929509742781,20
crop_free,all,lift,43,lower_body,-0.9829573341054906,20
crop_free,all,lift,43,torso,-0.46585074178687363,20
crop_free,all,lift,43,upper_body,0.08002269083689473,20
crop_free,all,lift,44,arms,1.7103841220789566,20
crop_free,all,lift,44,hands,0.5184651461581717,20
crop_free,all,lift,44,head,0.9580021398206093,20
crop_free,all,lift,44,legs,0.6507354149967738,20
crop_free,all,lift,44,lower_body,0.8172194357258187,20
crop_free,all,lift,44,torso,2.262495375437605,20
crop_free,all,lift,44,upper_body,1.0208006378403087,20
crop_free,all,lift,45,arms,-1.0684665105822162,20
crop_free,all,lift,45,hands,-1.6923285311300922,20
crop_free,all,lift,45,head,-0.2508375917603632,20
crop_free,all,lift,45,legs,-0.5384040028645672,20
crop_free,all,lift,45,lower_body,-0.5015812490399866,20
crop_free,all,lift,45,torso,-0.2182192353456099,20
crop_free,all,lift,45,upper_body,-0.6477848918015495,20
crop_free,all,lift,46,arms,1.3852048582828629,20
crop_free,all,lift,46,hands,1.2871018175947266,20
crop_free,all,lift,46,head,1.9001343145129401,20
crop_free,all,lift,46,legs,0.24486062637743128,20
crop_free,all,lift,46,lower_body,0.42109311921461984,20
crop_free,all,lift,46,torso,-0.5248110698937362,20
crop_free,all,lift,46,upper_body,0.9917047538540543,20
crop_free,all,lift,47,arms,-0.24806852776100946,20
crop_free,all,lift,47,hands,-0.5466379120423429,20
crop_free,all,lift,47,head,-1.2373302557703831,20
crop_free,all,lift,47,legs,-1.1621502474005254,20
crop_free,all,lift,47,lower_body,-1.3989656659701237,20
crop_free,all,lift,47,torso,1.36190914337282,20
crop_free,all,lift,47,upper_body,0.26204404647047275,20
crop_free,all,lift,48,arms,-1.0219350226378476,20
crop_free,all,lift,48,hands,-0.5176557232398555,20
crop_free,all,lift,48,head,-0.955098369551047,20
crop_free,all,lift,48,legs,0.015138729267134922,20
crop_free,all,lift,48,lower_body,0.061024594141799754,20
crop_free,all,lift,48,torso,-0.18361891207698774,20
crop_free,all,lift,48,upper_body,-0.9645800092731202,20
crop_free,all,lift,49,arms,-0.9491066131956871,20
crop_free,all,lift,49,hands,-0.688464199237388,20
crop_free,all,lift,49,head,0.06528844693386085,20
crop_free,all,lift,49,legs,-0.674728435569618,20
crop_free,all,lift,49,lower_body,-0.8712007228380679,20
crop_free,all,lift,49,torso,-1.1884023807170572,20
crop_free,all,lift,49,upper_body,-1.4650580008499823,20
crop_free,all,lift,50,arms,-1.006770087546954,20
crop_free,all,lift,50,hands,-0.9277437465552956,20
crop_free,all,lift,50,head,-0.3281153686018775,20
crop_free,all,lift,50,legs,-0.773189017180294,20
crop_free,all,lift,50,lower_body,-0.7441354112509787,20
crop_free,all,lift,50,torso,-0.7543008777749753,20
crop_free,all,lift,50,upper_body,-1.1141677257113451,20
crop_free,all,lift,51,arms,-0.16497995001951418,20
crop_free,all,lift,51,hands,-0.6318687091640219,20
crop_free,all,lift,51,head,0.2342301195864314,20
crop_free,all,lift,51,legs,-0.6489150467802339,20
crop_free,all,lift,51,lower_body,-0.8722045584075254,20
crop_free,all,lift,51,torso,-0.5145528701423109,20
crop_free,all,lift,51,upper_body,-0.4406059971608558,20
crop_free,all,lift,52,arms,-0.8614553083427523,20
crop_free,all,lift,52,hands,-0.10213879534358283,20
crop_free,all,lift,52,head,-1.0216989823134257,20
crop_free,all,lift,52,legs,-1.3781264527949917,20
crop_free,all,lift,52,lower_body,-1.1441842749191287,20
crop_free,all,lift,52,torso,-1.0120323210960933,20
crop_free,all,lift,52,upper_body,-0.7581406111424973,20
crop_free,all,lift,53,arms,-0.1555090443835348,20
crop_free,all,lift,53,hands,0.20501318672633517,20
crop_free,all,lift,53,head,-0.6843734146371976,20
crop_free,all,lift,53,legs,-0.7003955555994825,20
crop_free,all,lift,53,lower_body,-0.9222832965991742,20
crop_free,all,lift,53,torso,-0.9431351517704191,20
crop_free,all,lift,53,upper_body,-0.3050038729329523,20
crop_free,all,lift,54,arms,-0.3865651072459757,20
crop_free,all,lift,54,hands,-0.7757080794818919,20
crop_free,all,lift,54,head,-0.25992787174647075,20
crop_free,all,lift,54,legs,-0.8225417761817384,20
crop_free,all,lift,54,lower_body,-0.9021057957619026,20
crop_free,all,lift,54,torso,0.9003622564825042,20
crop_free,all,lift,54,upper_body,0.3364350931683982,20
crop_free,all,lift,55,arms,-0.6653809838533592,20
crop_free,all,lift,55,hands,-1.4569750213665742,20
crop_free,all,lift,55,head,-0.8080572505083274,20
crop_free,all,lift,55,legs,-0.28973028085259095,20
crop_free,all,lift,55,lower_body,-0.5685543965275636,20
crop_free,all,lift,55,torso,-0.7160163323710032,20
crop_free,all,lift,55,upper_body,-0.4614416973913411,20
crop_free,all,lift,56,arms,-0.8676451093165306,20
crop_free,all,lift,56,hands,-0.52039055719839,20
crop_free,all,lift,56,head,-1.1483299711585886,20
crop_free,all,lift,56,legs,-0.6842746902543241,20
crop_free,all,lift,56,lower_body,-0.5608553571727938,20
crop_free,all,lift,56,torso,-1.1721170883962913,20
crop_free,all,lift,56,upper_body,-1.3910604781865545,20
crop_free,all,lift,57,arms,0.3056052301367453,20
crop_free,all,lift,57,hands,-0.8255185534516922,20
crop_free,all,lift,57,head,-0.4076708497409559,20
crop_free,all,lift,57,legs,-0.5984607437036459,20
crop_free,all,lift,57,lower_body,-0.7027130351599031,20
crop_free,all,lift,57,torso,-0.6543631959379813,20
crop_free,all,lift,57,upper_body,-0.3177049825813691,20
crop_free,all,lift,58,arms,-1.138714457907427,20
crop_free,all,lift,58,hands,-0.6659955644495891,20
crop_free,all,lift,58,head,-0.5874016784140329,20
crop_free,all,lift,58,legs,-0.005538840223605614,20
crop_free,all,lift,58,lower_body,0.3422989551547207,20
crop_free,all,lift,58,torso,-1.130261825507869,20
crop_free,all,lift,58,upper_body,-1.0960030706030992,20
crop_free,all,lift,59,arms,-1.2739321666366836,20
crop_free,all,lift,59,hands,-0.7444601910174512,20
crop_free,all,lift,59,head,-0.11831595515662305,20
crop_free,all,lift,59,legs,-1.027491138381257,20
crop_free,all,lift,59,lower_body,-0.9661315146553648,20
crop_free,all,lift,59,torso,-0.7362334833530711,20
crop_free,all,lift,59,upper_body,-1.363145882638302,20
crop_free,all,raw,0,arms,0.523947149515152,20
crop_free,all,raw,0,hands,-0.019920784235000617,20
crop_free,all,raw,0,head,0.04394259452819825,20
crop_free,all,raw,0,legs,0.22479944229125975,20
crop_free,all,raw,0,lower_body,0.48624765157699584,20
crop_free,all,raw,0,torso,0.3631915724277496,20
crop_free,all,raw,0,upper_body,1.874148957133293,20
crop_free,all,raw,1,arms,0.49328249454498285,20
crop_free,all,raw,1,hands,0.13890785217285156,20
crop_free,all,raw,1,head,0.19027607917785644,20
crop_free,all,raw,1,legs,-0.29335363864898684,20
crop_free,all,raw,1,lower_body,-0.6525131559371948,20
crop_free,all,raw,1,torso,0.9491246223449707,20
crop_free,all,raw,1,upper_body,1.1654234325885773,20
crop_free,all,raw,2,arms,0.4764769065380096,20
crop_free,all,raw,2,hands,0.23385838747024534,20
crop_free,all,raw,2,head,0.16759828805923463,20
crop_free,all,raw,2,legs,-0.0384541141986847,20
crop_free,all,raw,2,lower_body,0.04479148864746094,20
crop_free,all,raw,2,torso,0.41517194390296935,20
crop_free,all,raw,2,upper_body,1.9315499687194826,20
crop_free,all,raw,3,arms,0.4951772212982178,20
crop_free,all,raw,3,hands,0.0831749677658081,20
crop_free,all,raw,3,head,0.06456096172332763,20
crop_free,all,raw,3,legs,0.08497509241104126,20
crop_free,all,raw,3,lower_body,0.32897602558135985,20
crop_free,all,raw,3,torso,0.15195108413696287,20
crop_free,all,raw,3,upper_body,0.7664891219139098,20
crop_free,all,raw,4,arms,1.0971163773536683,20
crop_free,all,raw,4,hands,0.11485674023628234,20
crop_free,all,raw,4,head,0.14318830490112305,20
crop_free,all,raw,4,legs,0.9445428204536437,20
crop_free,all,raw,4,lower_body,1.7839771890640257,20
crop_free,all,raw,4,torso,0.7309814238548279,20
crop_free,all,raw,4,upper_body,2.821697807312012,20
crop_free,all,raw,5,arms,0.4083759045600891,20
crop_free,all,raw,5,hands,0.0316163420677185,20
crop_free,all,raw,5,head,0.04356113910675049,20
crop_free,all,raw,5,legs,0.547971007823944,20
crop_free,all,raw,5,lower_body,1.14024733543396,20
crop_free,all,raw,5,torso,0.6493937397003174,20
crop_free,all,raw,5,upper_body,1.6756527948379518,20
crop_free,all,raw,6,arms,0.6677338576316834,20
crop_free,all,raw,6,hands,0.1303816270828247,20
crop_free,all,raw,6,head,0.07641258716583252,20
crop_free,all,raw,6,legs,0.029008705615997322,20
crop_free,all,raw,6,lower_body,0.2356505298614502,20
crop_free,all,raw,6,torso,0.4037171840667725,20
crop_free,all,raw,6,upper_body,2.224749369621277,20
crop_free,all,raw,7,arms,0.8776895880699158,20
crop_free,all,raw,7,hands,0.17281231641769407,20
crop_free,all,raw,7,head,0.12396605491638184,20
crop_free,all,raw,7,legs,1.3662918639183044,20
crop_free,all,raw,7,lower_body,1.7526531124114988,20
crop_free,all,raw,7,torso,1.2575097942352296,20
crop_free,all,raw,7,upper_body,2.762945227622986,20
crop_free,all,raw,8,arms,0.7486567854881286,20
crop_free,all,raw,8,hands,0.12158382415771485,20
crop_free,all,raw,8,head,0.09302348136901856,20
crop_free,all,raw,8,legs,0.9208512544631958,20
crop_free,all,raw,8,lower_body,1.728879189491272,20
crop_free,all,raw,8,torso,1.3974098110198976,20
crop_free,all,raw,8,upper_body,2.6640125381946564,20
crop_free,all,raw,9,arms,0.46215246319770814,20
crop_free,all,raw,9,hands,0.0785254979133606,20
crop_free,all,raw,9,head,-0.024013991355896,20
crop_free,all,raw,9,legs,-0.14125866889953612,20
crop_free,all,raw,9,lower_body,-0.1967187452316284,20
crop_free,all,raw,9,torso,0.6689986062049866,20
crop_free,all,raw,9,upper_body,0.20090597510337832,20
crop_free,all,raw,10,arms,-0.025811660289764414,20
crop_free,all,raw,10,hands,-0.107644305229187,20
crop_free,all,raw,10,head,0.06523838520050049,20
crop_free,all,raw,10,legs,-0.12394510507583618,20
crop_free,all,raw,10,lower_body,-0.2066104006767273,20
crop_free,all,raw,10,torso,0.43872134447097777,20
crop_free,all,raw,10,upper_body,0.922145322561264,20
crop_free,all,raw,11,arms,0.8362818169593812,20
crop_free,all,raw,11,hands,0.07718859672546385,20
crop_free,all,raw,11,head,0.13052953720092775,20
crop_free,all,raw,11,legs,0.3827902054786682,20
crop_free,all,raw,11,lower_body,0.7137050294876098,20
crop_free,all,raw,11,torso,0.8466444683074951,20
crop_free,all,raw,11,upper_body,1.030533264875412,20
crop_free,all,raw,12,arms,0.6395246267318726,20
crop_free,all,raw,12,hands,-0.04827400207519531,20
crop_free,all,raw,12,head,-0.018317198753356936,20
crop_free,all,raw,12,legs,0.2881016898155212,20
crop_free,all,raw,12,lower_body,0.6554879999160768,20
crop_free,all,raw,12,torso,1.0335944032669067,20
crop_free,all,raw,12,upper_body,2.5112476682662965,20
crop_free,all,raw,13,arms,0.25402194023132324,20
crop_free,all,raw,13,hands,0.003364837169647218,20
crop_free,all,raw,13,head,0.05609949111938477,20
crop_free,all,raw,13,legs,0.07837734699249269,20
crop_free,all,raw,13,lower_body,0.1721711778640747,20
crop_free,all,raw,13,torso,0.34900062084197997,20
crop_free,all,raw,13,upper_body,1.2211528825759888,20
crop_free,all,raw,14,arms,0.7139200603961944,20
crop_free,all,raw,14,hands,0.014405953884124753,20
crop_free,all,raw,14,head,0.033608651161193846,20
crop_free,all,raw,14,legs,0.9810579323768616,20
crop_free,all,raw,14,lower_body,1.6617629194259642,20
crop_free,all,raw,14,torso,1.0156563854217528,20
crop_free,all,raw,14,upper_body,2.711886124610901,20
crop_free,all,raw,15,arms,0.1694862926006317,20
crop_free,all,raw,15,hands,0.07186450839042664,20
crop_free,all,raw,15,head,0.006155636310577391,20
crop_free,all,raw,15,legs,0.2793997013568878,20
crop_free,all,raw,15,lower_body,0.732559551000595,20
crop_free,all,raw,15,torso,0.32324824810028074,20
crop_free,all,raw,15,upper_body,0.7559713363647461,20
crop_free,all,raw,16,arms,0.5497493016719818,20
crop_free,all,raw,16,hands,0.10634063243865968,20
crop_free,all,raw,16,head,0.02493640661239624,20
crop_free,all,raw,16,legs,0.8009316170215607,20
crop_free,all,raw,16,lower_body,2.0151702046394346,20
crop_free,all,raw,16,torso,0.754218590259552,20
crop_free,all,raw,16,upper_body,1.785217547416687,20
crop_free,all,raw,17,arms,1.290995433330536,20
crop_free,all,raw,17,hands,0.38153221130371096,20
crop_free,all,raw,17,head,0.08175942897796631,20
crop_free,all,raw,17,legs,0.21643322229385373,20
crop_free,all,raw,17,lower_body,0.5271868133544922,20
crop_free,all,raw,17,torso,1.1461799955368042,20
crop_free,all,raw,17,upper_body,2.8362836623191834,20
crop_free,all,raw,18,arms,1.384780523777008,20
crop_free,all,raw,18,hands,0.3473436403274536,20
crop_free,all,raw,18,head,0.003456721305847171,20
crop_free,all,raw,18,legs,0.6068552017211915,20
crop_free,all,raw,18,lower_body,1.1529828453063966,20
crop_free,all,raw,18,torso,1.3562651014328002,20
crop_free,all,raw,18,upper_body,2.993507626056671,20
crop_free,all,raw,19,arms,0.7758292746543883,20
crop_free,all,raw,19,hands,0.08678833961486818,20
crop_free,all,raw,19,head,0.10986207008361817,20
crop_free,all,raw,19,legs,0.7833172845840454,20
crop_free,all,raw,19,lower_body,1.3456318426132203,20
crop_free,all,raw,19,torso,0.8406474399566651,20
crop_free,all,raw,19,upper_body,1.5925074410438538,20
crop_free,all,raw,20,arms,0.7693528747558595,20
crop_free,all,raw,20,hands,0.17710901260375975,20
crop_free,all,raw,20,head,0.030280652046203605,20
crop_free,all,raw,20,legs,0.7052565360069275,20
crop_free,all,raw,20,lower_body,1.3721222400665283,20
crop_free,all,raw,20,torso,0.6827850723266601,20
crop_free,all,raw,20,upper_body,3.0844450092315676,20
crop_free,all,raw,21,arms,0.45380755186080934,20
crop_free,all,raw,21,hands,0.0785248589515686,20
crop_free,all,raw,21,head,-0.01670217514038086,20
crop_free,all,raw,21,legs,0.13990069270133973,20
crop_free,all,raw,21,lower_body,0.15042538166046143,20
crop_free,all,raw,21,torso,0.42101014137268067,20
crop_free,all,raw,21,upper_body,2.007839391231537,20
crop_free,all,raw,22,arms,1.4414367353916169,20
crop_free,all,raw,22,hands,0.29099115133285525,20
crop_free,all,raw,22,head,0.04830905437469482,20
crop_free,all,raw,22,legs,0.2674040365219116,20
crop_free,all,raw,22,lower_body,0.6069801902770996,20
crop_free,all,raw,22,torso,0.3612218952178955,20
crop_free,all,raw,22,upper_body,2.3580644285678862,20
crop_free,all,raw,23,arms,0.23350752592086793,20
crop_free,all,raw,23,hands,0.0120550799369812,20
crop_free,all,raw,23,head,0.050884075164794915,20
crop_free,all,raw,23,legs,0.18216065406799317,20
crop_free,all,raw,23,lower_body,0.6705120992660523,20
crop_free,all,raw,23,torso,0.25294652938842777,20
crop_free,all,raw,23,upper_body,1.3337549924850465,20
crop_free,all,raw,24,arms,0.23623182773590087,20
crop_free,all,raw,24,hands,0.015910056829452516,20
crop_free,all,raw,24,head,0.012723906040191645,20
crop_free,all,raw,24,legs,-0.017911076545715325,20
crop_free,all,raw,24,lower_body,0.30165173768997194,20
crop_free,all,raw,24,torso,0.6013294410705566,20
crop_free,all,raw,24,upper_body,0.8286861276626587,20
crop_free,all,raw,25,arms,0.062031567096710205,20
crop_free,all,raw,25,hands,0.012191927433013916,20
crop_free,all,raw,25,head,0.0402574872970581,20
crop_free,all,raw,25,legs,0.45394609451293944,20
crop_free,all,raw,25,lower_body,1.173076832294464,20
crop_free,all,raw,25,torso,0.26313534736633304,20
crop_free,all,raw,25,upper_body,0.9961926794052124,20
crop_free,all,raw,26,arms,0.3026134920120239,20
crop_free,all,raw,26,hands,0.038369693756103516,20
crop_free,all,raw,26,head,0.1516767692565918,20
crop_free,all,raw,26,legs,0.49973468303680424,20
crop_free,all,raw,26,lower_body,1.027942361831665,20
crop_free,all,raw,26,torso,0.7831207466125488,20
crop_free,all,raw,26,upper_body,2.0674635696411134,20
crop_free,all,raw,27,arms,1.7888527286052702,20
crop_free,all,raw,27,hands,0.4072572660446167,20
crop_free,all,raw,27,head,0.2895256185531616,20
crop_free,all,raw,27,legs,0.16188626527786254,20
crop_free,all,raw,27,lower_body,0.42902259111404417,20
crop_free,all,raw,27,torso,1.958280999660492,20
crop_free,all,raw,27,upper_body,3.8172053396701813,20
crop_free,all,raw,28,arms,1.61688214302063,20
crop_free,all,raw,28,hands,0.35750263690948486,20
crop_free,all,raw,28,head,0.21847884654998778,20
crop_free,all,raw,28,legs,0.009978531599044807,20
crop_free,all,raw,28,lower_body,0.12416789770126344,20
crop_free,all,raw,28,torso,0.9136368131637573,20
crop_free,all,raw,28,upper_body,2.192295135259628,20
crop_free,all,raw,29,arms,1.1179528677463533,20
crop_free,all,raw,29,hands,0.2429834830760956,20
crop_free,all,raw,29,head,-0.012707901000976565,20
crop_free,all,raw,29,legs,0.6240540337562561,20
crop_free,all,raw,29,lower_body,1.1836528325080873,20
crop_free,all,raw,29,torso,1.0652498757839202,20
crop_free,all,raw,29,upper_body,2.1370664274692537,20
crop_free,all,raw,30,arms,0.6503310251235962,20
crop_free,all,raw,30,hands,0.274022958278656,20
crop_free,all,raw,30,head,0.08544319629669189,20
crop_free,all,raw,30,legs,-0.03390931367874146,20
crop_free,all,raw,30,lower_body,-0.051401762962341294,20
crop_free,all,raw,30,torso,0.005773875713348392,20
crop_free,all,raw,30,upper_body,1.4300098037719726,20
crop_free,all,raw,31,arms,0.7459198641777038,20
crop_free,all,raw,31,hands,0.0010837602615356573,20
crop_free,all,raw,31,head,0.06585341930389403,20
crop_free,all,raw,31,legs,0.09712584972381592,20
crop_free,all,raw,31,lower_body,0.21996429681777957,20
crop_free,all,raw,31,torso,0.396060471534729,20
crop_free,all,raw,31,upper_body,1.7957948851585388,20
crop_free,all,raw,32,arms,1.0156366443634033,20
crop_free,all,raw,32,hands,0.22638422012329099,20
crop_free,all,raw,32,head,0.12092740058898925,20
crop_free,all,raw,32,legs,0.4258434975147248,20
crop_free,all,raw,32,lower_body,0.8497732472419738,20
crop_free,all,raw,32,torso,1.3030588579177858,20
crop_free,all,raw,32,upper_body,2.684209467768669,20
crop_free,all,raw,33,arms,0.8399357807636261,20
crop_free,all,raw,33,hands,0.06777002096176148,20
crop_free,all,raw,33,head,0.01036678314208984,20
crop_free,all,raw,33,legs,0.3973178267478943,20
crop_free,all,raw,33,lower_body,0.7680295181274415,20
crop_free,all,raw,33,torso,0.5725181388854981,20
crop_free,all,raw,33,upper_body,1.1301071739196777,20
crop_free,all,raw,34,arms,0.4653227746486664,20
crop_free,all,raw,34,hands,0.08527911543846131,20
crop_free,all,raw,34,head,0.14687573432922363,20
crop_free,all,raw,34,legs,1.1059026849269866,20
crop_free,all,raw,34,lower_body,1.5748753595352174,20
crop_free,all,raw,34,torso,0.7431667971611022,20
crop_free,all,raw,34,upper_body,1.507937867641449,20
crop_free,all,raw,35,arms,0.3117762398719788,20
crop_free,all,raw,35,hands,0.07776304483413696,20
crop_free,all,raw,35,head,0.268184700012207,20
crop_free,all,raw,35,legs,0.3153593182563782,20
crop_free,all,raw,35,lower_body,0.7070542526245117,20
crop_free,all,raw,35,torso,1.2984253311157228,20
crop_free,all,raw,35,upper_body,2.4764029282331466,20
crop_free,all,raw,36,arms,0.5422231268882751,20
crop_free,all,raw,36,hands,0.023092658519744874,20
crop_free,all,raw,36,head,0.03259656906127929,20
crop_free,all,raw,36,legs,0.46194263935089114,20
crop_free,all,raw,36,lower_body,0.9315217781066896,20
crop_free,all,raw,36,torso,1.05392724275589,20
crop_free,all,raw,36,upper_body,1.9546619617938994,20
crop_free,all,raw,37,arms,0.8430353534221651,20
crop_free,all,raw,37,hands,0.24912771701812747,20
crop_free,all,raw,37,head,0.05518177509307861,20
crop_free,all,raw,37,legs,0.3147916460037231,20
crop_free,all,raw,37,lower_body,0.7646307015419006,20
crop_free,all,raw,37,torso,0.3700304317474365,20
crop_free,all,raw,37,upper_body,2.103771240711212,20
crop_free,all,raw,38,arms,1.5310360944271086,20
crop_free,all,raw,38,hands,0.44667326450347905,20
crop_free,all,raw,38,head,0.15623863220214845,20
crop_free,all,raw,38,legs,0.22237336516380313,20
crop_free,all,raw,38,lower_body,0.4806241798400879,20
crop_free,all,raw,38,torso,1.4308918571472167,20
crop_free,all,raw,38,upper_body,3.0749268460273744,20
crop_free,all,raw,39,arms,0.7734705209732056,20
crop_free,all,raw,39,hands,0.21793843269348145,20
crop_free,all,raw,39,head,-0.005482411384582521,20
crop_free,all,raw,39,legs,0.3849075531959534,20
crop_free,all,raw,39,lower_body,0.5717977333068848,20
crop_free,all,raw,39,torso,1.3980983185768128,20
crop_free,all,raw,39,upper_body,1.4473022985458373,20
crop_free,all,raw,40,arms,0.7641315984725952,20
crop_free,all,raw,40,hands,0.18614485502243042,20
crop_free,all,raw,40,head,0.21742730617523193,20
crop_free,all,raw,40,legs,0.14768112659454347,20
crop_free,all,raw,40,lower_body,0.2861442470550537,20
crop_free,all,raw,40,torso,1.0619604635238649,20
crop_free,all,raw,40,upper_body,1.950846050977707,20
crop_free,all,raw,41,arms,-0.08330322980880737,20
crop_free,all,raw,41,hands,0.0016055226325988766,20
crop_free,all,raw,41,head,0.04335976123809814,20
crop_free,all,raw,41,legs,0.012125424146652224,20
crop_free,all,raw,41,lower_body,0.024318828582763685,20
crop_free,all,raw,41,torso,0.09764594554901122,20
crop_free,all,raw,41,upper_body,0.5802653455734254,20
crop_free,all,raw,42,arms,0.42395275115966796,20
crop_free,all,raw,42,hands,0.03307462215423584,20
crop_free,all,raw,42,head,0.030417561531066895,20
crop_free,all,raw,42,legs,0.5095247411727906,20
crop_free,all,raw,42,lower_body,0.8134305047988892,20
crop_free,all,raw,42,torso,0.42348750114440914,20
crop_free,all,raw,42,upper_body,1.9168359565734865,20
crop_free,all,raw,43,arms,0.7948366034030914,20
crop_free,all,raw,43,hands,0.3052175033092499,20
crop_free,all,raw,43,head,-0.040697240829467775,20
crop_free,all,raw,43,legs,0.03146032810211183,20
crop_free,all,raw,43,lower_body,0.009829154014587393,20
crop_free,all,raw,43,torso,0.4972817850112915,20
crop_free,all,raw,43,upper_body,1.8164549338817597,20
crop_free,all,raw,44,arms,1.351561348438263,20
crop_free,all,raw,44,hands,0.17547999382019044,20
crop_free,all,raw,44,head,0.1409464120864868,20
crop_free,all,raw,44,legs,0.5037877488136291,20
crop_free,all,raw,44,lower_body,1.0524407529830933,20
crop_free,all,raw,44,torso,1.681752574443817,20
crop_free,all,raw,44,upper_body,2.538197433948517,20
crop_free,all,raw,45,arms,0.1815574300289154,20
crop_free,all,raw,45,hands,-0.10588980436325073,20
crop_free,all,raw,45,head,0.051131701469421385,20
crop_free,all,raw,45,legs,0.10372235536575318,20
crop_free,all,raw,45,lower_body,0.2886286020278931,20
crop_free,all,raw,45,torso,0.604787311553955,20
crop_free,all,raw,45,upper_body,1.2580982398986815,20
crop_free,all,raw,46,arms,1.2146482634544373,20
crop_free,all,raw,46,hands,0.2733051085472107,20
crop_free,all,raw,46,head,0.21094521045684816,20
crop_free,all,raw,46,legs,0.3672381949424744,20
crop_free,all,raw,46,lower_body,0.8230155658721923,20
crop_free,all,raw,46,torso,0.471685037612915,20
crop_free,all,raw,46,upper_body,2.5158757627010346,20
crop_free,all,raw,47,arms,0.5269768071174622,20
crop_free,all,raw,47,hands,0.03992332220077515,20
crop_free,all,raw,47,head,-0.022163004875183107,20
crop_free,all,raw,47,legs,-0.10612628221511837,20
crop_free,all,raw,47,lower_body,-0.23111113548278808,20
crop_free,all,raw,47,torso,1.2907764887809754,20
crop_free,all,raw,47,upper_body,1.9560973954200744,20
crop_free,all,raw,48,arms,0.2011489915847778,20
crop_free,all,raw,48,hands,0.043611912727355956,20
crop_free,all,raw,48,head,-0.0011936616897583018,20
crop_free,all,raw,48,legs,0.28995223522186275,20
crop_free,all,raw,48,lower_body,0.6144740343093872,20
crop_free,all,raw,48,torso,0.6198085260391235,20
crop_free,all,raw,48,upper_body,1.0150605487823487,20
crop_free,all,raw,49,arms,0.23181257724761967,20
crop_free,all,raw,49,hands,0.0218729567527771,20
crop_free,all,raw,49,head,0.07461932182312012,20
crop_free,all,raw,49,legs,0.05785835742950439,20
crop_free,all,raw,49,lower_body,0.07455543041229248,20
crop_free,all,raw,49,torso,0.18359676361083982,20
crop_free,all,raw,49,upper_body,0.631105718612671,20
crop_free,all,raw,50,arms,0.2075340175628662,20
crop_free,all,raw,50,hands,-0.008580377101898193,20
crop_free,all,raw,50,head,0.0453900957107544,20
crop_free,all,raw,50,legs,0.024732997417449953,20
crop_free,all,raw,50,lower_body,0.14814807415008546,20
crop_free,all,raw,50,torso,0.37205545902252196,20
crop_free,all,raw,50,upper_body,0.9003004050254821,20
crop_free,all,raw,51,arms,0.5619603216648101,20
crop_free,all,raw,51,hands,0.029075918197631834,20
crop_free,all,raw,51,head,0.08717139720916747,20
crop_free,all,raw,51,legs,0.06654282569885255,20
crop_free,all,raw,51,lower_body,0.07397403717041015,20
crop_free,all,raw,51,torso,0.476138482093811,20
crop_free,all,raw,51,upper_body,1.417040967941284,20
crop_free,all,raw,52,arms,0.2687171769142151,20
crop_free,all,raw,52,hands,0.09649514436721802,20
crop_free,all,raw,52,head,-0.006141972541809081,20
crop_free,all,raw,52,legs,-0.17878774166107178,20
crop_free,all,raw,52,lower_body,-0.08354894161224365,20
crop_free,all,raw,52,torso,0.2601651954650879,20
crop_free,all,raw,52,upper_body,1.1734359526634217,20
crop_free,all,raw,53,arms,0.5659479403495788,20
crop_free,all,raw,53,hands,0.13558666706085204,20
crop_free,all,raw,53,head,0.01892073631286621,20
crop_free,all,raw,53,legs,0.049223098754882816,20
crop_free,all,raw,53,lower_body,0.04496984481811524,20
crop_free,all,raw,53,torso,0.29007587432861326,20
crop_free,all,raw,53,upper_body,1.521071697473526,20
crop_free,all,raw,54,arms,0.46866437435150143,20
crop_free,all,raw,54,hands,0.010769345760345455,20
crop_free,all,raw,54,head,0.05045630931854248,20
crop_free,all,raw,54,legs,0.008129115104675299,20
crop_free,all,raw,54,lower_body,0.05665608406066895,20
crop_free,all,raw,54,torso,1.0904027891159056,20
crop_free,all,raw,54,upper_body,2.0131684398651126,20
crop_free,all,raw,55,arms,0.3512720739841461,20
crop_free,all,raw,55,hands,-0.07593614101409912,20
crop_free,all,raw,55,head,0.009731240272521974,20
crop_free,all,raw,55,legs,0.18738432884216308,20
crop_free,all,raw,55,lower_body,0.24983964443206785,20
crop_free,all,raw,55,torso,0.38867612361907955,20
crop_free,all,raw,55,upper_body,1.4010563135147094,20
crop_free,all,raw,56,arms,0.2661110305786133,20
crop_free,all,raw,56,hands,0.04326384782791137,20
crop_free,all,raw,56,head,-0.015550436973571774,20
crop_free,all,raw,56,legs,0.054646685123443596,20
crop_free,all,raw,56,lower_body,0.2542987108230591,20
crop_free,all,raw,56,torso,0.19066678047180177,20
crop_free,all,raw,56,upper_body,0.6878748607635499,20
crop_free,all,raw,57,arms,0.7600949382781982,20
crop_free,all,raw,57,hands,0.004429919719696041,20
crop_free,all,raw,57,head,0.03947926044464111,20
crop_free,all,raw,57,legs,0.08351730346679687,20
crop_free,all,raw,57,lower_body,0.17213874578475952,20
crop_free,all,raw,57,torso,0.41544191360473637,20
crop_free,all,raw,57,upper_body,1.5113277077674865,20
crop_free,all,raw,58,arms,0.1519803190231323,20
crop_free,all,raw,58,hands,0.024732561111450196,20
crop_free,all,raw,58,head,0.02612556934356689,20
crop_free,all,raw,58,legs,0.28299562454223637,20
crop_free,all,raw,58,lower_body,0.7773802089691163,20
crop_free,all,raw,58,torso,0.20883761882781982,20
crop_free,all,raw,58,upper_body,0.9142358970642089,20
crop_free,all,raw,59,arms,0.09504841804504395,20
crop_free,all,raw,59,hands,0.014746294021606442,20
crop_free,all,raw,59,head,0.06097783088684082,20
crop_free,all,raw,59,legs,-0.06082255363464355,20
crop_free,all,raw,59,lower_body,0.019574193954467755,20
crop_free,all,raw,59,torso,0.37989914894104004,20
crop_free,all,raw,59,upper_body,0.7092902755737305,20
crop_free,clean_correct,area_adjusted_lift,0,arms,0.1580924742220898,12
crop_free,clean_correct,area_adjusted_lift,0,hands,-0.3331042872573298,12
crop_free,clean_correct,area_adjusted_lift,0,head,0.7416065791675147,12
crop_free,clean_correct,area_adjusted_lift,0,legs,0.1377282424065283,12
crop_free,clean_correct,area_adjusted_lift,0,torso,-0.3111929226358631,12
crop_free,clean_correct,area_adjusted_lift,1,arms,0.3644508233774258,11
crop_free,clean_correct,area_adjusted_lift,1,hands,0.09426967156948268,11
crop_free,clean_correct,area_adjusted_lift,1,head,2.8686648378013193,11
crop_free,clean_correct,area_adjusted_lift,1,legs,-0.9516447752284308,11
crop_free,clean_correct,area_adjusted_lift,1,torso,1.4289942496424963,11
crop_free,clean_correct,area_adjusted_lift,2,arms,-0.045173505905208175,14
crop_free,clean_correct,area_adjusted_lift,2,hands,1.0009418923298539,14
crop_free,clean_correct,area_adjusted_lift,2,head,1.9013980644694268,14
crop_free,clean_correct,area_adjusted_lift,2,legs,-0.8553180220354737,14
crop_free,clean_correct,area_adjusted_lift,2,torso,-0.7089548944385742,14
crop_free,clean_correct,area_adjusted_lift,3,arms,0.044153790293265376,14
crop_free,clean_correct,area_adjusted_lift,3,hands,0.10218464975070506,14
crop_free,clean_correct,area_adjusted_lift,3,head,0.4100440343159529,14
crop_free,clean_correct,area_adjusted_lift,3,legs,-0.8399855854925363,14
crop_free,clean_correct,area_adjusted_lift,3,torso,-1.0218904354558012,14
crop_free,clean_correct,area_adjusted_lift,4,arms,0.7546344662822492,18
crop_free,clean_correct,area_adjusted_lift,4,hands,-0.20869352121761553,18
crop_free,clean_correct,area_adjusted_lift,4,head,0.18115439734588876,18
crop_free,clean_correct,area_adjusted_lift,4,legs,2.035129689531541,18
crop_free,clean_correct,area_adjusted_lift,4,torso,-0.1896866980225932,18
crop_free,clean_correct,area_adjusted_lift,5,arms,-0.4957959006054666,18
crop_free,clean_correct,area_adjusted_lift,5,hands,-0.8637013975518372,18
crop_free,clean_correct,area_adjusted_lift,5,head,-1.1420575806892288,18
crop_free,clean_correct,area_adjusted_lift,5,legs,0.9307244550226667,18
crop_free,clean_correct,area_adjusted_lift,5,torso,-0.28733562717532296,18
crop_free,clean_correct,area_adjusted_lift,6,arms,-0.2027265160032277,20
crop_free,clean_correct,area_adjusted_lift,6,hands,-0.31279741538812517,20
crop_free,clean_correct,area_adjusted_lift,6,head,-0.5346409798994597,20
crop_free,clean_correct,area_adjusted_lift,6,legs,-1.06938581280613,20
crop_free,clean_correct,area_adjusted_lift,6,torso,-1.0538085128632508,20
crop_free,clean_correct,area_adjusted_lift,7,arms,0.45824018009933803,18
crop_free,clean_correct,area_adjusted_lift,7,hands,0.38498067959667115,18
crop_free,clean_correct,area_adjusted_lift,7,head,0.30066701039853266,18
crop_free,clean_correct,area_adjusted_lift,7,legs,3.0423635166640914,18
crop_free,clean_correct,area_adjusted_lift,7,torso,1.0034611880340634,18
crop_free,clean_correct,area_adjusted_lift,8,arms,0.0827412261025434,19
crop_free,clean_correct,area_adjusted_lift,8,hands,-0.03288523578923459,19
crop_free,clean_correct,area_adjusted_lift,8,head,0.31363684902429007,19
crop_free,clean_correct,area_adjusted_lift,8,legs,1.5558726540399,19
crop_free,clean_correct,area_adjusted_lift,8,torso,1.0833910678842178,19
crop_free,clean_correct,area_adjusted_lift,9,arms,1.3054715266668118,5
crop_free,clean_correct,area_adjusted_lift,9,hands,0.8805126393959345,5
crop_free,clean_correct,area_adjusted_lift,9,head,-0.3124895980679642,5
crop_free,clean_correct,area_adjusted_lift,9,legs,-0.7664630769467801,5
crop_free,clean_correct,area_adjusted_lift,9,torso,0.7989973903645555,5
crop_free,clean_correct,area_adjusted_lift,10,arms,-0.5044758887942602,8
crop_free,clean_correct,area_adjusted_lift,10,hands,-0.7660637707684665,8
crop_free,clean_correct,area_adjusted_lift,10,head,-0.5754367941041034,8
crop_free,clean_correct,area_adjusted_lift,10,legs,-1.1564036945052014,8
crop_free,clean_correct,area_adjusted_lift,10,torso,0.08630041460655652,8
crop_free,clean_correct,area_adjusted_lift,11,arms,1.0555485206296071,9
crop_free,clean_correct,area_adjusted_lift,11,hands,1.055138251547683,9
crop_free,clean_correct,area_adjusted_lift,11,head,1.1988958126400924,9
crop_free,clean_correct,area_adjusted_lift,11,legs,0.7945397768585439,9
crop_free,clean_correct,area_adjusted_lift,11,torso,0.881385271406761,9
crop_free,clean_correct,area_adjusted_lift,12,arms,0.5306132595218339,16
crop_free,clean_correct,area_adjusted_lift,12,hands,-0.24011191574860152,15
crop_free,clean_correct,area_adjusted_lift,12,head,-0.041546057896813295,16
crop_free,clean_correct,area_adjusted_lift,12,legs,0.024715284236806977,16
crop_free,clean_correct,area_adjusted_lift,12,torso,1.026087702917728,16
crop_free,clean_correct,area_adjusted_lift,13,arms,-0.9437732274969753,18
crop_free,clean_correct,area_adjusted_lift,13,hands,-1.0886280531899377,18
crop_free,clean_correct,area_adjusted_lift,13,head,-0.47936100950182037,18
crop_free,clean_correct,area_adjusted_lift,13,legs,-0.37035140770390645,18
crop_free,clean_correct,area_adjusted_lift,13,torso,-0.9498060270702912,18
crop_free,clean_correct,area_adjusted_lift,14,arms,-0.10351433834182754,20
crop_free,clean_correct,area_adjusted_lift,14,hands,-0.8955056577643359,20
crop_free,clean_correct,area_adjusted_lift,14,head,-0.764453231552043,20
crop_free,clean_correct,area_adjusted_lift,14,legs,1.8921143317610782,20
crop_free,clean_correct,area_adjusted_lift,14,torso,0.35779487159906226,20
crop_free,clean_correct,area_adjusted_lift,15,arms,-1.1818906291586484,15
crop_free,clean_correct,area_adjusted_lift,15,hands,-0.37297644194672247,15
crop_free,clean_correct,area_adjusted_lift,15,head,-1.124303212989347,15
crop_free,clean_correct,area_adjusted_lift,15,legs,0.19420829886297633,15
crop_free,clean_correct,area_adjusted_lift,15,torso,-0.8579926693216943,15
crop_free,clean_correct,area_adjusted_lift,16,arms,-0.12362891967438883,15
crop_free,clean_correct,area_adjusted_lift,16,hands,-0.07958481304653305,15
crop_free,clean_correct,area_adjusted_lift,16,head,-1.1363268891093952,15
crop_free,clean_correct,area_adjusted_lift,16,legs,1.5144008498208352,15
crop_free,clean_correct,area_adjusted_lift,16,torso,0.3833889001073978,15
crop_free,clean_correct,area_adjusted_lift,17,arms,1.7404451666858491,13
crop_free,clean_correct,area_adjusted_lift,17,hands,1.814664396364721,13
crop_free,clean_correct,area_adjusted_lift,17,head,0.6742339170559276,13
crop_free,clean_correct,area_adjusted_lift,17,legs,-0.09909363537715221,13
crop_free,clean_correct,area_adjusted_lift,17,torso,1.102438639736558,13
crop_free,clean_correct,area_adjusted_lift,18,arms,1.5654226873570576,16
crop_free,clean_correct,area_adjusted_lift,18,hands,2.0492752941803265,16
crop_free,clean_correct,area_adjusted_lift,18,head,-0.2609705030318849,16
crop_free,clean_correct,area_adjusted_lift,18,legs,0.8185960793004522,16
crop_free,clean_correct,area_adjusted_lift,18,torso,1.4285854505021944,16
crop_free,clean_correct,area_adjusted_lift,19,arms,0.3743883105200249,17
crop_free,clean_correct,area_adjusted_lift,19,hands,-0.2195482521199569,17
crop_free,clean_correct,area_adjusted_lift,19,head,-0.06919693138367702,17
crop_free,clean_correct,area_adjusted_lift,19,legs,1.3837767698354366,17
crop_free,clean_correct,area_adjusted_lift,19,torso,0.020150441870346755,17
crop_free,clean_correct,area_adjusted_lift,20,arms,-0.08178575167856568,20
crop_free,clean_correct,area_adjusted_lift,20,hands,0.14025838904255153,20
crop_free,clean_correct,area_adjusted_lift,20,head,-0.11155132150332897,20
crop_free,clean_correct,area_adjusted_lift,20,legs,0.9216591234319625,20
crop_free,clean_correct,area_adjusted_lift,20,torso,-0.39231382940175524,20
crop_free,clean_correct,area_adjusted_lift,21,arms,0.014836457129110091,17
crop_free,clean_correct,area_adjusted_lift,21,hands,0.11419737552868715,17
crop_free,clean_correct,area_adjusted_lift,21,head,-0.5745995678929524,17
crop_free,clean_correct,area_adjusted_lift,21,legs,-0.005260455027815444,17
crop_free,clean_correct,area_adjusted_lift,21,torso,-0.38294670531927494,17
crop_free,clean_correct,area_adjusted_lift,22,arms,1.2215000078827052,18
crop_free,clean_correct,area_adjusted_lift,22,hands,0.9133811833136576,18
crop_free,clean_correct,area_adjusted_lift,22,head,0.37665291866540407,18
crop_free,clean_correct,area_adjusted_lift,22,legs,0.2998880550555116,18
crop_free,clean_correct,area_adjusted_lift,22,torso,-0.5838476283247541,18
crop_free,clean_correct,area_adjusted_lift,23,arms,-1.2896561247935723,18
crop_free,clean_correct,area_adjusted_lift,23,hands,-1.305220949447643,18
crop_free,clean_correct,area_adjusted_lift,23,head,-1.7004201193094235,18
crop_free,clean_correct,area_adjusted_lift,23,legs,-0.5391334406107954,18
crop_free,clean_correct,area_adjusted_lift,23,torso,-1.5682400147059763,18
crop_free,clean_correct,area_adjusted_lift,24,arms,-0.537416040995255,11
crop_free,clean_correct,area_adjusted_lift,24,hands,-0.6241017757460887,11
crop_free,clean_correct,area_adjusted_lift,24,head,0.004145968340460859,11
crop_free,clean_correct,area_adjusted_lift,24,legs,-0.3288763091385137,11
crop_free,clean_correct,area_adjusted_lift,24,torso,0.5936478177957204,11
crop_free,clean_correct,area_adjusted_lift,25,arms,-1.5131107444956646,19
crop_free,clean_correct,area_adjusted_lift,25,hands,-0.8638788627141438,19
crop_free,clean_correct,area_adjusted_lift,25,head,-0.7172876424499344,19
crop_free,clean_correct,area_adjusted_lift,25,legs,0.39893014167963686,19
crop_free,clean_correct,area_adjusted_lift,25,torso,-1.3693750532944704,19
crop_free,clean_correct,area_adjusted_lift,26,arms,-1.0332750596952727,20
crop_free,clean_correct,area_adjusted_lift,26,hands,-0.9870977436000963,20
crop_free,clean_correct,area_adjusted_lift,26,head,0.5081391418549525,20
crop_free,clean_correct,area_adjusted_lift,26,legs,0.4299067701772395,20
crop_free,clean_correct,area_adjusted_lift,26,torso,-0.09363591196962753,20
crop_free,clean_correct,area_adjusted_lift,27,arms,2.1426087864930947,17
crop_free,clean_correct,area_adjusted_lift,27,hands,1.886127351437555,17
crop_free,clean_correct,area_adjusted_lift,27,head,2.3803101959414006,17
crop_free,clean_correct,area_adjusted_lift,27,legs,-0.3932370696221714,17
crop_free,clean_correct,area_adjusted_lift,27,torso,1.9782951988250412,17
crop_free,clean_correct,area_adjusted_lift,28,arms,2.238089131877967,10
crop_free,clean_correct,area_adjusted_lift,28,hands,1.9662976526706941,10
crop_free,clean_correct,area_adjusted_lift,28,head,1.8832147627275875,10
crop_free,clean_correct,area_adjusted_lift,28,legs,-0.256136407963794,10
crop_free,clean_correct,area_adjusted_lift,28,torso,1.415558781854777,10
crop_free,clean_correct,area_adjusted_lift,29,arms,0.7172532565684213,19
crop_free,clean_correct,area_adjusted_lift,29,hands,1.49407292500172,19
crop_free,clean_correct,area_adjusted_lift,29,head,-0.49947117841559663,18
crop_free,clean_correct,area_adjusted_lift,29,legs,0.9276494512425488,19
crop_free,clean_correct,area_adjusted_lift,29,torso,0.6161830069698504,19
crop_free,clean_correct,area_adjusted_lift,30,arms,0.025369324240448098,14
crop_free,clean_correct,area_adjusted_lift,30,hands,1.2095854588126396,14
crop_free,clean_correct,area_adjusted_lift,30,head,0.2534509461517627,14
crop_free,clean_correct,area_adjusted_lift,30,legs,-0.8709950422020359,14
crop_free,clean_correct,area_adjusted_lift,30,torso,-1.56207720149578,14
crop_free,clean_correct,area_adjusted_lift,31,arms,0.43726962630232746,13
crop_free,clean_correct,area_adjusted_lift,31,hands,0.08299922816589186,13
crop_free,clean_correct,area_adjusted_lift,31,head,0.09253178171963052,13
crop_free,clean_correct,area_adjusted_lift,31,legs,-0.07008399794239163,13
crop_free,clean_correct,area_adjusted_lift,31,torso,0.005257410772954833,13
crop_free,clean_correct,area_adjusted_lift,32,arms,1.1935287915042334,15
crop_free,clean_correct,area_adjusted_lift,32,hands,1.031013176550559,15
crop_free,clean_correct,area_adjusted_lift,32,head,0.6832324960136734,15
crop_free,clean_correct,area_adjusted_lift,32,legs,0.5767995401856899,15
crop_free,clean_correct,area_adjusted_lift,32,torso,1.2916808019524646,15
crop_free,clean_correct,area_adjusted_lift,33,arms,1.1919238992561731,9
crop_free,clean_correct,area_adjusted_lift,33,hands,0.7965629641039201,9
crop_free,clean_correct,area_adjusted_lift,33,head,0.5350959848435939,9
crop_free,clean_correct,area_adjusted_lift,33,legs,0.3119872000447657,9
crop_free,clean_correct,area_adjusted_lift,33,torso,0.8216929838567166,9
crop_free,clean_correct,area_adjusted_lift,34,arms,-0.7087444668891942,18
crop_free,clean_correct,area_adjusted_lift,34,hands,-0.5497375086418452,18
crop_free,clean_correct,area_adjusted_lift,34,head,0.4248400142108718,18
crop_free,clean_correct,area_adjusted_lift,34,legs,2.709481787083205,18
crop_free,clean_correct,area_adjusted_lift,34,torso,-0.10307415232077789,18
crop_free,clean_correct,area_adjusted_lift,35,arms,-0.8690911583211386,20
crop_free,clean_correct,area_adjusted_lift,35,hands,-0.3139115329287333,20
crop_free,clean_correct,area_adjusted_lift,35,head,2.399343712721871,20
crop_free,clean_correct,area_adjusted_lift,35,legs,0.09544283784578891,20
crop_free,clean_correct,area_adjusted_lift,35,torso,0.9910160408148091,20
crop_free,clean_correct,area_adjusted_lift,36,arms,-0.1947541662094526,18
crop_free,clean_correct,area_adjusted_lift,36,hands,-0.43309647609983615,18
crop_free,clean_correct,area_adjusted_lift,36,head,0.15809894223469467,18
crop_free,clean_correct,area_adjusted_lift,36,legs,0.5796985784367704,18
crop_free,clean_correct,area_adjusted_lift,36,torso,0.6101610660996871,18
crop_free,clean_correct,area_adjusted_lift,37,arms,0.2883815626356881,18
crop_free,clean_correct,area_adjusted_lift,37,hands,0.6389504231446786,18
crop_free,clean_correct,area_adjusted_lift,37,head,-0.11754432587835158,18
crop_free,clean_correct,area_adjusted_lift,37,legs,0.32861315929182816,18
crop_free,clean_correct,area_adjusted_lift,37,torso,-0.688422508333364,18
crop_free,clean_correct,area_adjusted_lift,38,arms,2.3938311250629742,14
crop_free,clean_correct,area_adjusted_lift,38,hands,3.0540109875788723,14
crop_free,clean_correct,area_adjusted_lift,38,head,1.1765622323533589,14
crop_free,clean_correct,area_adjusted_lift,38,legs,-0.2575947200518566,14
crop_free,clean_correct,area_adjusted_lift,38,torso,2.004140825946877,14
crop_free,clean_correct,area_adjusted_lift,39,arms,0.5531424544782972,17
crop_free,clean_correct,area_adjusted_lift,39,hands,0.8125111582087531,17
crop_free,clean_correct,area_adjusted_lift,39,head,-0.1655750372044854,16
crop_free,clean_correct,area_adjusted_lift,39,legs,0.14619304727219154,17
crop_free,clean_correct,area_adjusted_lift,39,torso,1.327946689446008,17
crop_free,clean_correct,area_adjusted_lift,40,arms,0.05960140884610635,14
crop_free,clean_correct,area_adjusted_lift,40,hands,-0.15458562543343887,14
crop_free,clean_correct,area_adjusted_lift,40,head,1.4353618617460315,14
crop_free,clean_correct,area_adjusted_lift,40,legs,-0.4716562890608598,14
crop_free,clean_correct,area_adjusted_lift,40,torso,0.8599891814381543,14
crop_free,clean_correct,area_adjusted_lift,41,arms,-1.8857224429724517,17
crop_free,clean_correct,area_adjusted_lift,41,hands,-1.1715045483776854,17
crop_free,clean_correct,area_adjusted_lift,41,head,-1.2786986408742522,17
crop_free,clean_correct,area_adjusted_lift,41,legs,-1.1247762123970768,17
crop_free,clean_correct,area_adjusted_lift,41,torso,-1.7413878880942062,17
crop_free,clean_correct,area_adjusted_lift,42,arms,-0.7715382584361407,20
crop_free,clean_correct,area_adjusted_lift,42,hands,-1.1238050981885175,20
crop_free,clean_correct,area_adjusted_lift,42,head,-1.296372535271785,20
crop_free,clean_correct,area_adjusted_lift,42,legs,0.4113998824909204,20
crop_free,clean_correct,area_adjusted_lift,42,torso,-1.0637587859298463,20
crop_free,clean_correct,area_adjusted_lift,43,arms,0.2668402461268201,14
crop_free,clean_correct,area_adjusted_lift,43,hands,1.1423542307708083,14
crop_free,clean_correct,area_adjusted_lift,43,head,-0.19321332426927595,14
crop_free,clean_correct,area_adjusted_lift,43,legs,-0.6535549009921071,14
crop_free,clean_correct,area_adjusted_lift,43,torso,-0.4406236449631154,14
crop_free,clean_correct,area_adjusted_lift,44,arms,1.3811094121055119,19
crop_free,clean_correct,area_adjusted_lift,44,hands,0.6872309542844707,19
crop_free,clean_correct,area_adjusted_lift,44,head,0.581609230147541,19
crop_free,clean_correct,area_adjusted_lift,44,legs,0.8524577979368657,19
crop_free,clean_correct,area_adjusted_lift,44,torso,1.7692387768538342,19
crop_free,clean_correct,area_adjusted_lift,45,arms,-1.0081127858640748,16
crop_free,clean_correct,area_adjusted_lift,45,hands,-1.0268032902266981,16
crop_free,clean_correct,area_adjusted_lift,45,head,0.531806474997851,16
crop_free,clean_correct,area_adjusted_lift,45,legs,-0.41623979843054515,16
crop_free,clean_correct,area_adjusted_lift,45,torso,0.18463144818921748,16
crop_free,clean_correct,area_adjusted_lift,46,arms,1.1267810084854828,17
crop_free,clean_correct,area_adjusted_lift,46,hands,1.0595894608349454,17
crop_free,clean_correct,area_adjusted_lift,46,head,1.1891854216382443,17
crop_free,clean_correct,area_adjusted_lift,46,legs,0.297391507636564,17
crop_free,clean_correct,area_adjusted_lift,46,torso,-0.4679371247898255,17
crop_free,clean_correct,area_adjusted_lift,47,arms,-0.3083855583295069,18
crop_free,clean_correct,area_adjusted_lift,47,hands,-0.2727526711615122,18
crop_free,clean_correct,area_adjusted_lift,47,head,-1.09255063903131,18
crop_free,clean_correct,area_adjusted_lift,47,legs,-0.6370916196336843,18
crop_free,clean_correct,area_adjusted_lift,47,torso,1.038434067269027,18
crop_free,clean_correct,area_adjusted_lift,48,arms,-0.3028891005613785,12
crop_free,clean_correct,area_adjusted_lift,48,hands,-0.46380387820899655,12
crop_free,clean_correct,area_adjusted_lift,48,head,-0.1940733227503216,12
crop_free,clean_correct,area_adjusted_lift,48,legs,0.27444996222716517,12
crop_free,clean_correct,area_adjusted_lift,48,torso,0.5641313255036319,12
crop_free,clean_correct,area_adjusted_lift,49,arms,-1.190178662250741,13
crop_free,clean_correct,area_adjusted_lift,49,hands,-0.7985710334021819,13
crop_free,clean_correct,area_adjusted_lift,49,head,-0.1311199437088463,13
crop_free,clean_correct,area_adjusted_lift,49,legs,-1.1480918007765355,13
crop_free,clean_correct,area_adjusted_lift,49,torso,-1.1065057498598283,13
crop_free,clean_correct,area_adjusted_lift,50,arms,-1.1592875833463783,18
crop_free,clean_correct,area_adjusted_lift,50,hands,-1.2871058421606565,18
crop_free,clean_correct,area_adjusted_lift,50,head,-1.04518974664141,18
crop_free,clean_correct,area_adjusted_lift,50,legs,-1.0527610026922447,18
crop_free,clean_correct,area_adjusted_lift,50,torso,-0.869454958798883,18
crop_free,clean_correct,area_adjusted_lift,51,arms,-0.46243684653923417,20
crop_free,clean_correct,area_adjusted_lift,51,hands,-0.9443249244328876,20
crop_free,clean_correct,area_adjusted_lift,51,head,-0.465151391746723,20
crop_free,clean_correct,area_adjusted_lift,51,legs,-1.2342811176996626,20
crop_free,clean_correct,area_adjusted_lift,51,torso,-0.9251515995438543,20
crop_free,clean_correct,area_adjusted_lift,52,arms,-0.9688618429972585,17
crop_free,clean_correct,area_adjusted_lift,52,hands,-0.4925499909052098,17
crop_free,clean_correct,area_adjusted_lift,52,head,-1.0512380934980805,17
crop_free,clean_correct,area_adjusted_lift,52,legs,-1.3775948599927859,17
crop_free,clean_correct,area_adjusted_lift,52,torso,-1.3403838033868765,17
crop_free,clean_correct,area_adjusted_lift,53,arms,-0.05580435157711882,15
crop_free,clean_correct,area_adjusted_lift,53,hands,0.0017998723297098572,15
crop_free,clean_correct,area_adjusted_lift,53,head,-0.018013915954342943,15
crop_free,clean_correct,area_adjusted_lift,53,legs,-1.035208713108498,15
crop_free,clean_correct,area_adjusted_lift,53,torso,-0.7536334447737929,15
crop_free,clean_correct,area_adjusted_lift,54,arms,-0.6904361544401694,20
crop_free,clean_correct,area_adjusted_lift,54,hands,-0.7335667276159104,20
crop_free,clean_correct,area_adjusted_lift,54,head,-0.3158604601697417,20
crop_free,clean_correct,area_adjusted_lift,54,legs,-0.7631438183512156,20
crop_free,clean_correct,area_adjusted_lift,54,torso,0.45740521470419593,20
crop_free,clean_correct,area_adjusted_lift,55,arms,-0.9801852270981646,18
crop_free,clean_correct,area_adjusted_lift,55,hands,-1.2283172324724276,18
crop_free,clean_correct,area_adjusted_lift,55,head,-1.3923450658330097,18
crop_free,clean_correct,area_adjusted_lift,55,legs,-0.5922258295061941,18
crop_free,clean_correct,area_adjusted_lift,55,torso,-0.970405530481044,18
crop_free,clean_correct,area_adjusted_lift,56,arms,-0.8749157746463198,14
crop_free,clean_correct,area_adjusted_lift,56,hands,-0.7997905575585982,14
crop_free,clean_correct,area_adjusted_lift,56,head,-0.9513370821659054,14
crop_free,clean_correct,area_adjusted_lift,56,legs,-1.0867248804328205,14
crop_free,clean_correct,area_adjusted_lift,56,torso,-1.1779556567979126,14
crop_free,clean_correct,area_adjusted_lift,57,arms,0.07527961348778156,17
crop_free,clean_correct,area_adjusted_lift,57,hands,-0.7749622657925431,17
crop_free,clean_correct,area_adjusted_lift,57,head,-1.2304419484126865,17
crop_free,clean_correct,area_adjusted_lift,57,legs,-0.9379709543859163,17
crop_free,clean_correct,area_adjusted_lift,57,torso,-0.6413719647546869,17
crop_free,clean_correct,area_adjusted_lift,58,arms,-1.5594231167313577,18
crop_free,clean_correct,area_adjusted_lift,58,hands,-1.2652864411674558,18
crop_free,clean_correct,area_adjusted_lift,58,head,-1.0845787204845425,18
crop_free,clean_correct,area_adjusted_lift,58,legs,-1.0202088672226264,18
crop_free,clean_correct,area_adjusted_lift,58,torso,-1.4128610858860133,18
crop_free,clean_correct,area_adjusted_lift,59,arms,-1.7145583993928248,20
crop_free,clean_correct,area_adjusted_lift,59,hands,-1.3845345284436905,20
crop_free,clean_correct,area_adjusted_lift,59,head,-1.1364667768358334,20
crop_free,clean_correct,area_adjusted_lift,59,legs,-1.5046246730417518,20
crop_free,clean_correct,area_adjusted_lift,59,torso,-1.0943541967558514,20
crop_free,clean_correct,lift,0,arms,0.009241924680736854,12
crop_free,clean_correct,lift,0,hands,-0.8253562326293151,12
crop_free,clean_correct,lift,0,head,0.07184854815779203,12
crop_free,clean_correct,lift,0,legs,-0.01378257972544954,12
crop_free,clean_correct,lift,0,lower_body,0.22445890987499428,12
crop_free,clean_correct,lift,0,torso,-0.3875772395714454,12
crop_free,clean_correct,lift,0,upper_body,0.6515381718156116,12
crop_free,clean_correct,lift,1,arms,0.25347369992691715,11
crop_free,clean_correct,lift,1,hands,-0.4908250125637848,11
crop_free,clean_correct,lift,1,head,3.0751914206750888,11
crop_free,clean_correct,lift,1,legs,-1.4607881706585972,11
crop_free,clean_correct,lift,1,lower_body,-1.450981725793457,11
crop_free,clean_correct,lift,1,torso,1.58110680439301,11
crop_free,clean_correct,lift,1,upper_body,0.37507732042855474,11
crop_free,clean_correct,lift,2,arms,-0.19172661540285427,14
crop_free,clean_correct,lift,2,hands,1.0913136994375265,14
crop_free,clean_correct,lift,2,head,1.255607080783482,14
crop_free,clean_correct,lift,2,legs,-0.9584356895835314,14
crop_free,clean_correct,lift,2,lower_body,-1.0267651713919002,14
crop_free,clean_correct,lift,2,torso,-0.693472300140967,14
crop_free,clean_correct,lift,2,upper_body,0.5008987521103428,14
crop_free,clean_correct,lift,3,arms,-0.17854822504715037,14
crop_free,clean_correct,lift,3,hands,0.05301960208476416,14
crop_free,clean_correct,lift,3,head,-0.49319138946572144,14
crop_free,clean_correct,lift,3,legs,-0.9683074867005719,14
crop_free,clean_correct,lift,3,lower_body,-0.8710731101047059,14
crop_free,clean_correct,lift,3,torso,-1.046412270045884,14
crop_free,clean_correct,lift,3,upper_body,-0.9724562739978869,14
crop_free,clean_correct,lift,4,arms,0.7590082607117572,18
crop_free,clean_correct,lift,4,hands,-0.09067100851170029,18
crop_free,clean_correct,lift,4,head,1.0088956110889318,18
crop_free,clean_correct,lift,4,legs,1.900145894465528,18
crop_free,clean_correct,lift,4,lower_body,2.0249040939688663,18
crop_free,clean_correct,lift,4,torso,-0.20992156794287478,18
crop_free,clean_correct,lift,4,upper_body,1.1767627319492908,18
crop_free,clean_correct,lift,5,arms,-0.600741273624582,19
crop_free,clean_correct,lift,5,hands,-0.6737734142858055,19
crop_free,clean_correct,lift,5,head,-0.4284206679273898,19
crop_free,clean_correct,lift,5,legs,0.6761111570918817,19
crop_free,clean_correct,lift,5,lower_body,0.8712816861659428,19
crop_free,clean_correct,lift,5,torso,-0.3470488815926317,19
crop_free,clean_correct,lift,5,upper_body,-0.4384660491676115,19
crop_free,clean_correct,lift,6,arms,-0.23812133480066588,20
crop_free,clean_correct,lift,6,hands,-0.02304964311796596,20
crop_free,clean_correct,lift,6,head,-0.0955225244471029,20
crop_free,clean_correct,lift,6,legs,-0.9364564007887907,20
crop_free,clean_correct,lift,6,lower_body,-0.8320531634437375,20
crop_free,clean_correct,lift,6,torso,-0.9825599773542787,20
crop_free,clean_correct,lift,6,upper_body,0.07131639364647144,20
crop_free,clean_correct,lift,7,arms,0.4053417073061319,18
crop_free,clean_correct,lift,7,hands,0.5569288289108538,18
crop_free,clean_correct,lift,7,head,0.5304931701173514,18
crop_free,clean_correct,lift,7,legs,3.3187343749417453,18
crop_free,clean_correct,lift,7,lower_body,2.098605955484509,18
crop_free,clean_correct,lift,7,torso,1.0444770591630606,18
crop_free,clean_correct,lift,7,upper_body,0.9684605647285495,18
crop_free,clean_correct,lift,8,arms,-0.04897001334367267,19
crop_free,clean_correct,lift,8,hands,-0.10672434363900335,19
crop_free,clean_correct,lift,8,head,0.17226964405473877,19
crop_free,clean_correct,lift,8,legs,1.5878589205621159,19
crop_free,clean_correct,lift,8,lower_body,1.6994218096801064,19
crop_free,clean_correct,lift,8,torso,1.0678201844446178,19
crop_free,clean_correct,lift,8,upper_body,0.7045456109997241,19
crop_free,clean_correct,lift,9,arms,1.1370966040532975,5
crop_free,clean_correct,lift,9,hands,0.7967927952100943,5
crop_free,clean_correct,lift,9,head,-0.5725863574094647,5
crop_free,clean_correct,lift,9,legs,-0.6653154181988573,5
crop_free,clean_correct,lift,9,lower_body,-0.8560838200633633,5
crop_free,clean_correct,lift,9,torso,0.7328029596606173,5
crop_free,clean_correct,lift,9,upper_body,-0.7585026338517046,5
crop_free,clean_correct,lift,10,arms,-0.6920924937444544,8
crop_free,clean_correct,lift,10,hands,-1.367287338527586,8
crop_free,clean_correct,lift,10,head,-0.19573451807081027,8
crop_free,clean_correct,lift,10,legs,-1.0322422949379364,8
crop_free,clean_correct,lift,10,lower_body,-1.2022092041303791,8
crop_free,clean_correct,lift,10,torso,-0.17630103585247778,8
crop_free,clean_correct,lift,10,upper_body,0.05893791908299216,8
crop_free,clean_correct,lift,11,arms,1.1831726633791737,9
crop_free,clean_correct,lift,11,hands,1.1500208877162772,9
crop_free,clean_correct,lift,11,head,0.9511136362578588,9
crop_free,clean_correct,lift,11,legs,1.0981300835746197,9
crop_free,clean_correct,lift,11,lower_body,0.8853007036394971,9
crop_free,clean_correct,lift,11,torso,0.8894736780643682,9
crop_free,clean_correct,lift,11,upper_body,-0.4785621059468157,9
crop_free,clean_correct,lift,12,arms,0.2129771502357395,17
crop_free,clean_correct,lift,12,hands,-0.8712350811382743,17
crop_free,clean_correct,lift,12,head,-1.0354687184782656,17
crop_free,clean_correct,lift,12,legs,-0.0931923118240423,17
crop_free,clean_correct,lift,12,lower_body,0.11712669789975243,17
crop_free,clean_correct,lift,12,torso,0.8294620791241514,17
crop_free,clean_correct,lift,12,upper_body,1.0783673026408513,17
crop_free,clean_correct,lift,13,arms,-0.9395798889233143,18
crop_free,clean_correct,lift,13,hands,-0.820873967162651,18
crop_free,clean_correct,lift,13,head,-0.12211692349052046,18
crop_free,clean_correct,lift,13,legs,-0.6151425254601609,18
crop_free,clean_correct,lift,13,lower_body,-0.8023909835400082,18
crop_free,clean_correct,lift,13,torso,-0.9047775262515911,18
crop_free,clean_correct,lift,13,upper_body,-0.9362886822003618,18
crop_free,clean_correct,lift,14,arms,-0.14178428586753442,20
crop_free,clean_correct,lift,14,hands,-0.8231078311005536,20
crop_free,clean_correct,lift,14,head,-0.6145234104013314,20
crop_free,clean_correct,lift,14,legs,1.8329800384659203,20
crop_free,clean_correct,lift,14,lower_body,1.605476642840019,20
crop_free,clean_correct,lift,14,torso,0.2620282995185907,20
crop_free,clean_correct,lift,14,upper_body,0.6814740728155055,20
crop_free,clean_correct,lift,15,arms,-1.0967993344923568,15
crop_free,clean_correct,lift,15,hands,-0.2315105491342245,15
crop_free,clean_correct,lift,15,head,-0.8267316103064607,15
crop_free,clean_correct,lift,15,legs,0.2067220552560924,15
crop_free,clean_correct,lift,15,lower_body,0.4047523378724331,15
crop_free,clean_correct,lift,15,torso,-0.8890641139955868,15
crop_free,clean_correct,lift,15,upper_body,-1.6039059707820944,15
crop_free,clean_correct,lift,16,arms,-0.1927604829950983,15
crop_free,clean_correct,lift,16,hands,-0.07587568106093155,15
crop_free,clean_correct,lift,16,head,-0.760895246122728,15
crop_free,clean_correct,lift,16,legs,2.0479079617343916,15
crop_free,clean_correct,lift,16,lower_body,2.966528392727014,15
crop_free,clean_correct,lift,16,torso,0.15623359162069342,15
crop_free,clean_correct,lift,16,upper_body,0.10550631486447082,15
crop_free,clean_correct,lift,17,arms,1.7026070447873967,13
crop_free,clean_correct,lift,17,hands,2.038361317936838,13
crop_free,clean_correct,lift,17,head,-0.17512189658460736,13
crop_free,clean_correct,lift,17,legs,-0.008799517526075037,13
crop_free,clean_correct,lift,17,lower_body,0.13276707603459226,13
crop_free,clean_correct,lift,17,torso,1.2593052825822575,13
crop_free,clean_correct,lift,17,upper_body,1.5398464283281719,13
crop_free,clean_correct,lift,18,arms,1.5272006287893547,16
crop_free,clean_correct,lift,18,hands,2.06239732366857,16
crop_free,clean_correct,lift,18,head,-1.3309309374349692,16
crop_free,clean_correct,lift,18,legs,0.9136691956109244,16
crop_free,clean_correct,lift,18,lower_body,1.0565039055130556,16
crop_free,clean_correct,lift,18,torso,1.627485446898344,16
crop_free,clean_correct,lift,18,upper_body,1.5111036526219805,16
crop_free,clean_correct,lift,19,arms,0.31421560766126577,17
crop_free,clean_correct,lift,19,hands,-0.2522222091975336,17
crop_free,clean_correct,lift,19,head,0.11173303128160136,17
crop_free,clean_correct,lift,19,legs,1.577342315488154,17
crop_free,clean_correct,lift,19,lower_body,1.4365426656889873,17
crop_free,clean_correct,lift,19,torso,-0.011684216370746278,17
crop_free,clean_correct,lift,19,upper_body,-0.3862599567311686,17
crop_free,clean_correct,lift,20,arms,-0.026160280648997072,20
crop_free,clean_correct,lift,20,hands,0.29929922848541246,20
crop_free,clean_correct,lift,20,head,-0.6548756455076461,20
crop_free,clean_correct,lift,20,legs,1.030695434230763,20
crop_free,clean_correct,lift,20,lower_body,1.1104190343253828,20
crop_free,clean_correct,lift,20,torso,-0.4149796990997334,20
crop_free,clean_correct,lift,20,upper_body,1.1481185254575397,20
crop_free,clean_correct,lift,21,arms,-0.0999417054054328,17
crop_free,clean_correct,lift,21,hands,-0.2565466896396206,17
crop_free,clean_correct,lift,21,head,-1.1196532601757794,17
crop_free,clean_correct,lift,21,legs,-0.1650552599958298,17
crop_free,clean_correct,lift,21,lower_body,-0.6634122742899091,17
crop_free,clean_correct,lift,21,torso,-0.5725992362365763,17
crop_free,clean_correct,lift,21,upper_body,0.4174010110923723,17
crop_free,clean_correct,lift,22,arms,1.6417970662593524,18
crop_free,clean_correct,lift,22,hands,1.20727346582634,18
crop_free,clean_correct,lift,22,head,-0.49455249924530764,18
crop_free,clean_correct,lift,22,legs,0.031564643702569235,18
crop_free,clean_correct,lift,22,lower_body,0.15932848380679657,18
crop_free,clean_correct,lift,22,torso,-0.7523664416624679,18
crop_free,clean_correct,lift,22,upper_body,0.7662633117187188,18
crop_free,clean_correct,lift,23,arms,-1.1072140374829127,18
crop_free,clean_correct,lift,23,hands,-0.7701953771853767,18
crop_free,clean_correct,lift,23,head,-0.49362524533021024,18
crop_free,clean_correct,lift,23,legs,-0.27547147183678694,18
crop_free,clean_correct,lift,23,lower_body,0.10218198871513288,18
crop_free,clean_correct,lift,23,torso,-1.3181552703916026,18
crop_free,clean_correct,lift,23,upper_body,-1.1223913330174136,18
crop_free,clean_correct,lift,24,arms,-0.6573380239084626,11
crop_free,clean_correct,lift,24,hands,-1.0334743523707084,11
crop_free,clean_correct,lift,24,head,0.04802563756326987,11
crop_free,clean_correct,lift,24,legs,-0.4930282011015446,11
crop_free,clean_correct,lift,24,lower_body,0.022496024670707205,11
crop_free,clean_correct,lift,24,torso,0.5891188299824446,11
crop_free,clean_correct,lift,24,upper_body,-0.9438281340564881,11
crop_free,clean_correct,lift,25,arms,-1.4920483321041422,19
crop_free,clean_correct,lift,25,hands,-0.8260035134640277,19
crop_free,clean_correct,lift,25,head,-0.5588500214410841,19
crop_free,clean_correct,lift,25,legs,0.3633030800615195,19
crop_free,clean_correct,lift,25,lower_body,0.8636957764824055,19
crop_free,clean_correct,lift,25,torso,-1.2236831278765594,19
crop_free,clean_correct,lift,25,upper_body,-1.3741809251385988,19
crop_free,clean_correct,lift,26,arms,-0.999704154426006,20
crop_free,clean_correct,lift,26,hands,-0.6577939702668806,20
crop_free,clean_correct,lift,26,head,0.8170612431179002,20
crop_free,clean_correct,lift,26,legs,0.43284850291701604,20
crop_free,clean_correct,lift,26,lower_body,0.522142319208435,20
crop_free,clean_correct,lift,26,torso,-0.21091268771715663,20
crop_free,clean_correct,lift,26,upper_body,-0.1256901711408345,20
crop_free,clean_correct,lift,27,arms,2.581927517698634,17
crop_free,clean_correct,lift,27,hands,2.1194398733115043,17
crop_free,clean_correct,lift,27,head,2.7303139512529855,17
crop_free,clean_correct,lift,27,legs,-0.4069573653941154,17
crop_free,clean_correct,lift,27,lower_body,-0.19962121173860178,17
crop_free,clean_correct,lift,27,torso,2.4221855159246486,17
crop_free,clean_correct,lift,27,upper_body,2.4517631160689213,17
crop_free,clean_correct,lift,28,arms,2.3314995726533665,10
crop_free,clean_correct,lift,28,hands,1.6379380800764927,10
crop_free,clean_correct,lift,28,head,2.4460061107798334,10
crop_free,clean_correct,lift,28,legs,-0.5202568119831809,10
crop_free,clean_correct,lift,28,lower_body,-0.3116845322157442,10
crop_free,clean_correct,lift,28,torso,1.5782986152091432,10
crop_free,clean_correct,lift,28,upper_body,1.1522510812636362,10
crop_free,clean_correct,lift,29,arms,0.7388413892432082,19
crop_free,clean_correct,lift,29,hands,0.7210685232192883,19
crop_free,clean_correct,lift,29,head,-1.2352462137331912,19
crop_free,clean_correct,lift,29,legs,0.888078412922749,19
crop_free,clean_correct,lift,29,lower_body,0.8818965136984553,19
crop_free,clean_correct,lift,29,torso,0.5044883878480909,19
crop_free,clean_correct,lift,29,upper_body,0.13853972055338806,19
crop_free,clean_correct,lift,30,arms,0.0471026069057904,14
crop_free,clean_correct,lift,30,hands,1.0840022846006123,14
crop_free,clean_correct,lift,30,head,-0.31579010798012086,14
crop_free,clean_correct,lift,30,legs,-0.9908029819684011,14
crop_free,clean_correct,lift,30,lower_body,-1.0144697371295943,14
crop_free,clean_correct,lift,30,torso,-1.5340387992791022,14
crop_free,clean_correct,lift,30,upper_body,-0.333449321556269,14
crop_free,clean_correct,lift,31,arms,0.8315270365421789,13
crop_free,clean_correct,lift,31,hands,-0.39884157545045107,13
crop_free,clean_correct,lift,31,head,0.41832429552006667,13
crop_free,clean_correct,lift,31,legs,0.16102613077321506,13
crop_free,clean_correct,lift,31,lower_body,-0.05062780752381812,13
crop_free,clean_correct,lift,31,torso,-0.1381503783761973,13
crop_free,clean_correct,lift,31,upper_body,1.8909885591319016,13
crop_free,clean_correct,lift,32,arms,1.0669741401769541,15
crop_free,clean_correct,lift,32,hands,0.8882774469567808,15
crop_free,clean_correct,lift,32,head,0.29074760391661214,15
crop_free,clean_correct,lift,32,legs,0.37560966882679553,15
crop_free,clean_correct,lift,32,lower_body,0.7612389176987651,15
crop_free,clean_correct,lift,32,torso,1.5314608045929576,15
crop_free,clean_correct,lift,32,upper_body,1.9312411122339912,15
crop_free,clean_correct,lift,33,arms,0.9593748530718644,9
crop_free,clean_correct,lift,33,hands,0.42881204687433094,9
crop_free,clean_correct,lift,33,head,-0.17179522330981878,9
crop_free,clean_correct,lift,33,legs,0.5095009253145694,9
crop_free,clean_correct,lift,33,lower_body,0.37501052906896964,9
crop_free,clean_correct,lift,33,torso,0.5532172426839138,9
crop_free,clean_correct,lift,33,upper_body,-0.016481393186337064,9
crop_free,clean_correct,lift,34,arms,-0.6316203124987704,18
crop_free,clean_correct,lift,34,hands,-0.2946416319134512,18
crop_free,clean_correct,lift,34,head,0.9529750178700207,18
crop_free,clean_correct,lift,34,legs,2.4542635161964204,18
crop_free,clean_correct,lift,34,lower_body,1.713411893123201,18
crop_free,clean_correct,lift,34,torso,-0.1938974839785121,18
crop_free,clean_correct,lift,34,upper_body,-0.6467934326851411,18
crop_free,clean_correct,lift,35,arms,-0.9805921245099055,20
crop_free,clean_correct,lift,35,hands,-0.38603893567393077,20
crop_free,clean_correct,lift,35,head,2.229728509892276,20
crop_free,clean_correct,lift,35,legs,-0.10348495481924873,20
crop_free,clean_correct,lift,35,lower_body,-0.026323801973867092,20
crop_free,clean_correct,lift,35,torso,0.8371359476234292,20
crop_free,clean_correct,lift,35,upper_body,0.3865222361629481,20
crop_free,clean_correct,lift,36,arms,-0.4241531959286248,18
crop_free,clean_correct,lift,36,hands,-0.7429867819295372,18
crop_free,clean_correct,lift,36,head,-0.6721146859635276,18
crop_free,clean_correct,lift,36,legs,0.29264279982291447,18
crop_free,clean_correct,lift,36,lower_body,0.45260702275604664,18
crop_free,clean_correct,lift,36,torso,0.5118162893330375,18
crop_free,clean_correct,lift,36,upper_body,-0.016097985691942863,18
crop_free,clean_correct,lift,37,arms,0.33313567435105723,18
crop_free,clean_correct,lift,37,hands,0.8275810880964604,18
crop_free,clean_correct,lift,37,head,-0.36168685492585345,18
crop_free,clean_correct,lift,37,legs,0.11765127401128478,18
crop_free,clean_correct,lift,37,lower_body,0.337759649457035,18
crop_free,clean_correct,lift,37,torso,-0.8169498925002995,18
crop_free,clean_correct,lift,37,upper_body,0.3001406968157315,18
crop_free,clean_correct,lift,38,arms,2.340684784558389,14
crop_free,clean_correct,lift,38,hands,3.164235225770079,14
crop_free,clean_correct,lift,38,head,0.8308667689110943,14
crop_free,clean_correct,lift,38,legs,-0.4785792122228558,14
crop_free,clean_correct,lift,38,lower_body,-0.5597972915481613,14
crop_free,clean_correct,lift,38,torso,2.017805465051441,14
crop_free,clean_correct,lift,38,upper_body,2.05067478462682,14
crop_free,clean_correct,lift,39,arms,0.45763370604256604,17
crop_free,clean_correct,lift,39,hands,0.9427110129651192,17
crop_free,clean_correct,lift,39,head,-1.0559075218227525,17
crop_free,clean_correct,lift,39,legs,0.05100724849295218,17
crop_free,clean_correct,lift,39,lower_body,-0.23525304184080706,17
crop_free,clean_correct,lift,39,torso,1.3658094181745528,17
crop_free,clean_correct,lift,39,upper_body,-0.5274619190391718,17
crop_free,clean_correct,lift,40,arms,-0.057377430582205034,14
crop_free,clean_correct,lift,40,hands,-0.002026828408371401,14
crop_free,clean_correct,lift,40,head,1.6704228812505324,14
crop_free,clean_correct,lift,40,legs,-0.8220722526389083,14
crop_free,clean_correct,lift,40,lower_body,-0.7288079585102729,14
crop_free,clean_correct,lift,40,torso,0.8456448059379833,14
crop_free,clean_correct,lift,40,upper_body,0.2690273066411144,14
crop_free,clean_correct,lift,41,arms,-1.7348934799586613,17
crop_free,clean_correct,lift,41,hands,-0.9082778387349507,17
crop_free,clean_correct,lift,41,head,-0.3600194696550071,17
crop_free,clean_correct,lift,41,legs,-0.8837868880529037,17
crop_free,clean_correct,lift,41,lower_body,-0.9942640307164818,17
crop_free,clean_correct,lift,41,torso,-1.4853929551090352,17
crop_free,clean_correct,lift,41,upper_body,-1.8469770656420357,17
crop_free,clean_correct,lift,42,arms,-0.7466098222156394,20
crop_free,clean_correct,lift,42,hands,-0.694322022005543,20
crop_free,clean_correct,lift,42,head,-0.653215607890267,20
crop_free,clean_correct,lift,42,legs,0.461327013252525,20
crop_free,clean_correct,lift,42,lower_body,0.1554958689392945,20
crop_free,clean_correct,lift,42,torso,-0.9423502558486083,20
crop_free,clean_correct,lift,42,upper_body,-0.3143570985831543,20
crop_free,clean_correct,lift,43,arms,0.26865914234561694,14
crop_free,clean_correct,lift,43,hands,1.3876522330240113,14
crop_free,clean_correct,lift,43,head,-1.1588397626464242,14
crop_free,clean_correct,lift,43,legs,-0.7388136950737487,14
crop_free,clean_correct,lift,43,lower_body,-0.9240052492614181,14
crop_free,clean_correct,lift,43,torso,-0.4964446298499522,14
crop_free,clean_correct,lift,43,upper_body,0.06064050051433599,14
crop_free,clean_correct,lift,44,arms,1.3723212938446954,19
crop_free,clean_correct,lift,44,hands,0.39577755235849316,19
crop_free,clean_correct,lift,44,head,0.8319819604586135,19
crop_free,clean_correct,lift,44,legs,0.4862883052545617,19
crop_free,clean_correct,lift,44,lower_body,0.6053320231708141,19
crop_free,clean_correct,lift,44,torso,1.830257733707212,19
crop_free,clean_correct,lift,44,upper_body,0.6919793057000853,19
crop_free,clean_correct,lift,45,arms,-1.176238757856391,16
crop_free,clean_correct,lift,45,hands,-1.7344304105016817,16
crop_free,clean_correct,lift,45,head,0.2644952574332806,16
crop_free,clean_correct,lift,45,legs,-0.6049860833917263,16
crop_free,clean_correct,lift,45,lower_body,-0.5027925379717881,16
crop_free,clean_correct,lift,45,torso,0.08243640995835355,16
crop_free,clean_correct,lift,45,upper_body,-0.7392626782311938,16
crop_free,clean_correct,lift,46,arms,1.2166432930290332,17
crop_free,clean_correct,lift,46,hands,1.168252898206105,17
crop_free,clean_correct,lift,46,head,1.5498241797003773,17
crop_free,clean_correct,lift,46,legs,0.2864797970793023,17
crop_free,clean_correct,lift,46,lower_body,0.45619894803380256,17
crop_free,clean_correct,lift,46,torso,-0.6308815445109138,17
crop_free,clean_correct,lift,46,upper_body,0.9905270961931784,17
crop_free,clean_correct,lift,47,arms,-0.5527842703837731,18
crop_free,clean_correct,lift,47,hands,-0.604051144878164,18
crop_free,clean_correct,lift,47,head,-1.360699905954679,18
crop_free,clean_correct,lift,47,legs,-1.198973020122527,18
crop_free,clean_correct,lift,47,lower_body,-1.5283415601631418,18
crop_free,clean_correct,lift,47,torso,0.9410161864303361,18
crop_free,clean_correct,lift,47,upper_body,-0.10753399461006086,18
crop_free,clean_correct,lift,48,arms,-0.40046375057822453,12
crop_free,clean_correct,lift,48,hands,-0.4886579803425009,12
crop_free,clean_correct,lift,48,head,-0.30505395802046614,12
crop_free,clean_correct,lift,48,legs,0.22139822271176576,12
crop_free,clean_correct,lift,48,lower_body,0.33506225353197433,12
crop_free,clean_correct,lift,48,torso,0.4574606097907527,12
crop_free,clean_correct,lift,48,upper_body,-0.08801873464515504,12
crop_free,clean_correct,lift,49,arms,-0.9919228580032843,13
crop_free,clean_correct,lift,49,hands,-0.6225488716403704,13
crop_free,clean_correct,lift,49,head,0.7430956389880802,13
crop_free,clean_correct,lift,49,legs,-0.8558817172669347,13
crop_free,clean_correct,lift,49,lower_body,-1.0234067146340717,13
crop_free,clean_correct,lift,49,torso,-1.0114401186786495,13
crop_free,clean_correct,lift,49,upper_body,-1.0686381018807316,13
crop_free,clean_correct,lift,50,arms,-1.0244905603722203,18
crop_free,clean_correct,lift,50,hands,-0.9593381696051186,18
crop_free,clean_correct,lift,50,head,-0.3395993377545557,18
crop_free,clean_correct,lift,50,legs,-0.7490410733748527,18
crop_free,clean_correct,lift,50,lower_body,-0.7344437843040227,18
crop_free,clean_correct,lift,50,torso,-0.8468529657511289,18
crop_free,clean_correct,lift,50,upper_body,-1.3599293349488892,18
crop_free,clean_correct,lift,51,arms,-0.45874805231252036,20
crop_free,clean_correct,lift,51,hands,-0.7219070814715766,20
crop_free,clean_correct,lift,51,head,0.03492884207440045,20
crop_free,clean_correct,lift,51,legs,-0.8272725929026349,20
crop_free,clean_correct,lift,51,lower_body,-1.1083927232102506,20
crop_free,clean_correct,lift,51,torso,-0.8352664254445652,20
crop_free,clean_correct,lift,51,upper_body,-0.9403697063376929,20
crop_free,clean_correct,lift,52,arms,-0.9817271518711781,17
crop_free,clean_correct,lift,52,hands,-0.10544625863951633,17
crop_free,clean_correct,lift,52,head,-1.2079451794618983,17
crop_free,clean_correct,lift,52,legs,-1.3722193014203212,17
crop_free,clean_correct,lift,52,lower_body,-1.2409218460340443,17
crop_free,clean_correct,lift,52,torso,-1.148591306041171,17
crop_free,clean_correct,lift,52,upper_body,-1.022228606675661,17
crop_free,clean_correct,lift,53,arms,-0.02308500462534171,15
crop_free,clean_correct,lift,53,hands,0.3355186739427017,15
crop_free,clean_correct,lift,53,head,-0.8452630695263788,15
crop_free,clean_correct,lift,53,legs,-0.8557215399003417,15
crop_free,clean_correct,lift,53,lower_body,-1.0454746633072747,15
crop_free,clean_correct,lift,53,torso,-0.73736363646823,15
crop_free,clean_correct,lift,53,upper_body,0.0763723516316743,15
crop_free,clean_correct,lift,54,arms,-0.6533485109692179,20
crop_free,clean_correct,lift,54,hands,-0.8481949724437974,20
crop_free,clean_correct,lift,54,head,-0.41024431071829426,20
crop_free,clean_correct,lift,54,legs,-0.997193489978504,20
crop_free,clean_correct,lift,54,lower_body,-1.1379927934415381,20
crop_free,clean_correct,lift,54,torso,0.41405075137354946,20
crop_free,clean_correct,lift,54,upper_body,-0.19369692701580807,20
crop_free,clean_correct,lift,55,arms,-0.9208788358237597,18
crop_free,clean_correct,lift,55,hands,-1.5297595727515376,18
crop_free,clean_correct,lift,55,head,-1.0739460866627268,18
crop_free,clean_correct,lift,55,legs,-0.4161566259367033,18
crop_free,clean_correct,lift,55,lower_body,-0.6646244112175437,18
crop_free,clean_correct,lift,55,torso,-0.9878865723911455,18
crop_free,clean_correct,lift,55,upper_body,-0.8547452655197861,18
crop_free,clean_correct,lift,56,arms,-0.7687431809507216,14
crop_free,clean_correct,lift,56,hands,-0.6019896996134917,14
crop_free,clean_correct,lift,56,head,-0.24411116311249148,14
crop_free,clean_correct,lift,56,legs,-0.8171990675184729,14
crop_free,clean_correct,lift,56,lower_body,-0.7677839920951607,14
crop_free,clean_correct,lift,56,torso,-1.0281403067330288,14
crop_free,clean_correct,lift,56,upper_body,-1.31123038709306,14
crop_free,clean_correct,lift,57,arms,0.25220344843009934,17
crop_free,clean_correct,lift,57,hands,-0.9311333631862616,17
crop_free,clean_correct,lift,57,head,-0.5215833048429507,17
crop_free,clean_correct,lift,57,legs,-0.7255355685012975,17
crop_free,clean_correct,lift,57,lower_body,-0.924894382004115,17
crop_free,clean_correct,lift,57,torso,-0.6747000206337423,17
crop_free,clean_correct,lift,57,upper_body,-0.3940453040638359,17
crop_free,clean_correct,lift,58,arms,-1.2808012579193135,18
crop_free,clean_correct,lift,58,hands,-0.7647947398491687,18
crop_free,clean_correct,lift,58,head,-0.48741732084043404,18
crop_free,clean_correct,lift,58,legs,-0.07456692217014219,18
crop_free,clean_correct,lift,58,lower_body,0.2523190408328011,18
crop_free,clean_correct,lift,58,torso,-1.2515333934123372,18
crop_free,clean_correct,lift,58,upper_body,-1.3975815598425232,18
crop_free,clean_correct,lift,59,arms,-1.4326517771071863,20
crop_free,clean_correct,lift,59,hands,-0.8207599946432922,20
crop_free,clean_correct,lift,59,head,-0.28267008448495007,20
crop_free,clean_correct,lift,59,legs,-1.1977684797863095,20
crop_free,clean_correct,lift,59,lower_body,-1.201373641310622,20
crop_free,clean_correct,lift,59,torso,-1.0310021219823637,20
crop_free,clean_correct,lift,59,upper_body,-1.8268548985594573,20
crop_free,clean_correct,raw,0,arms,0.7863255083560944,12
crop_free,clean_correct,raw,0,hands,0.014080027739206946,12
crop_free,clean_correct,raw,0,head,0.09021630287170411,12
crop_free,clean_correct,raw,0,legs,0.34619630575180055,12
crop_free,clean_correct,raw,0,lower_body,0.853778338432312,12
crop_free,clean_correct,raw,0,torso,0.6962583144505818,12
crop_free,clean_correct,raw,0,upper_body,2.6879859457413353,12
crop_free,clean_correct,raw,1,arms,0.9034158533269708,11
crop_free,clean_correct,raw,1,hands,0.06257335489446467,11
crop_free,clean_correct,raw,1,head,0.33791317506269974,11
crop_free,clean_correct,raw,1,legs,-0.15124083865772595,11
crop_free,clean_correct,raw,1,lower_body,-0.12646265896883876,11
crop_free,clean_correct,raw,1,torso,1.6642209443179043,11
crop_free,clean_correct,raw,1,upper_body,2.467265553907915,11
crop_free,clean_correct,raw,2,arms,0.689976555960519,14
crop_free,clean_correct,raw,2,hands,0.29191867624010354,14
crop_free,clean_correct,raw,2,head,0.1878452777862549,14
crop_free,clean_correct,raw,2,legs,0.021452885014670225,14
crop_free,clean_correct,raw,2,lower_body,0.12173142773764475,14
crop_free,clean_correct,raw,2,torso,0.5458558218819755,14
crop_free,clean_correct,raw,2,upper_body,2.56771867615836,14
crop_free,clean_correct,raw,3,arms,0.6962945801871163,14
crop_free,clean_correct,raw,3,hands,0.14140855244227818,14
crop_free,clean_correct,raw,3,head,0.04361535481044224,14
crop_free,clean_correct,raw,3,legs,0.01805925709860665,14
crop_free,clean_correct,raw,3,lower_body,0.21282134056091312,14
crop_free,clean_correct,raw,3,torso,0.3723222868783133,14
crop_free,clean_correct,raw,3,upper_body,1.3914237431117467,14
crop_free,clean_correct,raw,4,arms,1.145780779255761,18
crop_free,clean_correct,raw,4,hands,0.12057929833730063,18
crop_free,clean_correct,raw,4,head,0.1674980640411377,18
crop_free,clean_correct,raw,4,legs,1.004147540198432,18
crop_free,clean_correct,raw,4,lower_body,1.9071550713645087,18
crop_free,clean_correct,raw,4,torso,0.7836080604129367,18
crop_free,clean_correct,raw,4,upper_body,3.1073139270146686,18
crop_free,clean_correct,raw,5,arms,0.49388549704300727,19
crop_free,clean_correct,raw,5,hands,0.03605332876506604,19
crop_free,clean_correct,raw,5,head,0.048957237444425886,19
crop_free,clean_correct,raw,5,legs,0.5833610911118357,19
crop_free,clean_correct,raw,5,lower_body,1.2322114442524157,19
crop_free,clean_correct,raw,5,torso,0.7161852987189041,19
crop_free,clean_correct,raw,5,upper_body,1.817750042363217,19
crop_free,clean_correct,raw,6,arms,0.6677338576316834,20
crop_free,clean_correct,raw,6,hands,0.1303816270828247,20
crop_free,clean_correct,raw,6,head,0.07641258716583252,20
crop_free,clean_correct,raw,6,legs,0.029008705615997322,20
crop_free,clean_correct,raw,6,lower_body,0.2356505298614502,20
crop_free,clean_correct,raw,6,torso,0.4037171840667725,20
crop_free,clean_correct,raw,6,upper_body,2.224749369621277,20
crop_free,clean_correct,raw,7,arms,0.9762248780992295,18
crop_free,clean_correct,raw,7,hands,0.21445475419362384,18
crop_free,clean_correct,raw,7,head,0.1280424329969618,18
crop_free,clean_correct,raw,7,legs,1.4918157339096068,18
crop_free,clean_correct,raw,7,lower_body,1.9502754211425781,18
crop_free,clean_correct,raw,7,torso,1.4003708150651721,18
crop_free,clean_correct,raw,7,upper_body,2.9410099612341987,18
crop_free,clean_correct,raw,8,arms,0.7584173629158422,19
crop_free,clean_correct,raw,8,hands,0.11825222216154399,19
crop_free,clean_correct,raw,8,head,0.0984984046534488,19
crop_free,clean_correct,raw,8,legs,0.8967926401841013,19
crop_free,clean_correct,raw,8,lower_body,1.7167269104405454,19
crop_free,clean_correct,raw,8,torso,1.4118481636047362,19
crop_free,clean_correct,raw,8,upper_body,2.730305943991009,19
crop_free,clean_correct,raw,9,arms,1.3270450496673585,5
crop_free,clean_correct,raw,9,hands,0.24922520637512208,5
crop_free,clean_correct,raw,9,head,0.03706735610961914,5
crop_free,clean_correct,raw,9,legs,0.12221884727478027,5
crop_free,clean_correct,raw,9,lower_body,0.22159104347229003,5
crop_free,clean_correct,raw,9,torso,1.247126884460449,5
crop_free,clean_correct,raw,9,upper_body,1.5622397232055665,5
crop_free,clean_correct,raw,10,arms,0.4500896155834198,8
crop_free,clean_correct,raw,10,hands,-0.06447778940200805,8
crop_free,clean_correct,raw,10,head,0.06814773082733154,8
crop_free,clean_correct,raw,10,legs,-0.003919613361358652,8
crop_free,clean_correct,raw,10,lower_body,0.019085335731506343,8
crop_free,clean_correct,raw,10,torso,0.8001386046409606,8
crop_free,clean_correct,raw,10,upper_body,2.2148666620254516,8
crop_free,clean_correct,raw,11,arms,1.3491349750094943,9
crop_free,clean_correct,raw,11,hands,0.3004288143581814,9
crop_free,clean_correct,raw,11,head,0.1627325693766276,9
crop_free,clean_correct,raw,11,legs,0.7284385469224718,9
crop_free,clean_correct,raw,11,lower_body,1.240413475036621,9
crop_free,clean_correct,raw,11,torso,1.324158747990926,9
crop_free,clean_correct,raw,11,upper_body,1.785738213857015,9
crop_free,clean_correct,raw,12,arms,0.8840008735656738,17
crop_free,clean_correct,raw,12,hands,0.007429473540362197,17
crop_free,clean_correct,raw,12,head,-0.0011082761427935416,17
crop_free,clean_correct,raw,12,legs,0.3188976203694063,17
crop_free,clean_correct,raw,12,lower_body,0.7909820612739115,17
crop_free,clean_correct,raw,12,torso,1.2946522432215075,17
crop_free,clean_correct,raw,12,upper_body,3.028757134605857,17
crop_free,clean_correct,raw,13,arms,0.33143845134311256,18
crop_free,clean_correct,raw,13,hands,0.014729772673712838,18
crop_free,clean_correct,raw,13,head,0.07421924802992079,18
crop_free,clean_correct,raw,13,legs,0.1394667837354872,18
crop_free,clean_correct,raw,13,lower_body,0.25300482114156086,18
crop_free,clean_correct,raw,13,torso,0.44196126196119523,18
crop_free,clean_correct,raw,13,upper_body,1.4202991697523328,18
crop_free,clean_correct,raw,14,arms,0.7139200603961944,20
crop_free,clean_correct,raw,14,hands,0.014405953884124753,20
crop_free,clean_correct,raw,14,head,0.033608651161193846,20
crop_free,clean_correct,raw,14,legs,0.9810579323768616,20
crop_free,clean_correct,raw,14,lower_body,1.6617629194259642,20
crop_free,clean_correct,raw,14,torso,1.0156563854217528,20
crop_free,clean_correct,raw,14,upper_body,2.711886124610901,20
crop_free,clean_correct,raw,15,arms,0.2560638236999512,15
crop_free,clean_correct,raw,15,hands,0.10016333262125651,15
crop_free,clean_correct,raw,15,head,0.016107050577799476,15
crop_free,clean_correct,raw,15,legs,0.4219991890589396,15
crop_free,clean_correct,raw,15,lower_body,0.9592616399129231,15
crop_free,clean_correct,raw,15,torso,0.4496872329711914,15
crop_free,clean_correct,raw,15,upper_body,0.8872878996531169,15
crop_free,clean_correct,raw,16,arms,0.6894808959960936,15
crop_free,clean_correct,raw,16,hands,0.12272401491800945,15
crop_free,clean_correct,raw,16,head,0.021536820729573566,15
crop_free,clean_correct,raw,16,legs,1.0549437093734741,15
crop_free,clean_correct,raw,16,lower_body,2.4580661106109623,15
crop_free,clean_correct,raw,16,torso,0.9636392402648926,15
crop_free,clean_correct,raw,16,upper_body,2.252045866648356,15
crop_free,clean_correct,raw,17,arms,1.5981637954711916,13
crop_free,clean_correct,raw,17,hands,0.42920179733863245,13
crop_free,clean_correct,raw,17,head,0.06984773048987755,13
crop_free,clean_correct,raw,17,legs,0.3479093331557053,13
crop_free,clean_correct,raw,17,lower_body,0.8001326927771935,13
crop_free,clean_correct,raw,17,torso,1.5059975624084472,13
crop_free,clean_correct,raw,17,upper_body,3.397192133389986,13
crop_free,clean_correct,raw,18,arms,1.51406991481781,16
crop_free,clean_correct,raw,18,hands,0.4326860338449478,16
crop_free,clean_correct,raw,18,head,-0.025476145744323726,16
crop_free,clean_correct,raw,18,legs,0.6650264233350754,16
crop_free,clean_correct,raw,18,lower_body,1.340578407049179,16
crop_free,clean_correct,raw,18,torso,1.6870243966579437,16
crop_free,clean_correct,raw,18,upper_body,3.3742445200681686,16
crop_free,clean_correct,raw,19,arms,0.9325369245865766,17
crop_free,clean_correct,raw,19,hands,0.09716099009794348,17
crop_free,clean_correct,raw,19,head,0.09350572473862591,17
crop_free,clean_correct,raw,19,legs,0.8931773466222426,17
crop_free,clean_correct,raw,19,lower_body,1.562925630457261,17
crop_free,clean_correct,raw,19,torso,0.8810774073881261,17
crop_free,clean_correct,raw,19,upper_body,1.8594302626217114,17
crop_free,clean_correct,raw,20,arms,0.7693528747558595,20
crop_free,clean_correct,raw,20,hands,0.17710901260375975,20
crop_free,clean_correct,raw,20,head,0.030280652046203605,20
crop_free,clean_correct,raw,20,legs,0.7052565360069275,20
crop_free,clean_correct,raw,20,lower_body,1.3721222400665283,20
crop_free,clean_correct,raw,20,torso,0.6827850723266601,20
crop_free,clean_correct,raw,20,upper_body,3.0844450092315676,20
crop_free,clean_correct,raw,21,arms,0.7339803583481733,17
crop_free,clean_correct,raw,21,hands,0.09653411753037397,17
crop_free,clean_correct,raw,21,head,-0.008051288829130289,17
crop_free,clean_correct,raw,21,legs,0.2941932930665857,17
crop_free,clean_correct,raw,21,lower_body,0.3343163434196921,17
crop_free,clean_correct,raw,21,torso,0.605286693572998,17
crop_free,clean_correct,raw,21,upper_body,2.501055877348956,17
crop_free,clean_correct,raw,22,arms,1.5690100895033943,18
crop_free,clean_correct,raw,22,hands,0.3087280935711331,18
crop_free,clean_correct,raw,22,head,0.04350309901767307,18
crop_free,clean_correct,raw,22,legs,0.3617853217654758,18
crop_free,clean_correct,raw,22,lower_body,0.8156728320651584,18
crop_free,clean_correct,raw,22,torso,0.5168987486097548,18
crop_free,clean_correct,raw,22,upper_body,2.7795800275272793,18
crop_free,clean_correct,raw,23,arms,0.25107077492607965,18
crop_free,clean_correct,raw,23,hands,0.022076092825995555,18
crop_free,clean_correct,raw,23,head,0.04357957310146756,18
crop_free,clean_correct,raw,23,legs,0.25623550944858126,18
crop_free,clean_correct,raw,23,lower_body,0.7822384410434299,18
crop_free,clean_correct,raw,23,torso,0.23871168030632864,18
crop_free,clean_correct,raw,23,upper_body,1.2717188199361165,18
crop_free,clean_correct,raw,24,arms,0.4667517098513516,11
crop_free,clean_correct,raw,24,hands,-0.016088576750321822,11
crop_free,clean_correct,raw,24,head,0.08825153871016068,11
crop_free,clean_correct,raw,24,legs,0.1814460277557373,11
crop_free,clean_correct,raw,24,lower_body,0.7356170047413219,11
crop_free,clean_correct,raw,24,torso,1.1764802672646262,11
crop_free,clean_correct,raw,24,upper_body,1.4142798337069424,11
crop_free,clean_correct,raw,25,arms,0.06657233991120991,19
crop_free,clean_correct,raw,25,hands,0.01398619852567974,19
crop_free,clean_correct,raw,25,head,0.03820024289582905,19
crop_free,clean_correct,raw,25,legs,0.47582705146388,19
crop_free,clean_correct,raw,25,lower_body,1.2277731970736854,19
crop_free,clean_correct,raw,25,torso,0.2851617461756656,19
crop_free,clean_correct,raw,25,upper_body,1.0706954303540681,19
crop_free,clean_correct,raw,26,arms,0.3026134920120239,20
crop_free,clean_correct,raw,26,hands,0.038369693756103516,20
crop_free,clean_correct,raw,26,head,0.1516767692565918,20
crop_free,clean_correct,raw,26,legs,0.49973468303680424,20
crop_free,clean_correct,raw,26,lower_body,1.027942361831665,20
crop_free,clean_correct,raw,26,torso,0.7831207466125488,20
crop_free,clean_correct,raw,26,upper_body,2.0674635696411134,20
crop_free,clean_correct,raw,27,arms,2.019730307074154,17
crop_free,clean_correct,raw,27,hands,0.44095486753127155,17
crop_free,clean_correct,raw,27,head,0.309469845715691,17
crop_free,clean_correct,raw,27,legs,0.21103460087495693,17
crop_free,clean_correct,raw,27,lower_body,0.6056640737196978,17
crop_free,clean_correct,raw,27,torso,2.0777625504662005,17
crop_free,clean_correct,raw,27,upper_body,4.125246784266303,17
crop_free,clean_correct,raw,28,arms,1.8996693754196166,10
crop_free,clean_correct,raw,28,hands,0.3711568260192871,10
crop_free,clean_correct,raw,28,head,0.2860219192504883,10
crop_free,clean_correct,raw,28,legs,0.17208564758300782,10
crop_free,clean_correct,raw,28,lower_body,0.5400997924804688,10
crop_free,clean_correct,raw,28,torso,1.6628402137756346,10
crop_free,clean_correct,raw,28,upper_body,3.0877443528175355,10
crop_free,clean_correct,raw,29,arms,1.136112316031205,19
crop_free,clean_correct,raw,29,hands,0.2382482880040219,19
crop_free,clean_correct,raw,29,head,-0.017584670217413657,19
crop_free,clean_correct,raw,29,legs,0.6562290793971011,19
crop_free,clean_correct,raw,29,lower_body,1.2384218040265536,19
crop_free,clean_correct,raw,29,torso,1.1348691689340693,19
crop_free,clean_correct,raw,29,upper_body,2.27841902657559,19
crop_free,clean_correct,raw,30,arms,0.8044767924717495,14
crop_free,clean_correct,raw,30,hands,0.29085882050650463,14
crop_free,clean_correct,raw,30,head,0.058246299198695596,14
crop_free,clean_correct,raw,30,legs,0.010325980186462398,14
crop_free,clean_correct,raw,30,lower_body,0.12892505100795204,14
crop_free,clean_correct,raw,30,torso,0.13256606033870152,14
crop_free,clean_correct,raw,30,upper_body,1.9015931367874146,14
crop_free,clean_correct,raw,31,arms,1.1805479526519775,13
crop_free,clean_correct,raw,31,hands,0.07590718636145959,13
crop_free,clean_correct,raw,31,head,0.11879144815298227,13
crop_free,clean_correct,raw,31,legs,0.4062903000758244,13
crop_free,clean_correct,raw,31,lower_body,0.6928348394540641,13
crop_free,clean_correct,raw,31,torso,0.8188965210547814,13
crop_free,clean_correct,raw,31,upper_body,3.6775364508995643,13
crop_free,clean_correct,raw,32,arms,1.2934267234802246,15
crop_free,clean_correct,raw,32,hands,0.26248673439025877,15
crop_free,clean_correct,raw,32,head,0.10826972325642904,15
crop_free,clean_correct,raw,32,legs,0.4800576877593994,15
crop_free,clean_correct,raw,32,lower_body,1.1678293164571125,15
crop_free,clean_correct,raw,32,torso,1.6398109976450603,15
crop_free,clean_correct,raw,32,upper_body,3.709673222700755,15
crop_free,clean_correct,raw,33,arms,1.2418411440319486,9
crop_free,clean_correct,raw,33,hands,0.19588306744893394,9
crop_free,clean_correct,raw,33,head,0.07012209362453885,9
crop_free,clean_correct,raw,33,legs,0.5260854880015056,9
crop_free,clean_correct,raw,33,lower_body,0.941860760582818,9
crop_free,clean_correct,raw,33,torso,1.158828173743354,9
crop_free,clean_correct,raw,33,upper_body,2.154653506808811,9
crop_free,clean_correct,raw,34,arms,0.47908137374454074,18
crop_free,clean_correct,raw,34,hands,0.09101191096835666,18
crop_free,clean_correct,raw,34,head,0.16288608445061578,18
crop_free,clean_correct,raw,34,legs,1.1946365674336752,18
crop_free,clean_correct,raw,34,lower_body,1.7249120129479303,18
crop_free,clean_correct,raw,34,torso,0.7914867824978298,18
crop_free,clean_correct,raw,34,upper_body,1.6514259444342718,18
crop_free,clean_correct,raw,35,arms,0.3117762398719788,20
crop_free,clean_correct,raw,35,hands,0.07776304483413696,20
crop_free,clean_correct,raw,35,head,0.268184700012207,20
crop_free,clean_correct,raw,35,legs,0.3153593182563782,20
crop_free,clean_correct,raw,35,lower_body,0.7070542526245117,20
crop_free,clean_correct,raw,35,torso,1.2984253311157228,20
crop_free,clean_correct,raw,35,upper_body,2.4764029282331466,20
crop_free,clean_correct,raw,36,arms,0.5785458935631645,18
crop_free,clean_correct,raw,36,hands,0.026020224889119467,18
crop_free,clean_correct,raw,36,head,0.028858884175618486,18
crop_free,clean_correct,raw,36,legs,0.4515361653433906,18
crop_free,clean_correct,raw,36,lower_body,0.9872597217559815,18
crop_free,clean_correct,raw,36,torso,1.1384721517562868,18
crop_free,clean_correct,raw,36,upper_body,2.1549596110979716,18
crop_free,clean_correct,raw,37,arms,0.9416076408492194,18
crop_free,clean_correct,raw,37,hands,0.25368824799855555,18
crop_free,clean_correct,raw,37,head,0.054461023542616095,18
crop_free,clean_correct,raw,37,legs,0.39137932459513347,18
crop_free,clean_correct,raw,37,lower_body,0.9200665897793239,18
crop_free,clean_correct,raw,37,torso,0.48514435556199814,18
crop_free,clean_correct,raw,37,upper_body,2.407437766922845,18
crop_free,clean_correct,raw,38,arms,1.9040729778153556,14
crop_free,clean_correct,raw,38,hands,0.5924074070794242,14
crop_free,clean_correct,raw,38,head,0.15281536238534107,14
crop_free,clean_correct,raw,38,legs,0.1864131569862366,14
crop_free,clean_correct,raw,38,lower_body,0.394937801361084,14
crop_free,clean_correct,raw,38,torso,1.8789369549070085,14
crop_free,clean_correct,raw,38,upper_body,3.8050264954566955,14
crop_free,clean_correct,raw,39,arms,1.0012948681326475,17
crop_free,clean_correct,raw,39,hands,0.2703773722929113,17
crop_free,clean_correct,raw,39,head,-0.002793940375832951,17
crop_free,clean_correct,raw,39,legs,0.3684691064498004,17
crop_free,clean_correct,raw,39,lower_body,0.5848171514623306,17
crop_free,clean_correct,raw,39,torso,1.5583635189953973,17
crop_free,clean_correct,raw,39,upper_body,1.746697655846091,17
crop_free,clean_correct,raw,40,arms,0.7543866532189505,14
crop_free,clean_correct,raw,40,hands,0.13342907428741455,14
crop_free,clean_correct,raw,40,head,0.2220566817692348,14
crop_free,clean_correct,raw,40,legs,0.06833054678780692,14
crop_free,clean_correct,raw,40,lower_body,0.29605564389910016,14
crop_free,clean_correct,raw,40,torso,1.3026089668273926,14
crop_free,clean_correct,raw,40,upper_body,2.382597506046295,14
crop_free,clean_correct,raw,41,arms,-0.049853223912856154,17
crop_free,clean_correct,raw,41,hands,0.0020597906673655783,17
crop_free,clean_correct,raw,41,head,0.05459853901582606,17
crop_free,clean_correct,raw,41,legs,0.04711490518906537,17
crop_free,clean_correct,raw,41,lower_body,0.14074669445262236,17
crop_free,clean_correct,raw,41,torso,0.15648425046135395,17
crop_free,clean_correct,raw,41,upper_body,0.693225170584286,17
crop_free,clean_correct,raw,42,arms,0.42395275115966796,20
crop_free,clean_correct,raw,42,hands,0.03307462215423584,20
crop_free,clean_correct,raw,42,head,0.030417561531066895,20
crop_free,clean_correct,raw,42,legs,0.5095247411727906,20
crop_free,clean_correct,raw,42,lower_body,0.8134305047988892,20
crop_free,clean_correct,raw,42,torso,0.42348750114440914,20
crop_free,clean_correct,raw,42,upper_body,1.9168359565734865,20
crop_free,clean_correct,raw,43,arms,0.9106961045946393,14
crop_free,clean_correct,raw,43,hands,0.3348756279264178,14
crop_free,clean_correct,raw,43,head,-0.011283145632062643,14
crop_free,clean_correct,raw,43,legs,0.09695234298706056,14
crop_free,clean_correct,raw,43,lower_body,0.1818526199885777,14
crop_free,clean_correct,raw,43,torso,0.6427303927285332,14
crop_free,clean_correct,raw,43,upper_body,2.2162259663854327,14
crop_free,clean_correct,raw,44,arms,1.439817190170288,19
crop_free,clean_correct,raw,44,hands,0.19109441857588919,19
crop_free,clean_correct,raw,44,head,0.15290733638562656,19
crop_free,clean_correct,raw,44,legs,0.5181056850834898,19
crop_free,clean_correct,raw,44,lower_body,1.076613712310791,19
crop_free,clean_correct,raw,44,torso,1.7867234807265433,19
crop_free,clean_correct,raw,44,upper_body,2.720273276379234,19
crop_free,clean_correct,raw,45,arms,0.21797873228788375,16
crop_free,clean_correct,raw,45,hands,-0.11769849956035615,16
crop_free,clean_correct,raw,45,head,0.10610459446907043,16
crop_free,clean_correct,raw,45,legs,0.14295826405286788,16
crop_free,clean_correct,raw,45,lower_body,0.4282892644405365,16
crop_free,clean_correct,raw,45,torso,0.9273546397686004,16
crop_free,clean_correct,raw,45,upper_body,1.5776004895567894,16
crop_free,clean_correct,raw,46,arms,1.3651815666871912,17
crop_free,clean_correct,raw,46,hands,0.3030717092401841,17
crop_free,clean_correct,raw,46,head,0.21211045770084158,17
crop_free,clean_correct,raw,46,legs,0.4494175097521613,17
crop_free,clean_correct,raw,46,lower_body,0.9893612300648409,17
crop_free,clean_correct,raw,46,torso,0.5766304464901195,17
crop_free,clean_correct,raw,46,upper_body,2.9586274048861334,17
crop_free,clean_correct,raw,47,arms,0.5168771902720134,18
crop_free,clean_correct,raw,47,hands,0.046160202556186254,18
crop_free,clean_correct,raw,47,head,-0.027931303448147243,18
crop_free,clean_correct,raw,47,legs,-0.061236638493008054,18
crop_free,clean_correct,raw,47,lower_body,-0.17172315915425618,18
crop_free,clean_correct,raw,47,torso,1.3495011700524224,18
crop_free,clean_correct,raw,47,upper_body,2.0819590700997246,18
crop_free,clean_correct,raw,48,arms,0.5899031599362692,12
crop_free,clean_correct,raw,48,hands,0.06288748582204183,12
crop_free,clean_correct,raw,48,head,0.059131749471028644,12
crop_free,clean_correct,raw,48,legs,0.42704441547393795,12
crop_free,clean_correct,raw,48,lower_body,0.9184884389241535,12
crop_free,clean_correct,raw,48,torso,1.1117465496063232,12
crop_free,clean_correct,raw,48,upper_body,2.097539633512497,12
crop_free,clean_correct,raw,49,arms,0.3063440249516414,13
crop_free,clean_correct,raw,49,hands,0.04347878969632662,13
crop_free,clean_correct,raw,49,head,0.14557655041034406,13
crop_free,clean_correct,raw,49,legs,0.05670786637526292,13
crop_free,clean_correct,raw,49,lower_body,0.12369634188138523,13
crop_free,clean_correct,raw,49,torso,0.3895173953129695,13
crop_free,clean_correct,raw,49,upper_body,1.314634242424598,13
crop_free,clean_correct,raw,50,arms,0.2907303174336751,18
crop_free,clean_correct,raw,50,hands,-0.005341866281297471,18
crop_free,clean_correct,raw,50,head,0.05628266334533691,18
crop_free,clean_correct,raw,50,legs,0.09343647691938611,18
crop_free,clean_correct,raw,50,lower_body,0.292758321762085,18
crop_free,clean_correct,raw,50,torso,0.47044161160786946,18
crop_free,clean_correct,raw,50,upper_body,1.0820735931396483,18
crop_free,clean_correct,raw,51,arms,0.5619603216648101,20
crop_free,clean_correct,raw,51,hands,0.029075918197631834,20
crop_free,clean_correct,raw,51,head,0.08717139720916747,20
crop_free,clean_correct,raw,51,legs,0.06654282569885255,20
crop_free,clean_correct,raw,51,lower_body,0.07397403717041015,20
crop_free,clean_correct,raw,51,torso,0.476138482093811,20
crop_free,clean_correct,raw,51,upper_body,1.417040967941284,20
crop_free,clean_correct,raw,52,arms,0.31123208158156457,17
crop_free,clean_correct,raw,52,hands,0.11843749214621152,17
crop_free,clean_correct,raw,52,head,-0.015333052242503446,17
crop_free,clean_correct,raw,52,legs,-0.12079351649564855,17
crop_free,clean_correct,raw,52,lower_body,-0.0035640604355755973,17
crop_free,clean_correct,raw,52,torso,0.32208289539112767,17
crop_free,clean_correct,raw,52,upper_body,1.3516865842482622,17
crop_free,clean_correct,raw,53,arms,0.7708272329966228,15
crop_free,clean_correct,raw,53,hands,0.182359348932902,15
crop_free,clean_correct,raw,53,head,0.014578692118326825,15
crop_free,clean_correct,raw,53,legs,0.05676293055216473,15
crop_free,clean_correct,raw,53,lower_body,0.11078516642252605,15
crop_free,clean_correct,raw,53,torso,0.524275328318278,15
crop_free,clean_correct,raw,53,upper_body,2.2287859376271566,15
crop_free,clean_correct,raw,54,arms,0.46866437435150143,20
crop_free,clean_correct,raw,54,hands,0.010769345760345455,20
crop_free,clean_correct,raw,54,head,0.05045630931854248,20
crop_free,clean_correct,raw,54,legs,0.008129115104675299,20
crop_free,clean_correct,raw,54,lower_body,0.05665608406066895,20
crop_free,clean_correct,raw,54,torso,1.0904027891159056,20
crop_free,clean_correct,raw,54,upper_body,2.0131684398651126,20
crop_free,clean_correct,raw,55,arms,0.3404041674402025,18
crop_free,clean_correct,raw,55,hands,-0.08802960978613959,18
crop_free,clean_correct,raw,55,head,-0.00428164800008138,18
crop_free,clean_correct,raw,55,legs,0.20787217087215845,18
crop_free,clean_correct,raw,55,lower_body,0.33360716501871746,18
crop_free,clean_correct,raw,55,torso,0.4010982036590576,18
crop_free,clean_correct,raw,55,upper_body,1.485401678085327,18
crop_free,clean_correct,raw,56,arms,0.41334150859287805,14
crop_free,clean_correct,raw,56,hands,0.0464590276990618,14
crop_free,clean_correct,raw,56,head,0.06415792873927526,14
crop_free,clean_correct,raw,56,legs,0.07000580174582345,14
crop_free,clean_correct,raw,56,lower_body,0.273252146584647,14
crop_free,clean_correct,raw,56,torso,0.38130624634878973,14
crop_free,clean_correct,raw,56,upper_body,1.1209537846701487,14
crop_free,clean_correct,raw,57,arms,0.9028068654677447,17
crop_free,clean_correct,raw,57,hands,-0.0012533243964700208,17
crop_free,clean_correct,raw,57,head,0.04127376780790442,17
crop_free,clean_correct,raw,57,legs,0.10151696485631605,17
crop_free,clean_correct,raw,57,lower_body,0.1813324199003332,17
crop_free,clean_correct,raw,57,torso,0.5550857768339269,17
crop_free,clean_correct,raw,57,upper_body,1.853214608921724,17
crop_free,clean_correct,raw,58,arms,0.16784905857510035,18
crop_free,clean_correct,raw,58,hands,0.022858964072333444,18
crop_free,clean_correct,raw,58,head,0.04409156375461154,18
crop_free,clean_correct,raw,58,legs,0.3253004709879557,18
crop_free,clean_correct,raw,58,lower_body,0.8700783146752252,18
crop_free,clean_correct,raw,58,torso,0.2714683267805311,18
crop_free,clean_correct,raw,58,upper_body,1.0520128673977323,18
crop_free,clean_correct,raw,59,arms,0.09504841804504395,20
crop_free,clean_correct,raw,59,hands,0.014746294021606442,20
crop_free,clean_correct,raw,59,head,0.06097783088684082,20
crop_free,clean_correct,raw,59,legs,-0.06082255363464355,20
crop_free,clean_correct,raw,59,lower_body,0.019574193954467755,20
crop_free,clean_correct,raw,59,torso,0.37989914894104004,20
crop_free,clean_correct,raw,59,upper_body,0.7092902755737305,20
exact,all,area_adjusted_lift,0,arms,0.011753770139808746,20
exact,all,area_adjusted_lift,0,hands,-0.48280130182335496,20
exact,all,area_adjusted_lift,0,head,0.8515990251850106,20
exact,all,area_adjusted_lift,0,legs,0.14809987870868643,20
exact,all,area_adjusted_lift,0,torso,0.23399064048694573,20
exact,all,area_adjusted_lift,1,arms,0.5263115925831613,20
exact,all,area_adjusted_lift,1,hands,0.6695088810506301,20
exact,all,area_adjusted_lift,1,head,2.057673744050282,20
exact,all,area_adjusted_lift,1,legs,-1.0568865886650929,20
exact,all,area_adjusted_lift,1,torso,0.6170484339544743,20
exact,all,area_adjusted_lift,2,arms,0.2736278966093253,19
exact,all,area_adjusted_lift,2,hands,1.1124601785616035,19
exact,all,area_adjusted_lift,2,head,1.2554712087369142,19
exact,all,area_adjusted_lift,2,legs,-0.7715912544478407,19
exact,all,area_adjusted_lift,2,torso,-0.5319359176168448,19
exact,all,area_adjusted_lift,3,arms,0.17923037568337064,20
exact,all,area_adjusted_lift,3,hands,0.07421589374855363,20
exact,all,area_adjusted_lift,3,head,0.8276930726876529,20
exact,all,area_adjusted_lift,3,legs,-1.1127300396242201,20
exact,all,area_adjusted_lift,3,torso,-0.8672960626573517,20
exact,all,area_adjusted_lift,4,arms,0.2680542766229278,20
exact,all,area_adjusted_lift,4,hands,-0.24875408105029415,20
exact,all,area_adjusted_lift,4,head,0.7575476073783902,20
exact,all,area_adjusted_lift,4,legs,2.1880735967784513,20
exact,all,area_adjusted_lift,4,torso,-0.20252714333230257,20
exact,all,area_adjusted_lift,5,arms,-0.46296308589348867,19
exact,all,area_adjusted_lift,5,hands,-0.7621162067667165,19
exact,all,area_adjusted_lift,5,head,-1.4954024043567165,19
exact,all,area_adjusted_lift,5,legs,0.9238263529227261,19
exact,all,area_adjusted_lift,5,torso,-0.19953668873965677,19
exact,all,area_adjusted_lift,6,arms,-0.23627435412870565,20
exact,all,area_adjusted_lift,6,hands,-0.3044267581825953,20
exact,all,area_adjusted_lift,6,head,-0.8082410907734859,20
exact,all,area_adjusted_lift,6,legs,-0.7387530929353469,20
exact,all,area_adjusted_lift,6,torso,-1.0521722461730805,20
exact,all,area_adjusted_lift,7,arms,0.5230354840862281,20
exact,all,area_adjusted_lift,7,hands,-0.49249381027397476,20
exact,all,area_adjusted_lift,7,head,-1.2234701325196617,20
exact,all,area_adjusted_lift,7,legs,2.4178156740815138,20
exact,all,area_adjusted_lift,7,torso,1.715373464687544,20
exact,all,area_adjusted_lift,8,arms,-0.14824863258240079,20
exact,all,area_adjusted_lift,8,hands,-0.1406198111663145,20
exact,all,area_adjusted_lift,8,head,-0.5562056315076728,20
exact,all,area_adjusted_lift,8,legs,1.6816615813114468,20
exact,all,area_adjusted_lift,8,torso,1.1001838048714747,20
exact,all,area_adjusted_lift,9,arms,-0.34608682065406476,20
exact,all,area_adjusted_lift,9,hands,-0.7229230967875218,20
exact,all,area_adjusted_lift,9,head,1.6835961671968618,20
exact,all,area_adjusted_lift,9,legs,-1.2461869079048242,20
exact,all,area_adjusted_lift,9,torso,0.1113000664891896,20
exact,all,area_adjusted_lift,10,arms,-0.7872275691048953,19
exact,all,area_adjusted_lift,10,hands,-0.968798400059651,19
exact,all,area_adjusted_lift,10,head,0.604940798704598,19
exact,all,area_adjusted_lift,10,legs,-0.7635705448731576,19
exact,all,area_adjusted_lift,10,torso,0.1675088437833129,19
exact,all,area_adjusted_lift,11,arms,-0.3941040837694049,19
exact,all,area_adjusted_lift,11,hands,-0.15831741288097037,19
exact,all,area_adjusted_lift,11,head,0.26262225216557533,19
exact,all,area_adjusted_lift,11,legs,-0.13910294842725038,19
exact,all,area_adjusted_lift,11,torso,-0.7826645170723394,19
exact,all,area_adjusted_lift,12,arms,0.9880772826296375,18
exact,all,area_adjusted_lift,12,hands,0.1092106675080384,18
exact,all,area_adjusted_lift,12,head,0.5454696599020289,18
exact,all,area_adjusted_lift,12,legs,0.607632841364762,19
exact,all,area_adjusted_lift,12,torso,0.9493046320210421,18
exact,all,area_adjusted_lift,13,arms,-0.868126270517609,20
exact,all,area_adjusted_lift,13,hands,-0.9838759549840767,20
exact,all,area_adjusted_lift,13,head,-0.3570356730622418,20
exact,all,area_adjusted_lift,13,legs,-0.35135083209569057,20
exact,all,area_adjusted_lift,13,torso,-0.7123579315240886,20
exact,all,area_adjusted_lift,14,arms,0.3065781381972121,20
exact,all,area_adjusted_lift,14,hands,-0.7155947869696477,20
exact,all,area_adjusted_lift,14,head,-0.4712006310622878,20
exact,all,area_adjusted_lift,14,legs,1.7519815689505311,20
exact,all,area_adjusted_lift,14,torso,0.7904895672836438,20
exact,all,area_adjusted_lift,15,arms,-1.8201468146359907,20
exact,all,area_adjusted_lift,15,hands,-0.9680516934343726,20
exact,all,area_adjusted_lift,15,head,-0.9596365370225033,20
exact,all,area_adjusted_lift,15,legs,-0.40415941640593656,20
exact,all,area_adjusted_lift,15,torso,-1.553276026059704,20
exact,all,area_adjusted_lift,16,arms,-0.8448813225135438,20
exact,all,area_adjusted_lift,16,hands,-0.27048293754181996,20
exact,all,area_adjusted_lift,16,head,-0.6625523642378802,20
exact,all,area_adjusted_lift,16,legs,1.4676397277547668,20
exact,all,area_adjusted_lift,16,torso,-0.27776117277716544,20
exact,all,area_adjusted_lift,17,arms,1.4680640691935911,19
exact,all,area_adjusted_lift,17,hands,1.3978357924659655,19
exact,all,area_adjusted_lift,17,head,1.2122759095310673,19
exact,all,area_adjusted_lift,17,legs,-0.6922508023025142,19
exact,all,area_adjusted_lift,17,torso,1.125710776330709,19
exact,all,area_adjusted_lift,18,arms,1.4385541304895244,20
exact,all,area_adjusted_lift,18,hands,1.2868363883102723,20
exact,all,area_adjusted_lift,18,head,1.4356681061690986,20
exact,all,area_adjusted_lift,18,legs,0.020058802747042404,20
exact,all,area_adjusted_lift,18,torso,1.0069255256275287,20
exact,all,area_adjusted_lift,19,arms,0.37255940692695305,20
exact,all,area_adjusted_lift,19,hands,-0.14101288349842847,20
exact,all,area_adjusted_lift,19,head,0.16321084195248284,20
exact,all,area_adjusted_lift,19,legs,0.8431955119418323,20
exact,all,area_adjusted_lift,19,torso,0.07211789148103351,20
exact,all,area_adjusted_lift,20,arms,0.4900833902418033,20
exact,all,area_adjusted_lift,20,hands,-0.32092299094352117,20
exact,all,area_adjusted_lift,20,head,0.38371463837323266,20
exact,all,area_adjusted_lift,20,legs,0.9636839837286931,20
exact,all,area_adjusted_lift,20,torso,0.26898241928160616,20
exact,all,area_adjusted_lift,21,arms,-0.081963427477249,20
exact,all,area_adjusted_lift,21,hands,-0.035723295737988145,20
exact,all,area_adjusted_lift,21,head,-0.2845805169825258,20
exact,all,area_adjusted_lift,21,legs,-0.9640256325121527,20
exact,all,area_adjusted_lift,21,torso,-0.45132888918659886,20
exact,all,area_adjusted_lift,22,arms,1.238254837667645,20
exact,all,area_adjusted_lift,22,hands,0.9627163225105954,20
exact,all,area_adjusted_lift,22,head,0.3038262217674862,20
exact,all,area_adjusted_lift,22,legs,0.13043692263870757,20
exact,all,area_adjusted_lift,22,torso,-0.8736508433045068,20
exact,all,area_adjusted_lift,23,arms,-1.2657792924959028,20
exact,all,area_adjusted_lift,23,hands,-1.0976091329671012,20
exact,all,area_adjusted_lift,23,head,-1.1417033479343912,20
exact,all,area_adjusted_lift,23,legs,0.13633416603544782,20
exact,all,area_adjusted_lift,23,torso,-1.5835268791568358,20
exact,all,area_adjusted_lift,24,arms,-0.6432978927015931,19
exact,all,area_adjusted_lift,24,hands,-0.1490620703907758,19
exact,all,area_adjusted_lift,24,head,-0.2901756072255072,19
exact,all,area_adjusted_lift,24,legs,0.03346884777673524,19
exact,all,area_adjusted_lift,24,torso,0.24135390440067636,19
exact,all,area_adjusted_lift,25,arms,-1.253151814023953,20
exact,all,area_adjusted_lift,25,hands,-0.7512837323876005,20
exact,all,area_adjusted_lift,25,head,-1.0774822842454053,20
exact,all,area_adjusted_lift,25,legs,1.591500387819011,20
exact,all,area_adjusted_lift,25,torso,-0.8336094453282866,20
exact,all,area_adjusted_lift,26,arms,-1.2179470927778844,20
exact,all,area_adjusted_lift,26,hands,-1.1913862753675435,20
exact,all,area_adjusted_lift,26,head,0.5204482663903537,20
exact,all,area_adjusted_lift,26,legs,0.1884103125718196,20
exact,all,area_adjusted_lift,26,torso,-0.03548522571423529,20
exact,all,area_adjusted_lift,27,arms,1.8830804087806559,20
exact,all,area_adjusted_lift,27,hands,1.3367885671048023,20
exact,all,area_adjusted_lift,27,head,1.2117889510069766,20
exact,all,area_adjusted_lift,27,legs,0.6608383958049056,20
exact,all,area_adjusted_lift,27,torso,1.804874863131289,20
exact,all,area_adjusted_lift,28,arms,1.6587553571673967,20
exact,all,area_adjusted_lift,28,hands,2.1873923169363456,20
exact,all,area_adjusted_lift,28,head,0.05308937428328563,20
exact,all,area_adjusted_lift,28,legs,-1.0935376555157843,20
exact,all,area_adjusted_lift,28,torso,-0.7097755259775816,20
exact,all,area_adjusted_lift,29,arms,0.491803970711343,20
exact,all,area_adjusted_lift,29,hands,1.952417067245083,20
exact,all,area_adjusted_lift,29,head,-0.9395270836750029,20
exact,all,area_adjusted_lift,29,legs,0.9930658517982985,20
exact,all,area_adjusted_lift,29,torso,-0.42942349622979703,20
exact,all,area_adjusted_lift,30,arms,0.10682800657416343,20
exact,all,area_adjusted_lift,30,hands,0.8362950549552678,20
exact,all,area_adjusted_lift,30,head,0.2986953885644945,20
exact,all,area_adjusted_lift,30,legs,-0.8263448226115869,20
exact,all,area_adjusted_lift,30,torso,-1.5275580465424294,20
exact,all,area_adjusted_lift,31,arms,0.5334799133644852,19
exact,all,area_adjusted_lift,31,hands,0.10970453215493588,19
exact,all,area_adjusted_lift,31,head,0.29983892902550624,19
exact,all,area_adjusted_lift,31,legs,-0.3203385973920975,19
exact,all,area_adjusted_lift,31,torso,0.02182465089974004,19
exact,all,area_adjusted_lift,32,arms,1.4504106030769344,20
exact,all,area_adjusted_lift,32,hands,1.340174740662664,20
exact,all,area_adjusted_lift,32,head,1.3528687876032917,20
exact,all,area_adjusted_lift,32,legs,0.5254005153184028,20
exact,all,area_adjusted_lift,32,torso,1.8479704922255675,20
exact,all,area_adjusted_lift,33,arms,1.3630722914656577,20
exact,all,area_adjusted_lift,33,hands,1.3287424605884433,20
exact,all,area_adjusted_lift,33,head,0.3555273765701077,20
exact,all,area_adjusted_lift,33,legs,0.30293643978516255,20
exact,all,area_adjusted_lift,33,torso,-0.2622426416211538,20
exact,all,area_adjusted_lift,34,arms,-1.0710327358001455,20
exact,all,area_adjusted_lift,34,hands,-0.5168701253219659,20
exact,all,area_adjusted_lift,34,head,-0.32442151727709795,20
exact,all,area_adjusted_lift,34,legs,2.676881975540511,20
exact,all,area_adjusted_lift,34,torso,-0.019832004598035677,20
exact,all,area_adjusted_lift,35,arms,-1.07769597827452,20
exact,all,area_adjusted_lift,35,hands,-0.42313762845045066,20
exact,all,area_adjusted_lift,35,head,2.3294323616748236,20
exact,all,area_adjusted_lift,35,legs,0.8285674942137072,20
exact,all,area_adjusted_lift,35,torso,1.5702095015130737,20
exact,all,area_adjusted_lift,36,arms,-0.18373941988861173,20
exact,all,area_adjusted_lift,36,hands,-0.7673171341614852,20
exact,all,area_adjusted_lift,36,head,-0.1667078352871672,20
exact,all,area_adjusted_lift,36,legs,0.3074721193876534,20
exact,all,area_adjusted_lift,36,torso,1.196146799619269,20
exact,all,area_adjusted_lift,37,arms,0.683138792718372,20
exact,all,area_adjusted_lift,37,hands,1.3217266602573168,20
exact,all,area_adjusted_lift,37,head,0.7731759923668771,20
exact,all,area_adjusted_lift,37,legs,0.6060194419493573,20
exact,all,area_adjusted_lift,37,torso,-0.27984629244357,20
exact,all,area_adjusted_lift,38,arms,2.734463839057372,20
exact,all,area_adjusted_lift,38,hands,3.204533117487182,20
exact,all,area_adjusted_lift,38,head,0.957528312723952,20
exact,all,area_adjusted_lift,38,legs,-0.8346139010215283,20
exact,all,area_adjusted_lift,38,torso,2.7644890856207254,20
exact,all,area_adjusted_lift,39,arms,1.5518344466172285,20
exact,all,area_adjusted_lift,39,hands,1.160508565886373,20
exact,all,area_adjusted_lift,39,head,0.14148068017412874,20
exact,all,area_adjusted_lift,39,legs,0.5613233042107263,20
exact,all,area_adjusted_lift,39,torso,1.5854484166899785,20
exact,all,area_adjusted_lift,40,arms,0.2188847856081238,20
exact,all,area_adjusted_lift,40,hands,0.3798213638161164,20
exact,all,area_adjusted_lift,40,head,0.9499363965470853,20
exact,all,area_adjusted_lift,40,legs,0.017526265845056534,20
exact,all,area_adjusted_lift,40,torso,0.6153839990757076,20
exact,all,area_adjusted_lift,41,arms,-1.8976505341497358,20
exact,all,area_adjusted_lift,41,hands,-1.0181275918696853,20
exact,all,area_adjusted_lift,41,head,-1.7029757181554486,20
exact,all,area_adjusted_lift,41,legs,-0.9252530319834688,20
exact,all,area_adjusted_lift,41,torso,-1.6738480222803778,20
exact,all,area_adjusted_lift,42,arms,-0.33647425976455114,20
exact,all,area_adjusted_lift,42,hands,-0.6959234281897217,20
exact,all,area_adjusted_lift,42,head,-1.1886142153210952,20
exact,all,area_adjusted_lift,42,legs,0.4442795397369533,20
exact,all,area_adjusted_lift,42,torso,-0.014253403816690548,20
exact,all,area_adjusted_lift,43,arms,0.9780321121814127,19
exact,all,area_adjusted_lift,43,hands,2.2869448170905398,19
exact,all,area_adjusted_lift,43,head,-0.9563895863161267,19
exact,all,area_adjusted_lift,43,legs,-0.7511855699166791,19
exact,all,area_adjusted_lift,43,torso,0.22865642563473834,19
exact,all,area_adjusted_lift,44,arms,1.1012798752779986,19
exact,all,area_adjusted_lift,44,hands,0.09468826574527438,19
exact,all,area_adjusted_lift,44,head,-0.27960046133891814,19
exact,all,area_adjusted_lift,44,legs,1.4664348508109384,19
exact,all,area_adjusted_lift,44,torso,1.4756014721230466,19
exact,all,area_adjusted_lift,45,arms,-0.3942576325019598,20
exact,all,area_adjusted_lift,45,hands,-0.5645389679345081,20
exact,all,area_adjusted_lift,45,head,-0.34346601356348283,20
exact,all,area_adjusted_lift,45,legs,-0.40189717616084647,20
exact,all,area_adjusted_lift,45,torso,0.5089623030754832,20
exact,all,area_adjusted_lift,46,arms,1.184880623821689,20
exact,all,area_adjusted_lift,46,hands,1.09903152549766,20
exact,all,area_adjusted_lift,46,head,2.4613158569972224,20
exact,all,area_adjusted_lift,46,legs,0.03157508471744751,20
exact,all,area_adjusted_lift,46,torso,-0.590011504495336,20
exact,all,area_adjusted_lift,47,arms,-0.292809222571089,20
exact,all,area_adjusted_lift,47,hands,-0.41851454544220595,20
exact,all,area_adjusted_lift,47,head,-0.917167520876059,20
exact,all,area_adjusted_lift,47,legs,-0.8727847872699812,20
exact,all,area_adjusted_lift,47,torso,1.2834957069835833,20
exact,all,area_adjusted_lift,48,arms,-0.9821002135697547,19
exact,all,area_adjusted_lift,48,hands,-0.616674893410202,19
exact,all,area_adjusted_lift,48,head,0.13760693414823794,19
exact,all,area_adjusted_lift,48,legs,-0.01732173165574865,19
exact,all,area_adjusted_lift,48,torso,0.20860395874444165,19
exact,all,area_adjusted_lift,49,arms,-0.5690368140966711,20
exact,all,area_adjusted_lift,49,hands,-0.899350732487047,20
exact,all,area_adjusted_lift,49,head,-1.0980722661584024,20
exact,all,area_adjusted_lift,49,legs,-0.7438468500562864,20
exact,all,area_adjusted_lift,49,torso,-0.6507123538209627,20
exact,all,area_adjusted_lift,50,arms,-0.8901427180968733,20
exact,all,area_adjusted_lift,50,hands,-0.9021574550962065,20
exact,all,area_adjusted_lift,50,head,-0.9760105780955072,19
exact,all,area_adjusted_lift,50,legs,-0.5689201442670979,20
exact,all,area_adjusted_lift,50,torso,-0.3677301952320734,20
exact,all,area_adjusted_lift,51,arms,-0.4353100688035427,20
exact,all,area_adjusted_lift,51,hands,-0.90651031836362,20
exact,all,area_adjusted_lift,51,head,-0.6611849627022204,20
exact,all,area_adjusted_lift,51,legs,-1.2506537233950665,20
exact,all,area_adjusted_lift,51,torso,-0.5839770956375332,20
exact,all,area_adjusted_lift,52,arms,-1.4769097830779476,20
exact,all,area_adjusted_lift,52,hands,-0.8033986575966358,20
exact,all,area_adjusted_lift,52,head,-1.4000627016327278,20
exact,all,area_adjusted_lift,52,legs,-1.25544952628178,20
exact,all,area_adjusted_lift,52,torso,-1.6287270711662765,20
exact,all,area_adjusted_lift,53,arms,4.509349517184684e-06,20
exact,all,area_adjusted_lift,53,hands,-0.3521872531565895,20
exact,all,area_adjusted_lift,53,head,1.0647659594079735,20
exact,all,area_adjusted_lift,53,legs,-0.4888111873725157,20
exact,all,area_adjusted_lift,53,torso,-0.5383034165422964,20
exact,all,area_adjusted_lift,54,arms,0.06679957946528815,20
exact,all,area_adjusted_lift,54,hands,-0.6862733911814656,20
exact,all,area_adjusted_lift,54,head,-0.20170926840212855,20
exact,all,area_adjusted_lift,54,legs,-0.7591148289902565,20
exact,all,area_adjusted_lift,54,torso,0.7826039575799228,20
exact,all,area_adjusted_lift,55,arms,-0.5265834629498805,20
exact,all,area_adjusted_lift,55,hands,-1.1695077697461886,20
exact,all,area_adjusted_lift,55,head,-1.1652638234089414,20
exact,all,area_adjusted_lift,55,legs,-0.9386635141310389,20
exact,all,area_adjusted_lift,55,torso,-1.2138224361672016,20
exact,all,area_adjusted_lift,56,arms,-1.0983505910660778,20
exact,all,area_adjusted_lift,56,hands,-0.6066093729643965,20
exact,all,area_adjusted_lift,56,head,-1.3493733003098687,20
exact,all,area_adjusted_lift,56,legs,-1.1589249028641655,20
exact,all,area_adjusted_lift,56,torso,-1.0761490407656813,20
exact,all,area_adjusted_lift,57,arms,0.28973808192948075,20
exact,all,area_adjusted_lift,57,hands,-0.17320995514915444,20
exact,all,area_adjusted_lift,57,head,-1.0157590006218704,20
exact,all,area_adjusted_lift,57,legs,-0.6358277988611423,20
exact,all,area_adjusted_lift,57,torso,-1.22864042856861,20
exact,all,area_adjusted_lift,58,arms,-1.2048005367686467,20
exact,all,area_adjusted_lift,58,hands,-0.7377899380479521,20
exact,all,area_adjusted_lift,58,head,-0.6103704856055783,20
exact,all,area_adjusted_lift,58,legs,-0.849112712542254,20
exact,all,area_adjusted_lift,58,torso,-0.9058597807055263,20
exact,all,area_adjusted_lift,59,arms,-1.5735794035816135,20
exact,all,area_adjusted_lift,59,hands,-1.0871973877999117,20
exact,all,area_adjusted_lift,59,head,-0.628446261607075,20
exact,all,area_adjusted_lift,59,legs,-1.5829309137679455,20
exact,all,area_adjusted_lift,59,torso,-0.6367198583616169,20
exact,all,lift,0,arms,-0.4193720281613809,20
exact,all,lift,0,hands,-1.1612198571612125,20
exact,all,lift,0,head,0.4039709199261193,20
exact,all,lift,0,legs,-0.2192130984638312,20
exact,all,lift,0,lower_body,-0.32294784662914,20
exact,all,lift,0,torso,-0.10914211908257086,20
exact,all,lift,0,upper_body,-0.07551293164027262,20
exact,all,lift,1,arms,0.41062530814466963,20
exact,all,lift,1,hands,0.6732920905425319,20
exact,all,lift,1,head,2.329358530383611,20
exact,all,lift,1,legs,-1.4725615200918614,20
exact,all,lift,1,lower_body,-1.3557922964597044,20
exact,all,lift,1,torso,0.5408770989559024,20
exact,all,lift,1,upper_body,-0.6422790228759007,20
exact,all,lift,2,arms,0.09884760342805662,20
exact,all,lift,2,hands,0.930921375244501,20
exact,all,lift,2,head,1.1018449800929444,20
exact,all,lift,2,legs,-0.8983608155806269,20
exact,all,lift,2,lower_body,-0.9707237069268043,20
exact,all,lift,2,torso,-0.9755833967686035,20
exact,all,lift,2,upper_body,-0.08690830707296011,20
exact,all,lift,3,arms,-0.05616708162244391,20
exact,all,lift,3,hands,-0.04963376390369524,20
exact,all,lift,3,head,0.522671666599774,20
exact,all,lift,3,legs,-1.3603214895985802,20
exact,all,lift,3,lower_body,-1.1396049407630453,20
exact,all,lift,3,torso,-0.8922886590204206,20
exact,all,lift,3,upper_body,-0.45775817600652896,20
exact,all,lift,4,arms,0.2708796322945626,20
exact,all,lift,4,hands,-0.1347741531421031,20
exact,all,lift,4,head,1.9593130537160268,20
exact,all,lift,4,legs,2.228591779630871,20
exact,all,lift,4,lower_body,2.4780238073735887,20
exact,all,lift,4,torso,-0.30858963838098785,20
exact,all,lift,4,upper_body,1.0511148069155727,20
exact,all,lift,5,arms,-0.4978912548184655,20
exact,all,lift,5,hands,-0.509077103699566,20
exact,all,lift,5,head,-0.5413813544589442,20
exact,all,lift,5,legs,0.7994187067028584,20
exact,all,lift,5,lower_body,0.6659917848075604,20
exact,all,lift,5,torso,-0.23632709008271527,20
exact,all,lift,5,upper_body,-0.6128345066439429,20
exact,all,lift,6,arms,-0.15318470008363336,20
exact,all,lift,6,hands,-0.04326044844482911,20
exact,all,lift,6,head,-0.2757397324018235,20
exact,all,lift,6,legs,-0.7564275939201195,20
exact,all,lift,6,lower_body,-0.7883944580494274,20
exact,all,lift,6,torso,-0.8844728539327251,20
exact,all,lift,6,upper_body,0.08189056139487323,20
exact,all,lift,7,arms,0.40043493716639805,20
exact,all,lift,7,hands,-0.21655005864561727,20
exact,all,lift,7,head,-0.7587181579624712,20
exact,all,lift,7,legs,2.8358377231445875,20
exact,all,lift,7,lower_body,2.3906848822148365,20
exact,all,lift,7,torso,1.7239515769166285,20
exact,all,lift,7,upper_body,1.05554798575686,20
exact,all,lift,8,arms,-0.15271323149066113,20
exact,all,lift,8,hands,-0.23709124637385623,20
exact,all,lift,8,head,-0.6899602063546808,20
exact,all,lift,8,legs,1.780456958949752,20
exact,all,lift,8,lower_body,1.8476659558975936,20
exact,all,lift,8,torso,1.025753544374054,20
exact,all,lift,8,upper_body,0.6397799066558129,20
exact,all,lift,9,arms,-0.5893592138938265,20
exact,all,lift,9,hands,-1.2758097965287427,20
exact,all,lift,9,head,0.5595137841566711,20
exact,all,lift,9,legs,-1.387552776261753,20
exact,all,lift,9,lower_body,-1.3033331109830686,20
exact,all,lift,9,torso,0.02216725155100172,20
exact,all,lift,9,upper_body,-1.6896566879181316,20
exact,all,lift,10,arms,-1.0352337542861696,20
exact,all,lift,10,hands,-1.3637884661614281,20
exact,all,lift,10,head,0.5257277066801911,20
exact,all,lift,10,legs,-0.6438104209539572,20
exact,all,lift,10,lower_body,-0.7006755085096802,20
exact,all,lift,10,torso,-0.049266870806257114,20
exact,all,lift,10,upper_body,-1.0984188015400962,20
exact,all,lift,11,arms,-0.6042728823872178,20
exact,all,lift,11,hands,-0.8103094820562698,20
exact,all,lift,11,head,-0.700571897115396,20
exact,all,lift,11,legs,-0.42158173714260316,20
exact,all,lift,11,lower_body,-0.5825773106832958,20
exact,all,lift,11,torso,-0.8874769746364747,20
exact,all,lift,11,upper_body,-1.520437710689015,20
exact,all,lift,12,arms,0.5480748817206875,20
exact,all,lift,12,hands,-0.31178893002202074,20
exact,all,lift,12,head,0.07446511608709988,20
exact,all,lift,12,legs,0.46484973164415455,20
exact,all,lift,12,lower_body,0.38809430886308965,20
exact,all,lift,12,torso,0.5938171535826418,20
exact,all,lift,12,upper_body,1.2075035442817021,20
exact,all,lift,13,arms,-0.7253203159638429,20
exact,all,lift,13,hands,-0.5710560713840463,20
exact,all,lift,13,head,0.4104473499843174,20
exact,all,lift,13,legs,-0.32586629929570676,20
exact,all,lift,13,lower_body,-0.3253266247913489,20
exact,all,lift,13,torso,-0.5813643190017247,20
exact,all,lift,13,upper_body,0.08176235517755377,20
exact,all,lift,14,arms,0.17922370723270367,20
exact,all,lift,14,hands,-0.4430849255358315,20
exact,all,lift,14,head,0.13582992395262028,20
exact,all,lift,14,legs,1.7314254870408403,20
exact,all,lift,14,lower_body,1.7432015908277427,20
exact,all,lift,14,torso,0.717820226592172,20
exact,all,lift,14,upper_body,0.8054835092412252,20
exact,all,lift,15,arms,-1.5439459823522275,20
exact,all,lift,15,hands,-0.7716038593950986,20
exact,all,lift,15,head,-0.31483881564378974,20
exact,all,lift,15,legs,-0.3942638278885414,20
exact,all,lift,15,lower_body,-0.6173618211597858,20
exact,all,lift,15,torso,-1.3197363832364495,20
exact,all,lift,15,upper_body,-1.763077084094843,20
exact,all,lift,16,arms,-0.7795724852771825,20
exact,all,lift,16,hands,-0.29673523684190967,20
exact,all,lift,16,head,-0.05700318116507139,20
exact,all,lift,16,legs,1.6685166878564397,20
exact,all,lift,16,lower_body,2.0960828835495695,20
exact,all,lift,16,torso,-0.34858178107661864,20
exact,all,lift,16,upper_body,-0.8159431859351786,20
exact,all,lift,17,arms,1.149578536070735,20
exact,all,lift,17,hands,1.1590595548462388,20
exact,all,lift,17,head,0.4362474775849118,20
exact,all,lift,17,legs,-0.6667664945417073,20
exact,all,lift,17,lower_body,-0.6348678285120334,20
exact,all,lift,17,torso,0.8680276729233541,20
exact,all,lift,17,upper_body,1.1324821368355216,20
exact,all,lift,18,arms,1.3202906048124734,20
exact,all,lift,18,hands,1.1787238428267721,20
exact,all,lift,18,head,0.4101875478560859,20
exact,all,lift,18,legs,0.1845560617275798,20
exact,all,lift,18,lower_body,0.40692682988396645,20
exact,all,lift,18,torso,1.128577652761864,20
exact,all,lift,18,upper_body,0.8964716558329,20
exact,all,lift,19,arms,0.3041639924717189,20
exact,all,lift,19,hands,0.09048675767734045,20
exact,all,lift,19,head,0.24736020564212685,20
exact,all,lift,19,legs,1.1774420969007529,20
exact,all,lift,19,lower_body,0.9252801159424698,20
exact,all,lift,19,torso,-0.06710328986714233,20
exact,all,lift,19,upper_body,0.29182819523082715,20
exact,all,lift,20,arms,0.4765489878141877,20
exact,all,lift,20,hands,-0.011731863778385076,20
exact,all,lift,20,head,0.0771201746003107,20
exact,all,lift,20,legs,1.1139022727340007,20
exact,all,lift,20,lower_body,1.02766317829018,20
exact,all,lift,20,torso,0.221161102589747,20
exact,all,lift,20,upper_body,1.9566359039953691,20
exact,all,lift,21,arms,-0.19555469030295947,20
exact,all,lift,21,hands,-0.31818728715323435,20
exact,all,lift,21,head,-1.091342447815734,20
exact,all,lift,21,legs,-1.3125221784719976,20
exact,all,lift,21,lower_body,-1.2452444272427003,20
exact,all,lift,21,torso,-0.5926279937853938,20
exact,all,lift,21,upper_body,0.43976704291419955,20
exact,all,lift,22,arms,1.5478542793363346,20
exact,all,lift,22,hands,1.2042956517900678,20
exact,all,lift,22,head,-0.13808375607286696,20
exact,all,lift,22,legs,-0.022671337997342576,20
exact,all,lift,22,lower_body,-0.047048900406099485,20
exact,all,lift,22,torso,-0.8284777392027867,20
exact,all,lift,22,upper_body,0.9883739052510017,20
exact,all,lift,23,arms,-1.0164899218264445,20
exact,all,lift,23,hands,-0.6857675710140769,20
exact,all,lift,23,head,-0.11014086017406265,20
exact,all,lift,23,legs,0.5018684798711028,20
exact,all,lift,23,lower_body,1.152070421120399,20
exact,all,lift,23,torso,-1.2569420397907716,20
exact,all,lift,23,upper_body,-0.6875841778534957,20
exact,all,lift,24,arms,-0.8882598167616703,20
exact,all,lift,24,hands,-0.38918727248009816,20
exact,all,lift,24,head,-1.2456188765477743,20
exact,all,lift,24,legs,-0.23970658901515088,20
exact,all,lift,24,lower_body,0.17344945666876557,20
exact,all,lift,24,torso,-0.25236406985508675,20
exact,all,lift,24,upper_body,-0.7403743360809535,20
exact,all,lift,25,arms,-1.1426020262162848,20
exact,all,lift,25,hands,-0.6731390567253462,20
exact,all,lift,25,head,-0.9559993680771436,20
exact,all,lift,25,legs,1.5269387639772454,20
exact,all,lift,25,lower_body,1.497547365878254,20
exact,all,lift,25,torso,-0.6881915367458158,20
exact,all,lift,25,upper_body,-0.6720041703392027,20
exact,all,lift,26,arms,-1.02757056661411,20
exact,all,lift,26,hands,-0.8688511008732972,20
exact,all,lift,26,head,1.0245361150032353,20
exact,all,lift,26,legs,0.3570394980798428,20
exact,all,lift,26,lower_body,0.29559139432545495,20
exact,all,lift,26,torso,-0.10468732820841306,20
exact,all,lift,26,upper_body,-0.1086925357824038,20
exact,all,lift,27,arms,2.2611473113095166,20
exact,all,lift,27,hands,1.6074652098934705,20
exact,all,lift,27,head,0.08144830473230248,20
exact,all,lift,27,legs,0.620989085216753,20
exact,all,lift,27,lower_body,0.7271416568583209,20
exact,all,lift,27,torso,1.9938029124322816,20
exact,all,lift,27,upper_body,2.2053963013448943,20
exact,all,lift,28,arms,1.5707801208092602,20
exact,all,lift,28,hands,1.801899310888741,20
exact,all,lift,28,head,0.36092993711137733,20
exact,all,lift,28,legs,-1.2067879704125442,20
exact,all,lift,28,lower_body,-1.229660613582919,20
exact,all,lift,28,torso,-0.5728307162755016,20
exact,all,lift,28,upper_body,-0.19811589062022134,20
exact,all,lift,29,arms,0.46574658500720384,20
exact,all,lift,29,hands,1.6803515315600233,20
exact,all,lift,29,head,-2.269281179227364,20
exact,all,lift,29,legs,0.8144451302450323,20
exact,all,lift,29,lower_body,0.9979504205142248,20
exact,all,lift,29,torso,-0.573834105468272,20
exact,all,lift,29,upper_body,-0.6211089793397238,20
exact,all,lift,30,arms,0.11690692242198056,20
exact,all,lift,30,hands,0.6599982770232286,20
exact,all,lift,30,head,-0.010997553056919395,20
exact,all,lift,30,legs,-0.7932286919161639,20
exact,all,lift,30,lower_body,-0.7264325022001676,20
exact,all,lift,30,torso,-1.3407046005602654,20
exact,all,lift,30,upper_body,0.19522024071883223,20
exact,all,lift,31,arms,0.6380797794644304,20
exact,all,lift,31,hands,0.1699317053304019,20
exact,all,lift,31,head,0.2752158247436544,20
exact,all,lift,31,legs,-0.19939358973309626,20
exact,all,lift,31,lower_body,-0.2596603682909716,20
exact,all,lift,31,torso,-0.06106740737285764,20
exact,all,lift,31,upper_body,1.274102208394428,20
exact,all,lift,32,arms,1.4023905793236473,20
exact,all,lift,32,hands,1.1411120688237175,20
exact,all,lift,32,head,1.1709256100005254,20
exact,all,lift,32,legs,0.4445174043473804,20
exact,all,lift,32,lower_body,0.887497560240687,20
exact,all,lift,32,torso,2.1704150237159165,20
exact,all,lift,32,upper_body,2.120288702431148,20
exact,all,lift,33,arms,1.328077707543681,20
exact,all,lift,33,hands,0.9941345304135204,20
exact,all,lift,33,head,-0.1458249006786445,20
exact,all,lift,33,legs,0.29530543423374817,20
exact,all,lift,33,lower_body,0.3320202795533194,20
exact,all,lift,33,torso,-0.4514118600051926,20
exact,all,lift,33,upper_body,-0.5788034042616738,20
exact,all,lift,34,arms,-0.9521297313671743,20
exact,all,lift,34,hands,-0.33237567056463313,20
exact,all,lift,34,head,0.4553149378260077,20
exact,all,lift,34,legs,2.440070650549621,20
exact,all,lift,34,lower_body,1.9610921502606369,20
exact,all,lift,34,torso,-0.08393867164143272,20
exact,all,lift,34,upper_body,-0.7509975273247262,20
exact,all,lift,35,arms,-1.0629937243592609,20
exact,all,lift,35,hands,-0.4180883970711838,20
exact,all,lift,35,head,2.4469565777474473,20
exact,all,lift,35,legs,0.5587076314112718,20
exact,all,lift,35,lower_body,0.9631497473523326,20
exact,all,lift,35,torso,1.6742779568659727,20
exact,all,lift,35,upper_body,1.0307011524737213,20
exact,all,lift,36,arms,-0.29540156584729244,20
exact,all,lift,36,hands,-1.291084409559143,20
exact,all,lift,36,head,-2.578097526571673,20
exact,all,lift,36,legs,0.08400756267024766,20
exact,all,lift,36,lower_body,0.09011733945226925,20
exact,all,lift,36,torso,1.3445160408414123,20
exact,all,lift,36,upper_body,-0.20940243926193167,20
exact,all,lift,37,arms,0.7884597846497802,20
exact,all,lift,37,hands,1.414152366726695,20
exact,all,lift,37,head,0.2887506735878065,20
exact,all,lift,37,legs,0.31828579320415057,20
exact,all,lift,37,lower_body,0.24752245903317505,20
exact,all,lift,37,torso,-0.4226910791128877,20
exact,all,lift,37,upper_body,0.9718625786229282,20
exact,all,lift,38,arms,3.330410092041648,20
exact,all,lift,38,hands,3.621550656399453,20
exact,all,lift,38,head,0.47168806499511834,20
exact,all,lift,38,legs,-0.8748641103509867,20
exact,all,lift,38,lower_body,-0.8283688425062339,20
exact,all,lift,38,torso,3.2679366039081494,20
exact,all,lift,38,upper_body,2.3006120063096427,20
exact,all,lift,39,arms,1.6359473860819564,20
exact,all,lift,39,hands,1.2057499950687136,20
exact,all,lift,39,head,-0.640256684930928,20
exact,all,lift,39,legs,0.5588748879540697,20
exact,all,lift,39,lower_body,0.15048783283767986,20
exact,all,lift,39,torso,1.9461471742400036,20
exact,all,lift,39,upper_body,0.8723898683800169,20
exact,all,lift,40,arms,0.18332341972428418,20
exact,all,lift,40,hands,0.44755175599127955,20
exact,all,lift,40,head,1.2558440898747645,20
exact,all,lift,40,legs,-0.1666458416044298,20
exact,all,lift,40,lower_body,-0.46619534244157923,20
exact,all,lift,40,torso,0.5915202407504048,20
exact,all,lift,40,upper_body,0.08058257917363341,20
exact,all,lift,41,arms,-1.5914467829500105,20
exact,all,lift,41,hands,-0.82911696173829,20
exact,all,lift,41,head,-0.6077816032895976,20
exact,all,lift,41,legs,-0.6057769123676447,20
exact,all,lift,41,lower_body,-0.6777315056514016,20
exact,all,lift,41,torso,-1.3372627220358118,20
exact,all,lift,41,upper_body,-1.7257975258800227,20
exact,all,lift,42,arms,-0.349921888087361,20
exact,all,lift,42,hands,-0.33272050741409803,20
exact,all,lift,42,head,-0.16101376775625673,20
exact,all,lift,42,legs,0.595865326865071,20
exact,all,lift,42,lower_body,0.15530386496797743,20
exact,all,lift,42,torso,-0.02962264462225529,20
exact,all,lift,42,upper_body,-0.1983208496068029,20
exact,all,lift,43,arms,1.0000192837066604,20
exact,all,lift,43,hands,2.4451606537623074,20
exact,all,lift,43,head,-0.7300406618657437,20
exact,all,lift,43,legs,-0.973197461135895,20
exact,all,lift,43,lower_body,-0.9694119546205247,20
exact,all,lift,43,torso,0.12248479942796031,20
exact,all,lift,43,upper_body,0.8373794983480669,20
exact,all,lift,44,arms,0.8385624226027462,20
exact,all,lift,44,hands,-0.22885741106518587,20
exact,all,lift,44,head,-0.503305622396314,20
exact,all,lift,44,legs,1.075526581283195,20
exact,all,lift,44,lower_body,0.8302815551785826,20
exact,all,lift,44,torso,1.2794867139666273,20
exact,all,lift,44,upper_body,0.5791971426344549,20
exact,all,lift,45,arms,-0.6073273867864414,20
exact,all,lift,45,hands,-0.8677791300492508,20
exact,all,lift,45,head,-0.6876160253348683,20
exact,all,lift,45,legs,-0.4857539399806763,20
exact,all,lift,45,lower_body,-0.22806897176589574,20
exact,all,lift,45,torso,0.38919978553592594,20
exact,all,lift,45,upper_body,0.30124666226768754,20
exact,all,lift,46,arms,1.342002456450294,20
exact,all,lift,46,hands,1.0865263347495477,20
exact,all,lift,46,head,3.496648201814283,20
exact,all,lift,46,legs,0.09066730055259416,20
exact,all,lift,46,lower_body,0.24309834164289396,20
exact,all,lift,46,torso,-0.5419614979751864,20
exact,all,lift,46,upper_body,0.8822859105256072,20
exact,all,lift,47,arms,-0.43516626029712335,20
exact,all,lift,47,hands,-0.3870037075240624,20
exact,all,lift,47,head,-0.6948695876640288,20
exact,all,lift,47,legs,-1.175308517447067,20
exact,all,lift,47,lower_body,-1.4389084884020933,20
exact,all,lift,47,torso,1.121065433373727,20
exact,all,lift,47,upper_body,-0.24165741225623458,20
exact,all,lift,48,arms,-1.1979732561061829,20
exact,all,lift,48,hands,-1.1782247346043326,20
exact,all,lift,48,head,-0.31740604419692414,20
exact,all,lift,48,legs,-0.17736938077821512,20
exact,all,lift,48,lower_body,0.05282065928989731,20
exact,all,lift,48,torso,0.1860529860237064,20
exact,all,lift,48,upper_body,-0.8198828649938066,20
exact,all,lift,49,arms,-0.41898116728254503,20
exact,all,lift,49,hands,-0.5607015819988175,20
exact,all,lift,49,head,-0.3415209305971453,20
exact,all,lift,49,legs,-0.5018535620611269,20
exact,all,lift,49,lower_body,-0.8241219222261192,20
exact,all,lift,49,torso,-0.5378162757198051,20
exact,all,lift,49,upper_body,-0.42197925732215597,20
exact,all,lift,50,arms,-0.7324742339338189,20
exact,all,lift,50,hands,-0.7359558604400328,20
exact,all,lift,50,head,-0.34271219741743897,20
exact,all,lift,50,legs,-0.3556388011079199,20
exact,all,lift,50,lower_body,-0.2585606069209052,20
exact,all,lift,50,torso,-0.2814599220162232,20
exact,all,lift,50,upper_body,-0.7552479240565324,20
exact,all,lift,51,arms,-0.5290292777685119,20
exact,all,lift,51,hands,-0.7141254624207601,20
exact,all,lift,51,head,0.16568977480231414,20
exact,all,lift,51,legs,-0.8462980863643023,20
exact,all,lift,51,lower_body,-0.982093267463386,20
exact,all,lift,51,torso,-0.6294938425037743,20
exact,all,lift,51,upper_body,-0.792769066231482,20
exact,all,lift,52,arms,-1.4053067724208381,20
exact,all,lift,52,hands,-0.3636870265254444,20
exact,all,lift,52,head,-1.408707926228497,20
exact,all,lift,52,legs,-1.0046096212437423,20
exact,all,lift,52,lower_body,-0.9614981098992853,20
exact,all,lift,52,torso,-1.417519110593093,20
exact,all,lift,52,upper_body,-1.7968159808846915,20
exact,all,lift,53,arms,0.005412486362886791,20
exact,all,lift,53,hands,-0.19193666669175158,20
exact,all,lift,53,head,0.6509866285813244,20
exact,all,lift,53,legs,-0.2971233977847732,20
exact,all,lift,53,lower_body,-0.5165131923645797,20
exact,all,lift,53,torso,-0.30152836605581645,20
exact,all,lift,53,upper_body,-0.04794329156857421,20
exact,all,lift,54,arms,0.04919706133283536,20
exact,all,lift,54,hands,-0.6317676097593714,20
exact,all,lift,54,head,-0.4143319060379061,20
exact,all,lift,54,legs,-0.7284335220896773,20
exact,all,lift,54,lower_body,-0.7340203513292318,20
exact,all,lift,54,torso,0.6798678137254421,20
exact,all,lift,54,upper_body,0.4244966673236123,20
exact,all,lift,55,arms,-0.43477762133298137,20
exact,all,lift,55,hands,-1.32502756242125,20
exact,all,lift,55,head,-0.7724978120767311,20
exact,all,lift,55,legs,-0.8209187542358846,20
exact,all,lift,55,lower_body,-0.9385601680480327,20
exact,all,lift,55,torso,-1.0618702955713273,20
exact,all,lift,55,upper_body,-0.6088320599798568,20
exact,all,lift,56,arms,-0.8563236904309647,20
exact,all,lift,56,hands,-0.3631834596944041,20
exact,all,lift,56,head,-0.5566999074818056,20
exact,all,lift,56,legs,-0.7975689630808934,20
exact,all,lift,56,lower_body,-0.6942436863397142,20
exact,all,lift,56,torso,-0.915103873651304,20
exact,all,lift,56,upper_body,-1.1500134534587148,20
exact,all,lift,57,arms,0.3827553428224804,20
exact,all,lift,57,hands,-0.150987495283541,20
exact,all,lift,57,head,-0.588139714212341,20
exact,all,lift,57,legs,-0.3980369742666691,20
exact,all,lift,57,lower_body,-0.5891112965193074,20
exact,all,lift,57,torso,-1.0994383822121185,20
exact,all,lift,57,upper_body,-0.6568811452684744,20
exact,all,lift,58,arms,-1.0464787598346474,20
exact,all,lift,58,hands,-0.6231374552804323,20
exact,all,lift,58,head,-0.8138021095507332,20
exact,all,lift,58,legs,-0.5232129105609953,20
exact,all,lift,58,lower_body,-0.19636054767659164,20
exact,all,lift,58,torso,-0.8755108370551555,20
exact,all,lift,58,upper_body,-0.8710012156522099,20
exact,all,lift,59,arms,-1.302499141284149,20
exact,all,lift,59,hands,-0.8439550081319067,20
exact,all,lift,59,head,0.12530913627864596,20
exact,all,lift,59,legs,-1.2144598490466743,20
exact,all,lift,59,lower_body,-1.1733373234603994,20
exact,all,lift,59,torso,-0.6906364711256497,20
exact,all,lift,59,upper_body,-1.2873511059913354,20
exact,all,raw,0,arms,0.7071036732196808,20
exact,all,raw,0,hands,-0.0657143235206604,20
exact,all,raw,0,head,0.09102045059204102,20
exact,all,raw,0,legs,0.2619357144832611,20
exact,all,raw,0,lower_body,0.5252312517166138,20
exact,all,raw,0,torso,0.8802567052841187,20
exact,all,raw,0,upper_body,2.5710003221035,20
exact,all,raw,1,arms,1.2267768168449402,20
exact,all,raw,1,hands,0.3407231044769287,20
exact,all,raw,1,head,0.24039541244506837,20
exact,all,raw,1,legs,-0.18066020011901857,20
exact,all,raw,1,lower_body,-0.1231987714767456,20
exact,all,raw,1,torso,1.2558528757095337,20
exact,all,raw,1,upper_body,1.92445365190506,20
exact,all,raw,2,arms,1.0315683591365814,20
exact,all,raw,2,hands,0.39780105590820314,20
exact,all,raw,2,head,0.1451627492904663,20
exact,all,raw,2,legs,0.02210774660110475,20
exact,all,raw,2,lower_body,0.11855112075805666,20
exact,all,raw,2,torso,0.3796068525314331,20
exact,all,raw,2,upper_body,2.5580008816719055,20
exact,all,raw,3,arms,0.9345114588737488,20
exact,all,raw,3,hands,0.18055836677551268,20
exact,all,raw,3,head,0.10022946357727051,20
exact,all,raw,3,legs,-0.14102478981018066,20
exact,all,raw,3,lower_body,0.01252580165863039,20
exact,all,raw,3,torso,0.4277364826202392,20
exact,all,raw,3,upper_body,2.1349484944343566,20
exact,all,raw,4,arms,1.1392800605297089,20
exact,all,raw,4,hands,0.1616954529285431,20
exact,all,raw,4,head,0.21168663263320925,20
exact,all,raw,4,legs,1.126330977678299,20
exact,all,raw,4,lower_body,2.2837091279029846,20
exact,all,raw,4,torso,0.765011305809021,20
exact,all,raw,4,upper_body,3.8562173175811765,20
exact,all,raw,5,arms,0.6579416680335999,20
exact,all,raw,5,hands,0.07876836776733398,20
exact,all,raw,5,head,0.017678356170654295,20
exact,all,raw,5,legs,0.6216459655761719,20
exact,all,raw,5,lower_body,1.1460973930358886,20
exact,all,raw,5,torso,0.8067662811279297,20
exact,all,raw,5,upper_body,1.9580429124832155,20
exact,all,raw,6,arms,0.8737673473358154,20
exact,all,raw,6,hands,0.18197037935256957,20
exact,all,raw,6,head,0.0382873010635376,20
exact,all,raw,6,legs,0.0722287368774414,20
exact,all,raw,6,lower_body,0.23301923751831052,20
exact,all,raw,6,torso,0.4322526359558106,20
exact,all,raw,6,upper_body,2.7505606484413145,20
exact,all,raw,7,arms,1.2203964805603027,20
exact,all,raw,7,hands,0.14357794284820558,20
exact,all,raw,7,head,0.0008169841766357419,20
exact,all,raw,7,legs,1.3407682156562806,20
exact,all,raw,7,lower_body,2.2288768815994264,20
exact,all,raw,7,torso,1.9394607305526734,20
exact,all,raw,7,upper_body,3.8612745308876035,20
exact,all,raw,8,arms,0.8740625405311585,20
exact,all,raw,8,hands,0.13902702808380127,20
exact,all,raw,8,head,0.006151347160339354,20
exact,all,raw,8,legs,0.9680807757377625,20
exact,all,raw,8,lower_body,1.887964196205139,20
exact,all,raw,8,torso,1.5360257244110107,20
exact,all,raw,8,upper_body,3.386981041431427,20
exact,all,raw,9,arms,0.600672277212143,20
exact,all,raw,9,hands,-0.09110180616378785,20
exact,all,raw,9,head,0.10308773994445801,20
exact,all,raw,9,legs,-0.15064099550247192,20
exact,all,raw,9,lower_body,-0.09026437282562258,20
exact,all,raw,9,torso,0.9561303031444549,20
exact,all,raw,9,upper_body,0.7296423316001892,20
exact,all,raw,10,arms,0.3215038824081421,20
exact,all,raw,10,hands,-0.11059354305267333,20
exact,all,raw,10,head,0.10046655654907226,20
exact,all,raw,10,legs,0.11199732780456544,20
exact,all,raw,10,lower_body,0.28809006690979,20
exact,all,raw,10,torso,0.9148540115356445,20
exact,all,raw,10,upper_body,1.4041055583953859,20
exact,all,raw,11,arms,0.5913346171379089,20
exact,all,raw,11,hands,0.01203011989593506,20
exact,all,raw,11,head,0.0053280735015869135,20
exact,all,raw,11,legs,0.19047311782836915,20
exact,all,raw,11,lower_body,0.36223329067230225,20
exact,all,raw,11,torso,0.43051678538322447,20
exact,all,raw,11,upper_body,0.9226813435554503,20
exact,all,raw,12,arms,1.3128359508514404,20
exact,all,raw,12,hands,0.12247770309448243,20
exact,all,raw,12,head,0.0654568099975586,20
exact,all,raw,12,legs,0.5034993600845337,20
exact,all,raw,12,lower_body,0.9716305923461913,20
exact,all,raw,12,torso,1.2864428663253784,20
exact,all,raw,12,upper_body,4.034620046615601,20
exact,all,raw,13,arms,0.5155450963974,20
exact,all,raw,13,hands,0.065036883354187,20
exact,all,raw,13,head,0.09152290344238281,20
exact,all,raw,13,legs,0.22427318572998045,20
exact,all,raw,13,lower_body,0.5237378311157227,20
exact,all,raw,13,torso,0.60739577293396,20
exact,all,raw,13,upper_body,2.7504143953323363,20
exact,all,raw,14,arms,1.081892981529236,20
exact,all,raw,14,hands,0.09338898181915282,20
exact,all,raw,14,head,0.07021759986877442,20
exact,all,raw,14,legs,0.9507662534713746,20
exact,all,raw,14,lower_body,1.822380428314209,20
exact,all,raw,14,torso,1.3580947160720824,20
exact,all,raw,14,upper_body,3.576009838581085,20
exact,all,raw,15,arms,0.002991917133331301,20
exact,all,raw,15,hands,0.02060537815093994,20
exact,all,raw,15,head,0.035253925323486326,20
exact,all,raw,15,legs,0.20011991262435913,20
exact,all,raw,15,lower_body,0.3403952288627624,20
exact,all,raw,15,torso,0.18074728012084962,20
exact,all,raw,15,upper_body,0.6458869457244873,20
exact,all,raw,16,arms,0.48157704114913946,20
exact,all,raw,16,hands,0.1258128595352173,20
exact,all,raw,16,head,0.055257267951965325,20
exact,all,raw,16,legs,0.928551219701767,20
exact,all,raw,16,lower_body,2.043922815322876,20
exact,all,raw,16,torso,0.7419029188156128,20
exact,all,raw,16,upper_body,1.7263437294960025,20
exact,all,raw,17,arms,1.6894459486007691,20
exact,all,raw,17,hands,0.4483452320098877,20
exact,all,raw,17,head,0.09352452278137206,20
exact,all,raw,17,legs,0.1038908314704895,20
exact,all,raw,17,lower_body,0.3294047832489014,20
exact,all,raw,17,torso,1.4448880600929261,20
exact,all,raw,17,upper_body,3.9490382838249203,20
exact,all,raw,18,arms,1.796331204175949,20
exact,all,raw,18,hands,0.45270186901092535,20
exact,all,raw,18,head,0.09150274753570556,20
exact,all,raw,18,legs,0.4045190358161926,20
exact,all,raw,18,lower_body,0.9834538364410401,20
exact,all,raw,18,torso,1.5954398775100709,20
exact,all,raw,18,upper_body,3.679805891513824,20
exact,all,raw,19,arms,1.1601198720932007,20
exact,all,raw,19,hands,0.2116021680831909,20
exact,all,raw,19,head,0.0788703155517578,20
exact,all,raw,19,legs,0.7551376628875732,20
exact,all,raw,19,lower_body,1.3088811874389648,20
exact,all,raw,19,torso,0.9045477151870728,20
exact,all,raw,19,upper_body,2.9900500607490543,20
exact,all,raw,20,arms,1.268052570819855,20
exact,all,raw,20,hands,0.18895555973052977,20
exact,all,raw,20,head,0.06566279411315919,20
exact,all,raw,20,legs,0.7326997947692871,20
exact,all,raw,20,lower_body,1.3731582927703858,20
exact,all,raw,20,torso,1.0711135625839234,20
exact,all,raw,20,upper_body,4.889203692674637,20
exact,all,raw,21,arms,0.847238893508911,20
exact,all,raw,21,hands,0.12106014251708985,20
exact,all,raw,21,head,-0.02498859405517578,20
exact,all,raw,21,legs,-0.12414538145065308,20
exact,all,raw,21,lower_body,-0.05379571914672852,20
exact,all,raw,21,torso,0.600887360572815,20
exact,all,raw,21,upper_body,3.158813455104828,20
exact,all,raw,22,arms,1.9388120591640472,20
exact,all,raw,22,hands,0.45836732149124143,20
exact,all,raw,22,head,0.04896689414978027,20
exact,all,raw,22,legs,0.33134066104888915,20
exact,all,raw,22,lower_body,0.6984433555603028,20
exact,all,raw,22,torso,0.4646079111099243,20
exact,all,raw,22,upper_body,3.784644720554352,20
exact,all,raw,23,arms,0.3332396626472473,20
exact,all,raw,23,hands,0.039622468948364256,20
exact,all,raw,23,head,0.05113475322723389,20
exact,all,raw,23,legs,0.5165718197822571,20
exact,all,raw,23,lower_body,1.4512623977661132,20
exact,all,raw,23,torso,0.217031307220459,20
exact,all,raw,23,upper_body,1.8727711367607118,20
exact,all,raw,24,arms,0.41352635622024536,20
exact,all,raw,24,hands,0.10533004522323608,20
exact,all,raw,24,head,-0.036957631111145015,20
exact,all,raw,24,legs,0.2546988320350647,20
exact,all,raw,24,lower_body,0.836874418258667,20
exact,all,raw,24,torso,0.7974997425079345,20
exact,all,raw,24,upper_body,1.8125499951839448,20
exact,all,raw,25,arms,0.25427907943725586,20
exact,all,raw,25,hands,0.04242032527923584,20
exact,all,raw,25,head,-0.014488439559936523,20
exact,all,raw,25,legs,0.8785556960105897,20
exact,all,raw,25,lower_body,1.6681562614440917,20
exact,all,raw,25,torso,0.5456685304641724,20
exact,all,raw,25,upper_body,1.8905442571640017,20
exact,all,raw,26,arms,0.32630191326141356,20
exact,all,raw,26,hands,-0.000939817428588869,20
exact,all,raw,26,head,0.1391649913787842,20
exact,all,raw,26,legs,0.46542824745178224,20
exact,all,raw,26,lower_body,0.9135563421249391,20
exact,all,raw,26,torso,0.8828307867050171,20
exact,all,raw,26,upper_body,2.5331502056121824,20
exact,all,raw,27,arms,2.3854149770736695,20
exact,all,raw,27,hands,0.5476898241043091,20
exact,all,raw,27,head,0.06599857807159423,20
exact,all,raw,27,legs,0.5586369729042053,20
exact,all,raw,27,lower_body,1.1844878911972045,20
exact,all,raw,27,torso,2.0953870868682865,20
exact,all,raw,27,upper_body,5.172980737686157,20
exact,all,raw,28,arms,1.9531662547588347,20
exact,all,raw,28,hands,0.5907668375968933,20
exact,all,raw,28,head,0.08768125534057618,20
exact,all,raw,28,legs,-0.08680737733840942,20
exact,all,raw,28,lower_body,-0.04401204586029054,20
exact,all,raw,28,torso,0.6123266863822937,20
exact,all,raw,28,upper_body,2.431139211654663,20
exact,all,raw,29,arms,1.2612890326976776,20
exact,all,raw,29,hands,0.5638378405570984,20
exact,all,raw,29,head,-0.11637515544891357,20
exact,all,raw,29,legs,0.6269522583484649,20
exact,all,raw,29,lower_body,1.3545043277740478,20
exact,all,raw,29,torso,0.611746904850006,20
exact,all,raw,29,upper_body,1.948603687286377,20
exact,all,raw,30,arms,1.042875555753708,20
exact,all,raw,30,hands,0.3377778506278991,20
exact,all,raw,30,head,0.05882646560668945,20
exact,all,raw,30,legs,0.059233136177062995,20
exact,all,raw,30,lower_body,0.27191956996917727,20
exact,all,raw,30,torso,0.16863135814666746,20
exact,all,raw,30,upper_body,2.879843130111694,20
exact,all,raw,31,arms,1.3691892981529237,20
exact,all,raw,31,hands,0.22920325279235837,20
exact,all,raw,31,head,0.08103140354156493,20
exact,all,raw,31,legs,0.2689345932006836,20
exact,all,raw,31,lower_body,0.5649637603759766,20
exact,all,raw,31,torso,0.9080353879928589,20
exact,all,raw,31,upper_body,4.110593442320824,20
exact,all,raw,32,arms,1.8477351665496826,20
exact,all,raw,32,hands,0.444368953704834,20
exact,all,raw,32,head,0.15052214622497556,20
exact,all,raw,32,legs,0.4963193893432617,20
exact,all,raw,32,lower_body,1.2851609230041503,20
exact,all,raw,32,torso,2.197437658309936,20
exact,all,raw,32,upper_body,5.075893005132675,20
exact,all,raw,33,arms,1.801206820011139,20
exact,all,raw,33,hands,0.4118059754371643,20
exact,all,raw,33,head,0.04836632251739502,20
exact,all,raw,33,legs,0.44362804889678953,20
exact,all,raw,33,lower_body,0.9364267587661743,20
exact,all,raw,33,torso,0.682485315799713,20
exact,all,raw,33,upper_body,1.9968643879890444,20
exact,all,raw,34,arms,0.3735364937782288,20
exact,all,raw,34,hands,0.11791669607162476,20
exact,all,raw,34,head,0.09500380992889404,20
exact,all,raw,34,legs,1.2010106778144836,20
exact,all,raw,34,lower_body,1.9591742897033693,20
exact,all,raw,34,torso,0.8948198413848877,20
exact,all,raw,34,upper_body,1.800431435108185,20
exact,all,raw,35,arms,0.3041229701042175,20
exact,all,raw,35,hands,0.09892698049545287,20
exact,all,raw,35,head,0.2495188760757446,20
exact,all,raw,35,legs,0.5366434741020203,20
exact,all,raw,35,lower_body,1.3326561188697814,20
exact,all,raw,35,torso,1.9107581615447997,20
exact,all,raw,35,upper_body,3.832930144071579,20
exact,all,raw,36,arms,0.7847233438491822,20
exact,all,raw,36,hands,-0.09448590755462646,20
exact,all,raw,36,head,-0.1403336715698242,20
exact,all,raw,36,legs,0.36901226520538327,20
exact,all,raw,36,lower_body,0.7845576858520508,20
exact,all,raw,36,torso,1.7202140831947326,20
exact,all,raw,36,upper_body,2.418263916969299,20
exact,all,raw,37,arms,1.463344359397888,20
exact,all,raw,37,hands,0.5048612260818481,20
exact,all,raw,37,head,0.08208146095275878,20
exact,all,raw,37,legs,0.45174312114715576,20
exact,all,raw,37,lower_body,0.8833781862258911,20
exact,all,raw,37,torso,0.6990808486938477,20
exact,all,raw,37,upper_body,3.7658091843128205,20
exact,all,raw,38,arms,3.0548956203460693,20
exact,all,raw,38,hands,0.9939118885993958,20
exact,all,raw,38,head,0.09627406597137451,20
exact,all,raw,38,legs,0.030405156612396244,20
exact,all,raw,38,lower_body,0.2079229211807251,20
exact,all,raw,38,torso,2.8316110658645632,20
exact,all,raw,38,upper_body,5.281599439382553,20
exact,all,raw,39,arms,1.993968406915665,20
exact,all,raw,39,hands,0.4586895322799682,20
exact,all,raw,39,head,0.010007433891296387,20
exact,all,raw,39,legs,0.5367025375366211,20
exact,all,raw,39,lower_body,0.822458882331848,20
exact,all,raw,39,torso,2.0678504967689513,20
exact,all,raw,39,upper_body,3.6523342418670652,20
exact,all,raw,40,arms,1.0844598698616026,20
exact,all,raw,40,hands,0.29071017265319826,20
exact,all,raw,40,head,0.15711027145385742,20
exact,all,raw,40,legs,0.28049883127212527,20
exact,all,raw,40,lower_body,0.43529904842376715,20
exact,all,raw,40,torso,1.2851156568527222,20
exact,all,raw,40,upper_body,2.7490685486793516,20
exact,all,raw,41,arms,-0.026749010086059573,20
exact,all,raw,41,hands,0.007863309383392334,20
exact,all,raw,41,head,0.012526907920837401,20
exact,all,raw,41,legs,0.12542813062667846,20
exact,all,raw,41,lower_body,0.3024945402145386,20
exact,all,raw,41,torso,0.17062015533447267,20
exact,all,raw,41,upper_body,0.6884141445159913,20
exact,all,raw,42,arms,0.7505873942375183,20
exact,all,raw,42,hands,0.11784029722213744,20
exact,all,raw,42,head,0.04718794345855713,20
exact,all,raw,42,legs,0.5497650003433228,20
exact,all,raw,42,lower_body,0.8254824352264404,20
exact,all,raw,42,torso,0.9262049007415772,20
exact,all,raw,42,upper_body,2.4309054017066956,20
exact,all,raw,43,arms,1.5958047723770141,20
exact,all,raw,43,hands,0.7332818460464477,20
exact,all,raw,43,head,0.003041834831237789,20
exact,all,raw,43,legs,-0.0043193769454956035,20
exact,all,raw,43,lower_body,0.1193746519088745,20
exact,all,raw,43,torso,1.0140961074829102,20
exact,all,raw,43,upper_body,3.6123956525325776,20
exact,all,raw,44,arms,1.494714334011078,20
exact,all,raw,44,hands,0.14085124015808106,20
exact,all,raw,44,head,0.020632338523864743,20
exact,all,raw,44,legs,0.7191481566429138,20
exact,all,raw,44,lower_body,1.2492401456832884,20
exact,all,raw,44,torso,1.6826386308670045,20
exact,all,raw,44,upper_body,3.317870371341705,20
exact,all,raw,45,arms,0.5894221484661102,20
exact,all,raw,45,hands,-0.0007023215293884222,20
exact,all,raw,45,head,0.006333212852478029,20
exact,all,raw,45,legs,0.16781193733215333,20
exact,all,raw,45,lower_body,0.5847971534729004,20
exact,all,raw,45,torso,1.168210208415985,20
exact,all,raw,45,upper_body,3.000794314146042,20
exact,all,raw,46,arms,1.8099253034591676,20
exact,all,raw,46,hands,0.4322754454612732,20
exact,all,raw,46,head,0.33095580101013183,20
exact,all,raw,46,legs,0.3713640236854553,20
exact,all,raw,46,lower_body,0.8806006813049316,20
exact,all,raw,46,torso,0.6301636362075806,20
exact,all,raw,46,upper_body,3.663623296022415,20
exact,all,raw,47,arms,0.6972146797180175,20
exact,all,raw,47,hands,0.10581381559371947,20
exact,all,raw,47,head,0.005770468711853035,20
exact,all,raw,47,legs,-0.07569101333618164,20
exact,all,raw,47,lower_body,-0.17537994384765626,20
exact,all,raw,47,torso,1.5910991430282593,20
exact,all,raw,47,upper_body,2.381468586921692,20
exact,all,raw,48,arms,0.2196103644371033,20
exact,all,raw,48,hands,-0.06948176622390748,20
exact,all,raw,48,head,0.03505475521087646,20
exact,all,raw,48,legs,0.2767120194435119,20
exact,all,raw,48,lower_body,0.7611424589157105,20
exact,all,raw,48,torso,1.0508272790908815,20
exact,all,raw,48,upper_body,1.7218494832515716,20
exact,all,raw,49,arms,0.7073483967781067,20
exact,all,raw,49,hands,0.06733092784881592,20
exact,all,raw,49,head,0.03318387985229492,20
exact,all,raw,49,legs,0.16212666511535645,20
exact,all,raw,49,lower_body,0.2105891799926758,20
exact,all,raw,49,torso,0.6325588417053223,20
exact,all,raw,49,upper_body,2.175763816833496,20
exact,all,raw,50,arms,0.5110659265518189,20
exact,all,raw,50,hands,0.028503217697143556,20
exact,all,raw,50,head,0.033091459274291996,20
exact,all,raw,50,legs,0.21375959873199463,20
exact,all,raw,50,lower_body,0.5656542015075684,20
exact,all,raw,50,torso,0.780687484741211,20
exact,all,raw,50,upper_body,1.795582733154297,20
exact,all,raw,51,arms,0.6384457087516784,20
exact,all,raw,51,hands,0.03333975791931153,20
exact,all,raw,51,head,0.0725341796875,20
exact,all,raw,51,legs,0.04049269914627075,20
exact,all,raw,51,lower_body,0.11141319751739502,20
exact,all,raw,51,torso,0.579585418701172,20
exact,all,raw,51,upper_body,1.7527799439430236,20
exact,all,raw,52,arms,0.0897958993911743,20
exact,all,raw,52,hands,0.110979642868042,20
exact,all,raw,52,head,-0.04961036682128907,20
exact,all,raw,52,legs,-0.015411977767944337,20
exact,all,raw,52,lower_body,0.12434304237365723,20
exact,all,raw,52,torso,0.12424615383148194,20
exact,all,raw,52,upper_body,0.6073988080024719,20
exact,all,raw,53,arms,0.9730673027038573,20
exact,all,raw,53,hands,0.14903105735778807,20
exact,all,raw,53,head,0.11018436431884766,20
exact,all,raw,53,legs,0.23442318916320803,20
exact,all,raw,53,lower_body,0.4037090015411377,20
exact,all,raw,53,torso,0.7690914726257325,20
exact,all,raw,53,upper_body,2.6024507904052734,20
exact,all,raw,54,arms,1.000481448173523,20
exact,all,raw,54,hands,0.0515861988067627,20
exact,all,raw,54,head,0.027535076141357424,20
exact,all,raw,54,legs,0.08211430549621582,20
exact,all,raw,54,lower_body,0.26715584278106685,20
exact,all,raw,54,torso,1.3361649322509765,20
exact,all,raw,54,upper_body,3.141393551826477,20
exact,all,raw,55,arms,0.6974580121040344,20
exact,all,raw,55,hands,-0.10200603723526,20
exact,all,raw,55,head,-0.0002520656585693351,20
exact,all,raw,55,legs,0.04945492267608643,20
exact,all,raw,55,lower_body,0.1387437105178833,20
exact,all,raw,55,torso,0.32974828243255616,20
exact,all,raw,55,upper_body,1.9626087617874144,20
exact,all,raw,56,arms,0.4335220193862915,20
exact,all,raw,56,hands,0.11109120845794677,20
exact,all,raw,56,head,0.01648991584777832,20
exact,all,raw,56,legs,0.05770045280456543,20
exact,all,raw,56,lower_body,0.2921280288696289,20
exact,all,raw,56,torso,0.41455332279205326,20
exact,all,raw,56,upper_body,1.3452482080459593,20
exact,all,raw,57,arms,1.2093270349502565,20
exact,all,raw,57,hands,0.1581033754348755,20
exact,all,raw,57,head,0.014050760269165042,20
exact,all,raw,57,legs,0.19878749847412108,20
exact,all,raw,57,lower_body,0.3581311893463135,20
exact,all,raw,57,torso,0.30804057121276857,20
exact,all,raw,57,upper_body,1.9077960681915282,20
exact,all,raw,58,arms,0.3144632244110107,20
exact,all,raw,58,hands,0.053498215675354,20
exact,all,raw,58,head,-0.0034565258026123037,20
exact,all,raw,58,legs,0.15458402156829834,20
exact,all,raw,58,lower_body,0.6047040176391602,20
exact,all,raw,58,torso,0.43743109703063965,20
exact,all,raw,58,upper_body,1.6635354804992677,20
exact,all,raw,59,arms,0.15416522026062013,20
exact,all,raw,59,hands,0.004575929641723632,20
exact,all,raw,59,head,0.06940137863159179,20
exact,all,raw,59,legs,-0.08951655387878418,20
exact,all,raw,59,lower_body,-0.008651723861694318,20
exact,all,raw,59,torso,0.5442557907104492,20
exact,all,raw,59,upper_body,1.1885782814025878,20
exact,clean_correct,area_adjusted_lift,0,arms,0.5687406403427191,13
exact,clean_correct,area_adjusted_lift,0,hands,-0.32317105830919396,13
exact,clean_correct,area_adjusted_lift,0,head,1.2590301372561294,13
exact,clean_correct,area_adjusted_lift,0,legs,0.5271961170871271,13
exact,clean_correct,area_adjusted_lift,0,torso,0.9850683137237712,13
exact,clean_correct,area_adjusted_lift,1,arms,1.22062076998565,12
exact,clean_correct,area_adjusted_lift,1,hands,0.8601712715881082,12
exact,clean_correct,area_adjusted_lift,1,head,2.303545305717584,12
exact,clean_correct,area_adjusted_lift,1,legs,-0.8944928465133201,12
exact,clean_correct,area_adjusted_lift,1,torso,1.601779993581198,12
exact,clean_correct,area_adjusted_lift,2,arms,0.637706141867425,14
exact,clean_correct,area_adjusted_lift,2,hands,1.5114358936728696,14
exact,clean_correct,area_adjusted_lift,2,head,1.285607210994859,14
exact,clean_correct,area_adjusted_lift,2,legs,-0.7719697631945025,14
exact,clean_correct,area_adjusted_lift,2,torso,-0.17605344762003758,14
exact,clean_correct,area_adjusted_lift,3,arms,0.04447503946494004,19
exact,clean_correct,area_adjusted_lift,3,hands,0.07298523771006347,19
exact,clean_correct,area_adjusted_lift,3,head,0.6318930411381353,19
exact,clean_correct,area_adjusted_lift,3,legs,-1.1344911798187394,19
exact,clean_correct,area_adjusted_lift,3,torso,-0.937915854549787,19
exact,clean_correct,area_adjusted_lift,4,arms,0.28406537254705216,18
exact,clean_correct,area_adjusted_lift,4,hands,-0.28629767065304074,18
exact,clean_correct,area_adjusted_lift,4,head,0.9913982890064393,18
exact,clean_correct,area_adjusted_lift,4,legs,2.1852799579806943,18
exact,clean_correct,area_adjusted_lift,4,torso,-0.24339064608090447,18
exact,clean_correct,area_adjusted_lift,5,arms,-0.5700582910087273,19
exact,clean_correct,area_adjusted_lift,5,hands,-0.7600896106124904,19
exact,clean_correct,area_adjusted_lift,5,head,-1.4408340188378175,19
exact,clean_correct,area_adjusted_lift,5,legs,0.8514987883660299,19
exact,clean_correct,area_adjusted_lift,5,torso,-0.37590600487364617,19
exact,clean_correct,area_adjusted_lift,6,arms,-0.28907917478433504,19
exact,clean_correct,area_adjusted_lift,6,hands,-0.303090045826784,19
exact,clean_correct,area_adjusted_lift,6,head,-0.8647084078405547,19
exact,clean_correct,area_adjusted_lift,6,legs,-0.7461435740539899,19
exact,clean_correct,area_adjusted_lift,6,torso,-1.110983391350519,19
exact,clean_correct,area_adjusted_lift,7,arms,0.41816888319554285,19
exact,clean_correct,area_adjusted_lift,7,hands,-0.46972794012669405,19
exact,clean_correct,area_adjusted_lift,7,head,-1.1284487308543603,19
exact,clean_correct,area_adjusted_lift,7,legs,2.412623934210645,19
exact,clean_correct,area_adjusted_lift,7,torso,1.5575841753594124,19
exact,clean_correct,area_adjusted_lift,8,arms,-0.2756054132275273,20
exact,clean_correct,area_adjusted_lift,8,hands,-0.17111178269587293,20
exact,clean_correct,area_adjusted_lift,8,head,-0.550747646381565,20
exact,clean_correct,area_adjusted_lift,8,legs,1.595985638114884,20
exact,clean_correct,area_adjusted_lift,8,torso,0.8452315730684252,20
exact,clean_correct,area_adjusted_lift,9,arms,-0.25471120271211867,16
exact,clean_correct,area_adjusted_lift,9,hands,-0.7988079590912822,16
exact,clean_correct,area_adjusted_lift,9,head,1.8770799966841913,16
exact,clean_correct,area_adjusted_lift,9,legs,-1.3141628216867403,16
exact,clean_correct,area_adjusted_lift,9,torso,0.18790533997264183,16
exact,clean_correct,area_adjusted_lift,10,arms,-0.6534906503038603,15
exact,clean_correct,area_adjusted_lift,10,hands,-1.2025127842002876,15
exact,clean_correct,area_adjusted_lift,10,head,0.34270499922363057,15
exact,clean_correct,area_adjusted_lift,10,legs,-0.8343000153566005,15
exact,clean_correct,area_adjusted_lift,10,torso,0.12798895769410787,15
exact,clean_correct,area_adjusted_lift,11,arms,0.12156269732855178,13
exact,clean_correct,area_adjusted_lift,11,hands,0.4339085233399795,13
exact,clean_correct,area_adjusted_lift,11,head,0.07983472239189827,13
exact,clean_correct,area_adjusted_lift,11,legs,0.3059311110917185,13
exact,clean_correct,area_adjusted_lift,11,torso,-0.5841356394715115,13
exact,clean_correct,area_adjusted_lift,12,arms,0.8836092322416002,17
exact,clean_correct,area_adjusted_lift,12,hands,0.04874416492080594,17
exact,clean_correct,area_adjusted_lift,12,head,0.5934991875593606,17
exact,clean_correct,area_adjusted_lift,12,legs,0.5088763839804124,18
exact,clean_correct,area_adjusted_lift,12,torso,0.8650849823052975,17
exact,clean_correct,area_adjusted_lift,13,arms,-0.9491367363372015,20
exact,clean_correct,area_adjusted_lift,13,hands,-0.9702462193217305,20
exact,clean_correct,area_adjusted_lift,13,head,-0.3619922428922795,20
exact,clean_correct,area_adjusted_lift,13,legs,-0.4012176462664017,20
exact,clean_correct,area_adjusted_lift,13,torso,-0.8577213593358394,20
exact,clean_correct,area_adjusted_lift,14,arms,0.1499392357041359,20
exact,clean_correct,area_adjusted_lift,14,hands,-0.7160023319450017,20
exact,clean_correct,area_adjusted_lift,14,head,-0.4701875394110571,20
exact,clean_correct,area_adjusted_lift,14,legs,1.6650670216540335,20
exact,clean_correct,area_adjusted_lift,14,torso,0.5542618814696643,20
exact,clean_correct,area_adjusted_lift,15,arms,-1.6952099697252991,15
exact,clean_correct,area_adjusted_lift,15,hands,-0.9125428071134218,15
exact,clean_correct,area_adjusted_lift,15,head,-0.59693326743348,15
exact,clean_correct,area_adjusted_lift,15,legs,-0.054035355798726585,15
exact,clean_correct,area_adjusted_lift,15,torso,-1.511586752771842,15
exact,clean_correct,area_adjusted_lift,16,arms,-0.8278474092813716,18
exact,clean_correct,area_adjusted_lift,16,hands,-0.2774931735791464,18
exact,clean_correct,area_adjusted_lift,16,head,-0.6593905892422739,18
exact,clean_correct,area_adjusted_lift,16,legs,1.596532864765052,18
exact,clean_correct,area_adjusted_lift,16,torso,-0.23580430730172883,18
exact,clean_correct,area_adjusted_lift,17,arms,1.2366477465020123,19
exact,clean_correct,area_adjusted_lift,17,hands,1.2868471792352374,19
exact,clean_correct,area_adjusted_lift,17,head,1.1252603693231684,19
exact,clean_correct,area_adjusted_lift,17,legs,-0.7361130633590676,19
exact,clean_correct,area_adjusted_lift,17,torso,0.8692151481933492,19
exact,clean_correct,area_adjusted_lift,18,arms,1.3250490245195374,19
exact,clean_correct,area_adjusted_lift,18,hands,1.326471354469748,19
exact,clean_correct,area_adjusted_lift,18,head,1.281785751411936,19
exact,clean_correct,area_adjusted_lift,18,legs,-0.10228541009129254,19
exact,clean_correct,area_adjusted_lift,18,torso,0.6728570586251333,19
exact,clean_correct,area_adjusted_lift,19,arms,0.21167257604717515,20
exact,clean_correct,area_adjusted_lift,19,hands,-0.17148428829690535,20
exact,clean_correct,area_adjusted_lift,19,head,0.13105069200597685,20
exact,clean_correct,area_adjusted_lift,19,legs,0.7722881650724983,20
exact,clean_correct,area_adjusted_lift,19,torso,-0.12067603984793907,20
exact,clean_correct,area_adjusted_lift,20,arms,0.3216302685881049,20
exact,clean_correct,area_adjusted_lift,20,hands,-0.3419809557810175,20
exact,clean_correct,area_adjusted_lift,20,head,0.3400243915999416,20
exact,clean_correct,area_adjusted_lift,20,legs,0.8906543737566402,20
exact,clean_correct,area_adjusted_lift,20,torso,0.06428578374628574,20
exact,clean_correct,area_adjusted_lift,21,arms,-0.04726380649852887,18
exact,clean_correct,area_adjusted_lift,21,hands,-0.11289306017869061,18
exact,clean_correct,area_adjusted_lift,21,head,-0.4663578921813807,18
exact,clean_correct,area_adjusted_lift,21,legs,-1.0611000684919139,18
exact,clean_correct,area_adjusted_lift,21,torso,-0.5107950882906751,18
exact,clean_correct,area_adjusted_lift,22,arms,1.1195937326465988,18
exact,clean_correct,area_adjusted_lift,22,hands,0.9856619560699571,18
exact,clean_correct,area_adjusted_lift,22,head,0.3470216173172943,18
exact,clean_correct,area_adjusted_lift,22,legs,0.13191415233648757,18
exact,clean_correct,area_adjusted_lift,22,torso,-0.8624591869811786,18
exact,clean_correct,area_adjusted_lift,23,arms,-1.3211885294722265,20
exact,clean_correct,area_adjusted_lift,23,hands,-1.07802853407801,20
exact,clean_correct,area_adjusted_lift,23,head,-1.1056298111858518,20
exact,clean_correct,area_adjusted_lift,23,legs,0.0778773526562307,20
exact,clean_correct,area_adjusted_lift,23,torso,-1.6762182160984007,20
exact,clean_correct,area_adjusted_lift,24,arms,-0.4502249746807319,14
exact,clean_correct,area_adjusted_lift,24,hands,-0.5239580793716362,14
exact,clean_correct,area_adjusted_lift,24,head,-0.4258139556682274,14
exact,clean_correct,area_adjusted_lift,24,legs,0.1008924256719197,14
exact,clean_correct,area_adjusted_lift,24,torso,0.6918112903618245,14
exact,clean_correct,area_adjusted_lift,25,arms,-1.2520551786554266,18
exact,clean_correct,area_adjusted_lift,25,hands,-0.6578899515856684,18
exact,clean_correct,area_adjusted_lift,25,head,-0.9345556010053558,18
exact,clean_correct,area_adjusted_lift,25,legs,1.4928106452479812,18
exact,clean_correct,area_adjusted_lift,25,torso,-0.8420109826362373,18
exact,clean_correct,area_adjusted_lift,26,arms,-1.2764358061403442,20
exact,clean_correct,area_adjusted_lift,26,hands,-1.1668989732796435,20
exact,clean_correct,area_adjusted_lift,26,head,0.46960824715914645,20
exact,clean_correct,area_adjusted_lift,26,legs,0.12903623895444935,20
exact,clean_correct,area_adjusted_lift,26,torso,-0.22177332234578737,20
exact,clean_correct,area_adjusted_lift,27,arms,1.8117529155423,19
exact,clean_correct,area_adjusted_lift,27,hands,1.405782721522461,19
exact,clean_correct,area_adjusted_lift,27,head,0.9592640225038307,19
exact,clean_correct,area_adjusted_lift,27,legs,0.7149767339379903,19
exact,clean_correct,area_adjusted_lift,27,torso,1.7337399211951738,19
exact,clean_correct,area_adjusted_lift,28,arms,1.6803841423408774,10
exact,clean_correct,area_adjusted_lift,28,hands,1.7624350617120872,10
exact,clean_correct,area_adjusted_lift,28,head,0.616183023925262,10
exact,clean_correct,area_adjusted_lift,28,legs,-1.0580095770576359,10
exact,clean_correct,area_adjusted_lift,28,torso,-0.054961262279587045,10
exact,clean_correct,area_adjusted_lift,29,arms,0.36119251317243595,19
exact,clean_correct,area_adjusted_lift,29,hands,1.8209684676287325,19
exact,clean_correct,area_adjusted_lift,29,head,-0.8240288364437811,19
exact,clean_correct,area_adjusted_lift,29,legs,1.0558178938424394,19
exact,clean_correct,area_adjusted_lift,29,torso,-0.4933293439071957,19
exact,clean_correct,area_adjusted_lift,30,arms,-0.0027134766653727225,19
exact,clean_correct,area_adjusted_lift,30,hands,0.8864100102980824,19
exact,clean_correct,area_adjusted_lift,30,head,0.3595109902296324,19
exact,clean_correct,area_adjusted_lift,30,legs,-0.8866416411797522,19
exact,clean_correct,area_adjusted_lift,30,torso,-1.5746792470264086,19
exact,clean_correct,area_adjusted_lift,31,arms,0.4957225669239386,18
exact,clean_correct,area_adjusted_lift,31,hands,-0.18327801336790595,18
exact,clean_correct,area_adjusted_lift,31,head,0.1853610557626675,18
exact,clean_correct,area_adjusted_lift,31,legs,-0.3463978871226709,18
exact,clean_correct,area_adjusted_lift,31,torso,-0.055114990253050965,18
exact,clean_correct,area_adjusted_lift,32,arms,1.4714031410342645,17
exact,clean_correct,area_adjusted_lift,32,hands,1.2799268212776511,17
exact,clean_correct,area_adjusted_lift,32,head,0.7424781851997623,17
exact,clean_correct,area_adjusted_lift,32,legs,0.616535305424302,17
exact,clean_correct,area_adjusted_lift,32,torso,1.7446638984935663,17
exact,clean_correct,area_adjusted_lift,33,arms,1.720678781278555,12
exact,clean_correct,area_adjusted_lift,33,hands,1.7679740814324252,12
exact,clean_correct,area_adjusted_lift,33,head,0.651746330763927,12
exact,clean_correct,area_adjusted_lift,33,legs,0.41261123611984335,12
exact,clean_correct,area_adjusted_lift,33,torso,0.5072168874898891,12
exact,clean_correct,area_adjusted_lift,34,arms,-1.107802047165656,19
exact,clean_correct,area_adjusted_lift,34,hands,-0.5270734959016138,19
exact,clean_correct,area_adjusted_lift,34,head,-0.2786057941727972,19
exact,clean_correct,area_adjusted_lift,34,legs,2.641239527952567,19
exact,clean_correct,area_adjusted_lift,34,torso,-0.12161275608602205,19
exact,clean_correct,area_adjusted_lift,35,arms,-1.1452141738223813,20
exact,clean_correct,area_adjusted_lift,35,hands,-0.4388474148727986,20
exact,clean_correct,area_adjusted_lift,35,head,2.184000947123851,20
exact,clean_correct,area_adjusted_lift,35,legs,0.7579178027186171,20
exact,clean_correct,area_adjusted_lift,35,torso,1.2868388598572602,20
exact,clean_correct,area_adjusted_lift,36,arms,-0.1366047691568474,18
exact,clean_correct,area_adjusted_lift,36,hands,-0.7425570108924969,18
exact,clean_correct,area_adjusted_lift,36,head,-0.18043702507582954,18
exact,clean_correct,area_adjusted_lift,36,legs,0.21833603607481206,18
exact,clean_correct,area_adjusted_lift,36,torso,1.1937655305033483,18
exact,clean_correct,area_adjusted_lift,37,arms,0.5677370255758438,18
exact,clean_correct,area_adjusted_lift,37,hands,1.4422094376225565,18
exact,clean_correct,area_adjusted_lift,37,head,0.801662473373835,18
exact,clean_correct,area_adjusted_lift,37,legs,0.713381305608489,18
exact,clean_correct,area_adjusted_lift,37,torso,-0.33478621654691704,18
exact,clean_correct,area_adjusted_lift,38,arms,2.6695660432490187,18
exact,clean_correct,area_adjusted_lift,38,hands,3.12806861441648,18
exact,clean_correct,area_adjusted_lift,38,head,0.8479331788757706,18
exact,clean_correct,area_adjusted_lift,38,legs,-0.8704485766113905,18
exact,clean_correct,area_adjusted_lift,38,torso,2.7267254985855263,18
exact,clean_correct,area_adjusted_lift,39,arms,1.4674697247908077,19
exact,clean_correct,area_adjusted_lift,39,hands,1.0625709624534316,19
exact,clean_correct,area_adjusted_lift,39,head,0.15654599301203187,19
exact,clean_correct,area_adjusted_lift,39,legs,0.5695615394779272,19
exact,clean_correct,area_adjusted_lift,39,torso,1.469756108020465,19
exact,clean_correct,area_adjusted_lift,40,arms,0.1960098806081377,15
exact,clean_correct,area_adjusted_lift,40,hands,0.1763101871728736,15
exact,clean_correct,area_adjusted_lift,40,head,0.6872152260852782,15
exact,clean_correct,area_adjusted_lift,40,legs,-0.13070452361863896,15
exact,clean_correct,area_adjusted_lift,40,torso,0.952225255943058,15
exact,clean_correct,area_adjusted_lift,41,arms,-1.9102076627673197,19
exact,clean_correct,area_adjusted_lift,41,hands,-1.0399981468310038,19
exact,clean_correct,area_adjusted_lift,41,head,-1.6324352582074813,19
exact,clean_correct,area_adjusted_lift,41,legs,-0.9837288919356045,19
exact,clean_correct,area_adjusted_lift,41,torso,-1.720663419679217,19
exact,clean_correct,area_adjusted_lift,42,arms,-0.4517129196125948,20
exact,clean_correct,area_adjusted_lift,42,hands,-0.6973602380432719,20
exact,clean_correct,area_adjusted_lift,42,head,-1.1500877192495105,20
exact,clean_correct,area_adjusted_lift,42,legs,0.38039862980669215,20
exact,clean_correct,area_adjusted_lift,42,torso,-0.20182520604331225,20
exact,clean_correct,area_adjusted_lift,43,arms,0.784942804027888,18
exact,clean_correct,area_adjusted_lift,43,hands,2.1477273204833836,18
exact,clean_correct,area_adjusted_lift,43,head,-1.1032755207879679,18
exact,clean_correct,area_adjusted_lift,43,legs,-0.7098318793791517,18
exact,clean_correct,area_adjusted_lift,43,torso,0.03344435079070132,18
exact,clean_correct,area_adjusted_lift,44,arms,1.0666322571969549,18
exact,clean_correct,area_adjusted_lift,44,hands,0.12727560049325684,18
exact,clean_correct,area_adjusted_lift,44,head,-0.3086375313064388,18
exact,clean_correct,area_adjusted_lift,44,legs,1.3933324144110188,18
exact,clean_correct,area_adjusted_lift,44,torso,1.4150891053062413,18
exact,clean_correct,area_adjusted_lift,45,arms,-0.49636138020426723,18
exact,clean_correct,area_adjusted_lift,45,hands,-0.672365372802762,18
exact,clean_correct,area_adjusted_lift,45,head,-0.4846158512483467,18
exact,clean_correct,area_adjusted_lift,45,legs,-0.4126920708218748,18
exact,clean_correct,area_adjusted_lift,45,torso,0.5709489084867632,18
exact,clean_correct,area_adjusted_lift,46,arms,1.1317679516651085,19
exact,clean_correct,area_adjusted_lift,46,hands,1.0957318951101291,19
exact,clean_correct,area_adjusted_lift,46,head,2.499203681528438,19
exact,clean_correct,area_adjusted_lift,46,legs,0.004854068635384727,19
exact,clean_correct,area_adjusted_lift,46,torso,-0.6573416619054939,19
exact,clean_correct,area_adjusted_lift,47,arms,-0.2949640986514476,19
exact,clean_correct,area_adjusted_lift,47,hands,-0.34936948704997245,19
exact,clean_correct,area_adjusted_lift,47,head,-0.7712656260113343,19
exact,clean_correct,area_adjusted_lift,47,legs,-0.8422129631971841,19
exact,clean_correct,area_adjusted_lift,47,torso,1.136144913595797,19
exact,clean_correct,area_adjusted_lift,48,arms,-0.9275550524757473,16
exact,clean_correct,area_adjusted_lift,48,hands,-0.6139838759261802,16
exact,clean_correct,area_adjusted_lift,48,head,0.33609569182300586,16
exact,clean_correct,area_adjusted_lift,48,legs,-0.014091084457899526,16
exact,clean_correct,area_adjusted_lift,48,torso,0.3319857237836519,16
exact,clean_correct,area_adjusted_lift,49,arms,-0.6474224230460978,17
exact,clean_correct,area_adjusted_lift,49,hands,-0.9228856573252505,17
exact,clean_correct,area_adjusted_lift,49,head,-1.389042784866126,17
exact,clean_correct,area_adjusted_lift,49,legs,-0.7848916030251339,17
exact,clean_correct,area_adjusted_lift,49,torso,-0.6918687624260265,17
exact,clean_correct,area_adjusted_lift,50,arms,-0.9697357469006761,20
exact,clean_correct,area_adjusted_lift,50,hands,-0.8928034780519837,20
exact,clean_correct,area_adjusted_lift,50,head,-0.9486010811991215,19
exact,clean_correct,area_adjusted_lift,50,legs,-0.6149547302033759,20
exact,clean_correct,area_adjusted_lift,50,torso,-0.5339302971375061,20
exact,clean_correct,area_adjusted_lift,51,arms,-0.4381011633416142,19
exact,clean_correct,area_adjusted_lift,51,hands,-0.8489329812848141,19
exact,clean_correct,area_adjusted_lift,51,head,-0.6853420786704303,19
exact,clean_correct,area_adjusted_lift,51,legs,-1.2396781351424757,19
exact,clean_correct,area_adjusted_lift,51,torso,-0.6415932623111443,19
exact,clean_correct,area_adjusted_lift,52,arms,-1.4810912326807502,19
exact,clean_correct,area_adjusted_lift,52,hands,-0.8271086508192568,19
exact,clean_correct,area_adjusted_lift,52,head,-1.4399171205645789,19
exact,clean_correct,area_adjusted_lift,52,legs,-1.274779602209,19
exact,clean_correct,area_adjusted_lift,52,torso,-1.6999294143332695,19
exact,clean_correct,area_adjusted_lift,53,arms,0.2012327685982874,16
exact,clean_correct,area_adjusted_lift,53,hands,-0.19910146534452802,16
exact,clean_correct,area_adjusted_lift,53,head,1.2505146671285439,16
exact,clean_correct,area_adjusted_lift,53,legs,-0.3774611572510916,16
exact,clean_correct,area_adjusted_lift,53,torso,-0.28291751057015463,16
exact,clean_correct,area_adjusted_lift,54,arms,-0.07440218206689218,20
exact,clean_correct,area_adjusted_lift,54,hands,-0.688215120104258,20
exact,clean_correct,area_adjusted_lift,54,head,-0.21478782304402944,20
exact,clean_correct,area_adjusted_lift,54,legs,-0.8017993586453391,20
exact,clean_correct,area_adjusted_lift,54,torso,0.5468530467382491,20
exact,clean_correct,area_adjusted_lift,55,arms,-0.5455081025304407,18
exact,clean_correct,area_adjusted_lift,55,hands,-1.211996082598206,18
exact,clean_correct,area_adjusted_lift,55,head,-1.2133343435569581,18
exact,clean_correct,area_adjusted_lift,55,legs,-1.034176498842504,18
exact,clean_correct,area_adjusted_lift,55,torso,-1.1797529708707521,18
exact,clean_correct,area_adjusted_lift,56,arms,-1.0902120331302192,19
exact,clean_correct,area_adjusted_lift,56,hands,-0.5735343936415808,19
exact,clean_correct,area_adjusted_lift,56,head,-1.3358530642230442,19
exact,clean_correct,area_adjusted_lift,56,legs,-1.1780143256458548,19
exact,clean_correct,area_adjusted_lift,56,torso,-1.1198490886051702,19
exact,clean_correct,area_adjusted_lift,57,arms,0.28524958235917836,18
exact,clean_correct,area_adjusted_lift,57,hands,-0.15078092316256478,18
exact,clean_correct,area_adjusted_lift,57,head,-1.1499012036075025,18
exact,clean_correct,area_adjusted_lift,57,legs,-0.6112844895462092,18
exact,clean_correct,area_adjusted_lift,57,torso,-1.2147065711183762,18
exact,clean_correct,area_adjusted_lift,58,arms,-1.264135636227254,20
exact,clean_correct,area_adjusted_lift,58,hands,-0.7370361657128583,20
exact,clean_correct,area_adjusted_lift,58,head,-0.602080231727209,20
exact,clean_correct,area_adjusted_lift,58,legs,-0.8902120350422233,20
exact,clean_correct,area_adjusted_lift,58,torso,-1.039523816555099,20
exact,clean_correct,area_adjusted_lift,59,arms,-1.609172216071368,20
exact,clean_correct,area_adjusted_lift,59,hands,-1.0681615628504963,20
exact,clean_correct,area_adjusted_lift,59,head,-0.619210829228836,20
exact,clean_correct,area_adjusted_lift,59,legs,-1.6111048893905828,20
exact,clean_correct,area_adjusted_lift,59,torso,-0.7866564696800633,20
exact,clean_correct,lift,0,arms,0.3049804174767141,13
exact,clean_correct,lift,0,hands,-0.47296576835373444,13
exact,clean_correct,lift,0,head,1.1586653286054303,13
exact,clean_correct,lift,0,legs,0.38865734124982526,13
exact,clean_correct,lift,0,lower_body,0.3064721759851581,13
exact,clean_correct,lift,0,torso,0.8006038614766905,13
exact,clean_correct,lift,0,upper_body,1.047104518093525,13
exact,clean_correct,lift,1,arms,1.249569389702185,12
exact,clean_correct,lift,1,hands,0.7261736079582787,12
exact,clean_correct,lift,1,head,2.94600430167564,12
exact,clean_correct,lift,1,legs,-0.8731345713617777,12
exact,clean_correct,lift,1,lower_body,-0.5015607652647395,12
exact,clean_correct,lift,1,torso,1.6684858640281173,12
exact,clean_correct,lift,1,upper_body,0.5828504479413354,12
exact,clean_correct,lift,2,arms,0.5739087182195761,14
exact,clean_correct,lift,2,hands,1.3593092576957135,14
exact,clean_correct,lift,2,head,0.9943286969523121,14
exact,clean_correct,lift,2,legs,-0.9133829350552871,14
exact,clean_correct,lift,2,lower_body,-1.0261881687361665,14
exact,clean_correct,lift,2,torso,-0.5813821301158054,14
exact,clean_correct,lift,2,upper_body,0.7496541085282765,14
exact,clean_correct,lift,3,arms,-0.1973242914967931,19
exact,clean_correct,lift,3,hands,-0.07598773026381332,19
exact,clean_correct,lift,3,head,0.23347467085777326,19
exact,clean_correct,lift,3,legs,-1.4303797396655633,19
exact,clean_correct,lift,3,lower_body,-1.238734554848834,19
exact,clean_correct,lift,3,torso,-0.9803536236096028,19
exact,clean_correct,lift,3,upper_body,-0.5981547320513791,19
exact,clean_correct,lift,4,arms,0.2499443233841786,18
exact,clean_correct,lift,4,hands,-0.18812548640715512,18
exact,clean_correct,lift,4,head,2.0669838561903586,18
exact,clean_correct,lift,4,legs,2.241613382139437,18
exact,clean_correct,lift,4,lower_body,2.537409692386665,18
exact,clean_correct,lift,4,torso,-0.3458187340024889,18
exact,clean_correct,lift,4,upper_body,1.1210978016271596,18
exact,clean_correct,lift,5,arms,-0.6273984720347957,20
exact,clean_correct,lift,5,hands,-0.5704705104546196,20
exact,clean_correct,lift,5,head,-0.5899891861106469,20
exact,clean_correct,lift,5,legs,0.700702734435921,20
exact,clean_correct,lift,5,lower_body,0.5483816890635989,20
exact,clean_correct,lift,5,torso,-0.4242407556489198,20
exact,clean_correct,lift,5,upper_body,-0.8472780215176974,20
exact,clean_correct,lift,6,arms,-0.22740737140053946,19
exact,clean_correct,lift,6,hands,-0.07829376569492,19
exact,clean_correct,lift,6,head,-0.443279826650658,19
exact,clean_correct,lift,6,legs,-0.7946538489782916,19
exact,clean_correct,lift,6,lower_body,-0.8596131748247605,19
exact,clean_correct,lift,6,torso,-0.9903237053668702,19
exact,clean_correct,lift,6,upper_body,-0.03615019024453822,19
exact,clean_correct,lift,7,arms,0.2764078661998476,19
exact,clean_correct,lift,7,hands,-0.2572651336473056,19
exact,clean_correct,lift,7,head,-0.749742997234489,19
exact,clean_correct,lift,7,legs,2.8174379683193878,19
exact,clean_correct,lift,7,lower_body,2.3816237713931834,19
exact,clean_correct,lift,7,torso,1.5495153664124826,19
exact,clean_correct,lift,7,upper_body,0.9204414792458279,19
exact,clean_correct,lift,8,arms,-0.303886841890701,20
exact,clean_correct,lift,8,hands,-0.3073860087304672,20
exact,clean_correct,lift,8,head,-0.7276679703332215,20
exact,clean_correct,lift,8,legs,1.6672372592222695,20
exact,clean_correct,lift,8,lower_body,1.7241797803814334,20
exact,clean_correct,lift,8,torso,0.760037800895461,20
exact,clean_correct,lift,8,upper_body,0.3664013769631169,20
exact,clean_correct,lift,9,arms,-0.5003861304865957,16
exact,clean_correct,lift,9,hands,-1.3511120555163312,16
exact,clean_correct,lift,9,head,1.0699218069259153,16
exact,clean_correct,lift,9,legs,-1.5632633018104736,16
exact,clean_correct,lift,9,lower_body,-1.386649167983645,16
exact,clean_correct,lift,9,torso,0.16583928302407808,16
exact,clean_correct,lift,9,upper_body,-1.6812934119825502,16
exact,clean_correct,lift,10,arms,-0.7503429456978347,16
exact,clean_correct,lift,10,hands,-1.5040025979555627,16
exact,clean_correct,lift,10,head,0.7865642924288763,16
exact,clean_correct,lift,10,legs,-0.6634090059306594,16
exact,clean_correct,lift,10,lower_body,-0.8429663861701826,16
exact,clean_correct,lift,10,torso,-0.03646929288814408,16
exact,clean_correct,lift,10,upper_body,-1.0007657054548451,16
exact,clean_correct,lift,11,arms,0.12761287206936164,13
exact,clean_correct,lift,11,hands,0.4432060708939526,13
exact,clean_correct,lift,11,head,-0.8922683536827916,13
exact,clean_correct,lift,11,legs,0.4448340543853642,13
exact,clean_correct,lift,11,lower_body,0.15975490984351104,13
exact,clean_correct,lift,11,torso,-0.4652716199674957,13
exact,clean_correct,lift,11,upper_body,-0.9160852076077903,13
exact,clean_correct,lift,12,arms,0.47191990734730155,19
exact,clean_correct,lift,12,hands,-0.2736752587840554,19
exact,clean_correct,lift,12,head,0.028721653104629655,19
exact,clean_correct,lift,12,legs,0.35778799341395523,19
exact,clean_correct,lift,12,lower_body,0.31890861772080054,19
exact,clean_correct,lift,12,torso,0.4907254301757752,19
exact,clean_correct,lift,12,upper_body,1.0471613765665457,19
exact,clean_correct,lift,13,arms,-0.8405520952114641,20
exact,clean_correct,lift,13,hands,-0.6304210754986042,20
exact,clean_correct,lift,13,head,0.2920112947374413,20
exact,clean_correct,lift,13,legs,-0.4079459915755375,20
exact,clean_correct,lift,13,lower_body,-0.43800721780353874,20
exact,clean_correct,lift,13,torso,-0.7480078591622051,20
exact,clean_correct,lift,13,upper_body,-0.17427131451245256,20
exact,clean_correct,lift,14,arms,0.00721482998328087,20
exact,clean_correct,lift,14,hands,-0.5066380763692446,20
exact,clean_correct,lift,14,head,0.03754040025974757,20
exact,clean_correct,lift,14,legs,1.6189306714898184,20
exact,clean_correct,lift,14,lower_body,1.6202348824858006,20
exact,clean_correct,lift,14,torso,0.47108730507265173,20
exact,clean_correct,lift,14,upper_body,0.5269544143357122,20
exact,clean_correct,lift,15,arms,-1.467660046866213,15
exact,clean_correct,lift,15,hands,-0.7273826753829578,15
exact,clean_correct,lift,15,head,0.0020890815795352197,15
exact,clean_correct,lift,15,legs,-0.04609544480649641,15
exact,clean_correct,lift,15,lower_body,0.0942166126084315,15
exact,clean_correct,lift,15,torso,-1.323106231703467,15
exact,clean_correct,lift,15,upper_body,-1.8014387032352965,15
exact,clean_correct,lift,16,arms,-0.8022463611647127,18
exact,clean_correct,lift,16,hands,-0.322839198155983,18
exact,clean_correct,lift,16,head,-0.0005481569456128719,18
exact,clean_correct,lift,16,legs,1.9723346992416702,18
exact,clean_correct,lift,16,lower_body,2.387750995973678,18
exact,clean_correct,lift,16,torso,-0.38732202273575256,18
exact,clean_correct,lift,16,upper_body,-0.8258867443525182,18
exact,clean_correct,lift,17,arms,1.0497634859000373,19
exact,clean_correct,lift,17,hands,1.1460957146757986,19
exact,clean_correct,lift,17,head,0.37471121783762873,19
exact,clean_correct,lift,17,legs,-0.7285510432933336,19
exact,clean_correct,lift,17,lower_body,-0.6892740277378273,19
exact,clean_correct,lift,17,torso,0.7355309422909407,19
exact,clean_correct,lift,17,upper_body,1.0203229175209356,19
exact,clean_correct,lift,18,arms,1.1873520883838224,19
exact,clean_correct,lift,18,hands,1.201556380677948,19
exact,clean_correct,lift,18,head,0.38608543293483,19
exact,clean_correct,lift,18,legs,0.044998695179958484,19
exact,clean_correct,lift,18,lower_body,0.2403018707533102,19
exact,clean_correct,lift,18,torso,0.7858214025335073,19
exact,clean_correct,lift,18,upper_body,0.7353922769388628,19
exact,clean_correct,lift,19,arms,0.12431276964543823,20
exact,clean_correct,lift,19,hands,0.009471260316422874,20
exact,clean_correct,lift,19,head,0.14088857795187276,20
exact,clean_correct,lift,19,legs,1.0731374045073736,20
exact,clean_correct,lift,19,lower_body,0.8063806639994611,20
exact,clean_correct,lift,19,torso,-0.2654489063955525,20
exact,clean_correct,lift,19,upper_body,0.029265048865008098,20
exact,clean_correct,lift,20,arms,0.2858773742456062,20
exact,clean_correct,lift,20,hands,-0.08940202433530559,20
exact,clean_correct,lift,20,head,-0.01686227421044068,20
exact,clean_correct,lift,20,legs,1.0105369568537135,20
exact,clean_correct,lift,20,lower_body,0.9082546088117323,20
exact,clean_correct,lift,20,torso,0.005045172414973289,20
exact,clean_correct,lift,20,upper_body,1.642325538275206,20
exact,clean_correct,lift,21,arms,-0.1947706487797524,18
exact,clean_correct,lift,21,hands,-0.36479858806126436,18
exact,clean_correct,lift,21,head,-1.0217119658327252,18
exact,clean_correct,lift,21,legs,-1.285268141193092,18
exact,clean_correct,lift,21,lower_body,-1.265883986118593,18
exact,clean_correct,lift,21,torso,-0.6629795821748388,18
exact,clean_correct,lift,21,upper_body,0.5731178721155739,18
exact,clean_correct,lift,22,arms,1.3876962406355389,18
exact,clean_correct,lift,22,hands,1.2453507036472669,18
exact,clean_correct,lift,22,head,-0.21580349819777897,18
exact,clean_correct,lift,22,legs,0.041092207759208486,18
exact,clean_correct,lift,22,lower_body,0.020070366803994804,18
exact,clean_correct,lift,22,torso,-0.870268024676543,18
exact,clean_correct,lift,22,upper_body,0.9854279840319348,18
exact,clean_correct,lift,23,arms,-1.1134453487647709,20
exact,clean_correct,lift,23,hands,-0.7413783804810355,20
exact,clean_correct,lift,23,head,-0.1903854322577858,20
exact,clean_correct,lift,23,legs,0.40755150773072224,20
exact,clean_correct,lift,23,lower_body,1.0320432150490608,20
exact,clean_correct,lift,23,torso,-1.3819389933277855,20
exact,clean_correct,lift,23,upper_body,-0.9197042486367514,20
exact,clean_correct,lift,24,arms,-0.5700332854963636,14
exact,clean_correct,lift,24,hands,-0.5704113655797559,14
exact,clean_correct,lift,24,head,-0.8258060817767239,14
exact,clean_correct,lift,24,legs,-0.07626478681303339,14
exact,clean_correct,lift,24,lower_body,0.30950076312779595,14
exact,clean_correct,lift,24,torso,0.595770008020109,14
exact,clean_correct,lift,24,upper_body,-0.15869854322210392,14
exact,clean_correct,lift,25,arms,-1.1974658991632985,18
exact,clean_correct,lift,25,hands,-0.6488997650311641,18
exact,clean_correct,lift,25,head,-0.9235728445944823,18
exact,clean_correct,lift,25,legs,1.3446758104365273,18
exact,clean_correct,lift,25,lower_body,1.4397705285596794,18
exact,clean_correct,lift,25,torso,-0.7486306788947816,18
exact,clean_correct,lift,25,upper_body,-0.6510941199617929,18
exact,clean_correct,lift,26,arms,-1.1238304753256847,20
exact,clean_correct,lift,26,hands,-0.9184700855443303,20
exact,clean_correct,lift,26,head,0.8610491725632623,20
exact,clean_correct,lift,26,legs,0.2648636861597469,20
exact,clean_correct,lift,26,lower_body,0.17982317876756765,20
exact,clean_correct,lift,26,torso,-0.3007160434236609,20
exact,clean_correct,lift,26,upper_body,-0.35880629594308294,20
exact,clean_correct,lift,27,arms,2.1360089806292812,19
exact,clean_correct,lift,27,hands,1.6611033584986958,19
exact,clean_correct,lift,27,head,-0.2513367919607871,19
exact,clean_correct,lift,27,legs,0.6172260244785869,19
exact,clean_correct,lift,27,lower_body,0.6976110907049273,19
exact,clean_correct,lift,27,torso,1.893587635731133,19
exact,clean_correct,lift,27,upper_body,2.0948366257631865,19
exact,clean_correct,lift,28,arms,1.5245931296028075,10
exact,clean_correct,lift,28,hands,1.107042543030938,10
exact,clean_correct,lift,28,head,0.3621627532937763,10
exact,clean_correct,lift,28,legs,-1.4912106270666277,10
exact,clean_correct,lift,28,lower_body,-1.306115892236483,10
exact,clean_correct,lift,28,torso,-0.154425123021638,10
exact,clean_correct,lift,28,upper_body,0.18423955818418947,10
exact,clean_correct,lift,29,arms,0.32534127412731195,19
exact,clean_correct,lift,29,hands,1.5343494346963893,19
exact,clean_correct,lift,29,head,-2.050857162754184,19
exact,clean_correct,lift,29,legs,0.8764544728923946,19
exact,clean_correct,lift,29,lower_body,1.0460244717891054,19
exact,clean_correct,lift,29,torso,-0.6405609956155862,19
exact,clean_correct,lift,29,upper_body,-0.7199833703842577,19
exact,clean_correct,lift,30,arms,0.013308789466594495,19
exact,clean_correct,lift,30,hands,0.7195565712367532,19
exact,clean_correct,lift,30,head,0.0016497921765348414,19
exact,clean_correct,lift,30,legs,-0.8597968771016805,19
exact,clean_correct,lift,30,lower_body,-0.8481355849252032,19
exact,clean_correct,lift,30,torso,-1.426983252649076,19
exact,clean_correct,lift,30,upper_body,-0.06338833830725721,19
exact,clean_correct,lift,31,arms,0.5597385068995,19
exact,clean_correct,lift,31,hands,-0.08774579143116888,19
exact,clean_correct,lift,31,head,0.11758621194165722,19
exact,clean_correct,lift,31,legs,-0.2405845238847536,19
exact,clean_correct,lift,31,lower_body,-0.295132048384158,19
exact,clean_correct,lift,31,torso,-0.15482546294462032,19
exact,clean_correct,lift,31,upper_body,1.1841275116762042,19
exact,clean_correct,lift,32,arms,1.419210691991094,17
exact,clean_correct,lift,32,hands,1.0921002394998927,17
exact,clean_correct,lift,32,head,0.18973657006736705,17
exact,clean_correct,lift,32,legs,0.423633380066022,17
exact,clean_correct,lift,32,lower_body,0.8130326140676267,17
exact,clean_correct,lift,32,torso,2.1519707982642484,17
exact,clean_correct,lift,32,upper_body,2.3274172545836413,17
exact,clean_correct,lift,33,arms,1.6932685067902449,12
exact,clean_correct,lift,33,hands,1.3630640343036071,12
exact,clean_correct,lift,33,head,0.4347910439835114,12
exact,clean_correct,lift,33,legs,0.48729262478194846,12
exact,clean_correct,lift,33,lower_body,0.4653314096814409,12
exact,clean_correct,lift,33,torso,0.35965292214109346,12
exact,clean_correct,lift,33,upper_body,0.06953910174135404,12
exact,clean_correct,lift,34,arms,-0.9908313347773106,19
exact,clean_correct,lift,34,hands,-0.3634858401887776,19
exact,clean_correct,lift,34,head,0.39999347963610676,19
exact,clean_correct,lift,34,legs,2.4064278596778803,19
exact,clean_correct,lift,34,lower_body,1.9367079883724176,19
exact,clean_correct,lift,34,torso,-0.2137638453956182,19
exact,clean_correct,lift,34,upper_body,-0.8766836593783652,19
exact,clean_correct,lift,35,arms,-1.1570301657245783,20
exact,clean_correct,lift,35,hands,-0.4824596161337909,20
exact,clean_correct,lift,35,head,2.179117776979195,20
exact,clean_correct,lift,35,legs,0.46355034589764693,20
exact,clean_correct,lift,35,lower_body,0.8440619820988087,20
exact,clean_correct,lift,35,torso,1.3685833519016397,20
exact,clean_correct,lift,35,upper_body,0.7451716173819546,20
exact,clean_correct,lift,36,arms,-0.2738320962889914,18
exact,clean_correct,lift,36,hands,-1.251324492276292,18
exact,clean_correct,lift,36,head,-2.569829945960089,18
exact,clean_correct,lift,36,legs,0.0014455434560065898,18
exact,clean_correct,lift,36,lower_body,-0.0008352470005664938,18
exact,clean_correct,lift,36,torso,1.3082807199115338,18
exact,clean_correct,lift,36,upper_body,-0.4230463862965118,18
exact,clean_correct,lift,37,arms,0.6462690438170752,18
exact,clean_correct,lift,37,hands,1.6718916099483883,18
exact,clean_correct,lift,37,head,0.49754868419892456,18
exact,clean_correct,lift,37,legs,0.4207625750305602,18
exact,clean_correct,lift,37,lower_body,0.3337408718764536,18
exact,clean_correct,lift,37,torso,-0.4346423461066535,18
exact,clean_correct,lift,37,upper_body,0.9593034009069193,18
exact,clean_correct,lift,38,arms,3.322257831172083,18
exact,clean_correct,lift,38,hands,3.6238876957183184,18
exact,clean_correct,lift,38,head,0.3483395420070403,18
exact,clean_correct,lift,38,legs,-0.9845259953405588,18
exact,clean_correct,lift,38,lower_body,-0.9048268834292026,18
exact,clean_correct,lift,38,torso,3.251599373660559,18
exact,clean_correct,lift,38,upper_body,2.350416607200381,18
exact,clean_correct,lift,39,arms,1.5514489727829348,19
exact,clean_correct,lift,39,hands,1.1514582972830736,19
exact,clean_correct,lift,39,head,-0.3186323378315434,19
exact,clean_correct,lift,39,legs,0.5184527056807361,19
exact,clean_correct,lift,39,lower_body,0.11125241721702847,19
exact,clean_correct,lift,39,torso,1.7916009494662246,19
exact,clean_correct,lift,39,upper_body,0.8285850983757564,19
exact,clean_correct,lift,40,arms,0.1684655399153402,15
exact,clean_correct,lift,40,hands,0.24750043028567797,15
exact,clean_correct,lift,40,head,1.0540903168536175,15
exact,clean_correct,lift,40,legs,-0.37973308012909307,15
exact,clean_correct,lift,40,lower_body,-0.6385204362147532,15
exact,clean_correct,lift,40,torso,0.8523788894696461,15
exact,clean_correct,lift,40,upper_body,0.24194851237523873,15
exact,clean_correct,lift,41,arms,-1.6144145977350213,19
exact,clean_correct,lift,41,hands,-0.8772779565217466,19
exact,clean_correct,lift,41,head,-0.5352401983399948,19
exact,clean_correct,lift,41,legs,-0.685751622799584,19
exact,clean_correct,lift,41,lower_body,-0.7666207521607828,19
exact,clean_correct,lift,41,torso,-1.4111666279995185,19
exact,clean_correct,lift,41,upper_body,-1.8698161574838734,19
exact,clean_correct,lift,42,arms,-0.48871695754825906,20
exact,clean_correct,lift,42,hands,-0.39988558476869074,20
exact,clean_correct,lift,42,head,-0.23752619271203226,20
exact,clean_correct,lift,42,legs,0.5001586997873536,20
exact,clean_correct,lift,42,lower_body,0.04023325348210669,20
exact,clean_correct,lift,42,torso,-0.23027878870487717,20
exact,clean_correct,lift,42,upper_body,-0.44564869281658503,20
exact,clean_correct,lift,43,arms,0.7892203944120315,19
exact,clean_correct,lift,43,hands,2.303762031781557,19
exact,clean_correct,lift,43,head,-0.9662292170396476,19
exact,clean_correct,lift,43,legs,-0.9001604616150807,19
exact,clean_correct,lift,43,lower_body,-1.0104358901641846,19
exact,clean_correct,lift,43,torso,-0.0754574247903094,19
exact,clean_correct,lift,43,upper_body,0.6346969497179705,19
exact,clean_correct,lift,44,arms,0.7497583742088523,19
exact,clean_correct,lift,44,hands,-0.22221199697928584,19
exact,clean_correct,lift,44,head,-0.5048091595474836,19
exact,clean_correct,lift,44,legs,0.9885026864249026,19
exact,clean_correct,lift,44,lower_body,0.6768020597041479,19
exact,clean_correct,lift,44,torso,1.1461704119861642,19
exact,clean_correct,lift,44,upper_body,0.4508986029091833,19
exact,clean_correct,lift,45,arms,-0.6711399490329337,18
exact,clean_correct,lift,45,hands,-0.9293186305293621,18
exact,clean_correct,lift,45,head,-0.7367060427839075,18
exact,clean_correct,lift,45,legs,-0.5000597989166506,18
exact,clean_correct,lift,45,lower_body,-0.15530285497359164,18
exact,clean_correct,lift,45,torso,0.47756739251314423,18
exact,clean_correct,lift,45,upper_body,0.23121417891664434,18
exact,clean_correct,lift,46,arms,1.284353651040083,19
exact,clean_correct,lift,46,hands,1.0654963785880642,19
exact,clean_correct,lift,46,head,3.4345727376337516,19
exact,clean_correct,lift,46,legs,0.035689563519754476,19
exact,clean_correct,lift,46,lower_body,0.1950393700088005,19
exact,clean_correct,lift,46,torso,-0.6476445960918,19
exact,clean_correct,lift,46,upper_body,0.7498395802990473,19
exact,clean_correct,lift,47,arms,-0.49418798270193987,19
exact,clean_correct,lift,47,hands,-0.42780204295133195,19
exact,clean_correct,lift,47,head,-0.7733602981597058,19
exact,clean_correct,lift,47,legs,-1.2489082821882498,19
exact,clean_correct,lift,47,lower_body,-1.5480820502358053,19
exact,clean_correct,lift,47,torso,0.9447301770204347,19
exact,clean_correct,lift,47,upper_body,-0.3862410608357238,19
exact,clean_correct,lift,48,arms,-1.1397258274293944,17
exact,clean_correct,lift,48,hands,-1.1409927327928309,17
exact,clean_correct,lift,48,head,-0.3081720378713592,17
exact,clean_correct,lift,48,legs,-0.23747971580828942,17
exact,clean_correct,lift,48,lower_body,0.012281369934397133,17
exact,clean_correct,lift,48,torso,0.20538515743200672,17
exact,clean_correct,lift,48,upper_body,-0.6983242225947663,17
exact,clean_correct,lift,49,arms,-0.5144491919982417,17
exact,clean_correct,lift,49,hands,-0.629080976344055,17
exact,clean_correct,lift,49,head,-0.5501397544842219,17
exact,clean_correct,lift,49,legs,-0.5724135028628542,17
exact,clean_correct,lift,49,lower_body,-0.8456692437910944,17
exact,clean_correct,lift,49,torso,-0.6000261609075149,17
exact,clean_correct,lift,49,upper_body,-0.4483898284620581,17
exact,clean_correct,lift,50,arms,-0.8472569706901274,20
exact,clean_correct,lift,50,hands,-0.7899241440212456,20
exact,clean_correct,lift,50,head,-0.4058948304536757,20
exact,clean_correct,lift,50,legs,-0.437278334962619,20
exact,clean_correct,lift,50,lower_body,-0.37157320553724305,20
exact,clean_correct,lift,50,torso,-0.46659133420603477,20
exact,clean_correct,lift,50,upper_body,-0.9852648025619822,20
exact,clean_correct,lift,51,arms,-0.49524570431263903,19
exact,clean_correct,lift,51,hands,-0.7149696564127614,19
exact,clean_correct,lift,51,head,-0.02708762913543385,19
exact,clean_correct,lift,51,legs,-0.8446971166610211,19
exact,clean_correct,lift,51,lower_body,-1.0238935234461082,19
exact,clean_correct,lift,51,torso,-0.625073619916626,19
exact,clean_correct,lift,51,upper_body,-0.8496342288380277,19
exact,clean_correct,lift,52,arms,-1.457943575384179,19
exact,clean_correct,lift,52,hands,-0.45056994355725594,19
exact,clean_correct,lift,52,head,-1.2633950571414432,19
exact,clean_correct,lift,52,legs,-1.023240088519233,19
exact,clean_correct,lift,52,lower_body,-1.031216011821974,19
exact,clean_correct,lift,52,torso,-1.4514165521163753,19
exact,clean_correct,lift,52,upper_body,-1.9195559492567476,19
exact,clean_correct,lift,53,arms,0.1659706513599936,16
exact,clean_correct,lift,53,hands,-0.11003432671058429,16
exact,clean_correct,lift,53,head,0.6435486227673587,16
exact,clean_correct,lift,53,legs,-0.22384414597226696,16
exact,clean_correct,lift,53,lower_body,-0.45728660168929475,16
exact,clean_correct,lift,53,torso,-0.13445301600915768,16
exact,clean_correct,lift,53,upper_body,0.305006889228343,16
exact,clean_correct,lift,54,arms,-0.11465020583705432,20
exact,clean_correct,lift,54,hands,-0.6891456907393588,20
exact,clean_correct,lift,54,head,-0.4722603615062406,20
exact,clean_correct,lift,54,legs,-0.8045616367724269,20
exact,clean_correct,lift,54,lower_body,-0.8446686438999907,20
exact,clean_correct,lift,54,torso,0.43547450229279344,20
exact,clean_correct,lift,54,upper_body,0.15780978673272425,20
exact,clean_correct,lift,55,arms,-0.4718386089846218,18
exact,clean_correct,lift,55,hands,-1.4326567708291322,18
exact,clean_correct,lift,55,head,-0.6948550229201534,18
exact,clean_correct,lift,55,legs,-0.8155711143828759,18
exact,clean_correct,lift,55,lower_body,-0.9457280395114374,18
exact,clean_correct,lift,55,torso,-1.0846685943761463,18
exact,clean_correct,lift,55,upper_body,-0.6755015944794155,18
exact,clean_correct,lift,56,arms,-0.8784339333349711,19
exact,clean_correct,lift,56,hands,-0.39196338687319804,19
exact,clean_correct,lift,56,head,-0.5568174845527196,19
exact,clean_correct,lift,56,legs,-0.8554535501728318,19
exact,clean_correct,lift,56,lower_body,-0.8022363547080535,19
exact,clean_correct,lift,56,torso,-0.9884982252222383,19
exact,clean_correct,lift,56,upper_body,-1.2758311908712208,19
exact,clean_correct,lift,57,arms,0.40372664595676033,18
exact,clean_correct,lift,57,hands,-0.10641373869520229,18
exact,clean_correct,lift,57,head,-0.40675608140460406,18
exact,clean_correct,lift,57,legs,-0.3625920278863387,18
exact,clean_correct,lift,57,lower_body,-0.5505570259685049,18
exact,clean_correct,lift,57,torso,-1.0881252604976264,18
exact,clean_correct,lift,57,upper_body,-0.6573829603870299,18
exact,clean_correct,lift,58,arms,-1.1415518248857826,20
exact,clean_correct,lift,58,hands,-0.6807979776883263,20
exact,clean_correct,lift,58,head,-0.8424245622054428,20
exact,clean_correct,lift,58,legs,-0.6023750188847485,20
exact,clean_correct,lift,58,lower_body,-0.3096824468758625,20
exact,clean_correct,lift,58,torso,-1.024021454729981,20
exact,clean_correct,lift,58,upper_body,-1.097420134501626,20
exact,clean_correct,lift,59,arms,-1.3815021269193057,20
exact,clean_correct,lift,59,hands,-0.8943887740447273,20
exact,clean_correct,lift,59,head,0.02779144044793604,20
exact,clean_correct,lift,59,legs,-1.283402521807369,20
exact,clean_correct,lift,59,lower_body,-1.2818010361895407,20
exact,clean_correct,lift,59,torso,-0.8505438327400903,20
exact,clean_correct,lift,59,upper_body,-1.500828620863517,20
exact,clean_correct,raw,0,arms,1.280814295548659,13
exact,clean_correct,raw,0,hands,0.10110151584331807,13
exact,clean_correct,raw,0,head,0.16408258584829477,13
exact,clean_correct,raw,0,legs,0.5097995868095985,13
exact,clean_correct,raw,0,lower_body,0.993465203505296,13
exact,clean_correct,raw,0,torso,1.5610056436978854,13
exact,clean_correct,raw,0,upper_body,4.188414001464844,13
exact,clean_correct,raw,1,arms,1.9118438283602395,12
exact,clean_correct,raw,1,hands,0.37576053937276205,12
exact,clean_correct,raw,1,head,0.31372563044230145,12
exact,clean_correct,raw,1,legs,0.057535719871520986,12
exact,clean_correct,raw,1,lower_body,0.4836388826370239,12
exact,clean_correct,raw,1,torso,2.095433243115743,12
exact,clean_correct,raw,1,upper_body,3.641819618145625,12
exact,clean_correct,raw,2,arms,1.4604709557124547,14
exact,clean_correct,raw,2,hands,0.520778226852417,14
exact,clean_correct,raw,2,head,0.15032367706298827,14
exact,clean_correct,raw,2,legs,0.043109505517142176,14
exact,clean_correct,raw,2,lower_body,0.1526265621185303,14
exact,clean_correct,raw,2,torso,0.7100011825561524,14
exact,clean_correct,raw,2,upper_body,3.8382076518876214,14
exact,clean_correct,raw,3,arms,0.9452512992055793,19
exact,clean_correct,raw,3,hands,0.1920280607123124,19
exact,clean_correct,raw,3,head,0.08662198719225432,19
exact,clean_correct,raw,3,legs,-0.14219757381238435,19
exact,clean_correct,raw,3,lower_body,0.01852096256456879,19
exact,clean_correct,raw,3,torso,0.4643210360878392,19
exact,clean_correct,raw,3,upper_body,2.251350821946797,19
exact,clean_correct,raw,4,arms,1.2440476152631972,18
exact,clean_correct,raw,4,hands,0.16634326775868732,18
exact,clean_correct,raw,4,head,0.2401305834452311,18
exact,clean_correct,raw,4,legs,1.1739543146557279,18
exact,clean_correct,raw,4,lower_body,2.4010695325003732,18
exact,clean_correct,raw,4,torso,0.8550572845670912,18
exact,clean_correct,raw,4,upper_body,4.275530767440795,18
exact,clean_correct,raw,5,arms,0.6579416680335999,20
exact,clean_correct,raw,5,hands,0.07876836776733398,20
exact,clean_correct,raw,5,head,0.017678356170654295,20
exact,clean_correct,raw,5,legs,0.6216459655761719,20
exact,clean_correct,raw,5,lower_body,1.1460973930358886,20
exact,clean_correct,raw,5,torso,0.8067662811279297,20
exact,clean_correct,raw,5,upper_body,1.9580429124832155,20
exact,clean_correct,raw,6,arms,0.9251543973621569,19
exact,clean_correct,raw,6,hands,0.19149987070184005,19
exact,clean_correct,raw,6,head,0.02996144043771844,19
exact,clean_correct,raw,6,legs,0.085665552239669,19
exact,clean_correct,raw,6,lower_body,0.2577266291568154,19
exact,clean_correct,raw,6,torso,0.45818162215383434,19
exact,clean_correct,raw,6,upper_body,2.9130327450601676,19
exact,clean_correct,raw,7,arms,1.2617264973489863,19
exact,clean_correct,raw,7,hands,0.15050705357601768,19
exact,clean_correct,raw,7,head,0.004303139134457237,19
exact,clean_correct,raw,7,legs,1.380347026021857,19
exact,clean_correct,raw,7,lower_body,2.302776803468403,19
exact,clean_correct,raw,7,torso,2.0221731487073398,19
exact,clean_correct,raw,7,upper_body,4.039285948402004,19
exact,clean_correct,raw,8,arms,0.8740625405311585,20
exact,clean_correct,raw,8,hands,0.13902702808380127,20
exact,clean_correct,raw,8,head,0.006151347160339354,20
exact,clean_correct,raw,8,legs,0.9680807757377625,20
exact,clean_correct,raw,8,lower_body,1.887964196205139,20
exact,clean_correct,raw,8,torso,1.5360257244110107,20
exact,clean_correct,raw,8,upper_body,3.386981041431427,20
exact,clean_correct,raw,9,arms,0.7427918419241906,16
exact,clean_correct,raw,9,hands,-0.10003507137298584,16
exact,clean_correct,raw,9,head,0.15665262937545776,16
exact,clean_correct,raw,9,legs,-0.1898270070552826,16
exact,clean_correct,raw,9,lower_body,-0.07480538487434388,16
exact,clean_correct,raw,9,torso,1.1701279565691949,16
exact,clean_correct,raw,9,upper_body,0.9761061728000641,16
exact,clean_correct,raw,10,arms,0.5758090198040008,16
exact,clean_correct,raw,10,hands,-0.1350541591644287,16
exact,clean_correct,raw,10,head,0.13292882442474366,16
exact,clean_correct,raw,10,legs,0.13270761966705324,16
exact,clean_correct,raw,10,lower_body,0.26822987794876096,16
exact,clean_correct,raw,10,torso,1.0455496311187744,16
exact,clean_correct,raw,10,upper_body,1.7773325830698012,16
exact,clean_correct,raw,11,arms,1.1623244945819562,13
exact,clean_correct,raw,11,hands,0.31094773365901063,13
exact,clean_correct,raw,11,head,-0.007629643953763519,13
exact,clean_correct,raw,11,legs,0.5299349968249981,13
exact,clean_correct,raw,11,lower_body,0.9008943190941445,13
exact,clean_correct,raw,11,torso,0.7815001432712261,13
exact,clean_correct,raw,11,upper_body,1.8770320525536168,13
exact,clean_correct,raw,12,arms,1.3923376685694644,19
exact,clean_correct,raw,12,hands,0.14674836710879677,19
exact,clean_correct,raw,12,head,0.06947925969174033,19
exact,clean_correct,raw,12,legs,0.49873509156076534,19
exact,clean_correct,raw,12,lower_body,1.0013119446603875,19
exact,clean_correct,raw,12,torso,1.370187553606535,19
exact,clean_correct,raw,12,upper_body,4.188480944382516,19
exact,clean_correct,raw,13,arms,0.5155450963974,20
exact,clean_correct,raw,13,hands,0.065036883354187,20
exact,clean_correct,raw,13,head,0.09152290344238281,20
exact,clean_correct,raw,13,legs,0.22427318572998045,20
exact,clean_correct,raw,13,lower_body,0.5237378311157227,20
exact,clean_correct,raw,13,torso,0.60739577293396,20
exact,clean_correct,raw,13,upper_body,2.7504143953323363,20
exact,clean_correct,raw,14,arms,1.081892981529236,20
exact,clean_correct,raw,14,hands,0.09338898181915282,20
exact,clean_correct,raw,14,head,0.07021759986877442,20
exact,clean_correct,raw,14,legs,0.9507662534713746,20
exact,clean_correct,raw,14,lower_body,1.822380428314209,20
exact,clean_correct,raw,14,torso,1.3580947160720824,20
exact,clean_correct,raw,14,upper_body,3.576009838581085,20
exact,clean_correct,raw,15,arms,0.09660770734151206,15
exact,clean_correct,raw,15,hands,0.04282814025878907,15
exact,clean_correct,raw,15,head,0.06724947611490886,15
exact,clean_correct,raw,15,legs,0.35397121747334803,15
exact,clean_correct,raw,15,lower_body,0.8595430978139241,15
exact,clean_correct,raw,15,torso,0.25325956344604494,15
exact,clean_correct,raw,15,upper_body,0.8346518580118815,15
exact,clean_correct,raw,16,arms,0.5411351150936551,18
exact,clean_correct,raw,16,hands,0.13548752466837566,18
exact,clean_correct,raw,16,head,0.06702867613898383,18
exact,clean_correct,raw,16,legs,1.0774368007977804,18
exact,clean_correct,raw,16,lower_body,2.3066427601708304,18
exact,clean_correct,raw,16,torso,0.8295002354515923,18
exact,clean_correct,raw,16,upper_body,1.9832281563017107,18
exact,clean_correct,raw,17,arms,1.7783641564218622,19
exact,clean_correct,raw,17,hands,0.4719423494840923,19
exact,clean_correct,raw,17,head,0.09844686608565481,19
exact,clean_correct,raw,17,legs,0.10935876996893631,19
exact,clean_correct,raw,17,lower_body,0.3652016790289628,19
exact,clean_correct,raw,17,torso,1.520934800097817,19
exact,clean_correct,raw,17,upper_body,4.1568824040262315,19
exact,clean_correct,raw,18,arms,1.870279766383924,19
exact,clean_correct,raw,18,hands,0.4846454369394403,19
exact,clean_correct,raw,18,head,0.09939916008397152,19
exact,clean_correct,raw,18,legs,0.3866220750306782,19
exact,clean_correct,raw,18,lower_body,0.9517152183934262,19
exact,clean_correct,raw,18,torso,1.5519028462861713,19
exact,clean_correct,raw,18,upper_body,3.8214163353568633,19
exact,clean_correct,raw,19,arms,1.1601198720932007,20
exact,clean_correct,raw,19,hands,0.2116021680831909,20
exact,clean_correct,raw,19,head,0.0788703155517578,20
exact,clean_correct,raw,19,legs,0.7551376628875732,20
exact,clean_correct,raw,19,lower_body,1.3088811874389648,20
exact,clean_correct,raw,19,torso,0.9045477151870728,20
exact,clean_correct,raw,19,upper_body,2.9900500607490543,20
exact,clean_correct,raw,20,arms,1.268052570819855,20
exact,clean_correct,raw,20,hands,0.18895555973052977,20
exact,clean_correct,raw,20,head,0.06566279411315919,20
exact,clean_correct,raw,20,legs,0.7326997947692871,20
exact,clean_correct,raw,20,lower_body,1.3731582927703858,20
exact,clean_correct,raw,20,torso,1.0711135625839234,20
exact,clean_correct,raw,20,upper_body,4.889203692674637,20
exact,clean_correct,raw,21,arms,0.9469572517606947,18
exact,clean_correct,raw,21,hands,0.12587686114841037,18
exact,clean_correct,raw,21,head,-0.018467171986897787,18
exact,clean_correct,raw,21,legs,-0.09018524752722845,18
exact,clean_correct,raw,21,lower_body,0.001391098234388556,18
exact,clean_correct,raw,21,torso,0.6597548007965088,18
exact,clean_correct,raw,21,upper_body,3.630360868242052,18
exact,clean_correct,raw,22,arms,2.0041190134154423,18
exact,clean_correct,raw,22,hands,0.4946763859854804,18
exact,clean_correct,raw,22,head,0.04900665283203125,18
exact,clean_correct,raw,22,legs,0.38522187338935004,18
exact,clean_correct,raw,22,lower_body,0.812760713365343,18
exact,clean_correct,raw,22,torso,0.5321099546220567,18
exact,clean_correct,raw,22,upper_body,4.115798489252726,18
exact,clean_correct,raw,23,arms,0.3332396626472473,20
exact,clean_correct,raw,23,hands,0.039622468948364256,20
exact,clean_correct,raw,23,head,0.05113475322723389,20
exact,clean_correct,raw,23,legs,0.5165718197822571,20
exact,clean_correct,raw,23,lower_body,1.4512623977661132,20
exact,clean_correct,raw,23,torso,0.217031307220459,20
exact,clean_correct,raw,23,upper_body,1.8727711367607118,20
exact,clean_correct,raw,24,arms,0.6962642908096314,14
exact,clean_correct,raw,24,hands,0.07878191471099853,14
exact,clean_correct,raw,24,head,-0.0020651612962995225,14
exact,clean_correct,raw,24,legs,0.3431576251983643,14
exact,clean_correct,raw,24,lower_body,0.9953760828290666,14
exact,clean_correct,raw,24,torso,1.4348722934722902,14
exact,clean_correct,raw,24,upper_body,2.7687491604260037,14
exact,clean_correct,raw,25,arms,0.2771100123723348,18
exact,clean_correct,raw,25,hands,0.060804398854573574,18
exact,clean_correct,raw,25,head,-0.010250578986273871,18
exact,clean_correct,raw,25,legs,0.8524651288986207,18
exact,clean_correct,raw,25,lower_body,1.7085169050428604,18
exact,clean_correct,raw,25,torso,0.6070122506883409,18
exact,clean_correct,raw,25,upper_body,2.1890220801035563,18
exact,clean_correct,raw,26,arms,0.32630191326141356,20
exact,clean_correct,raw,26,hands,-0.000939817428588869,20
exact,clean_correct,raw,26,head,0.1391649913787842,20
exact,clean_correct,raw,26,legs,0.46542824745178224,20
exact,clean_correct,raw,26,lower_body,0.9135563421249391,20
exact,clean_correct,raw,26,torso,0.8828307867050171,20
exact,clean_correct,raw,26,upper_body,2.5331502056121824,20
exact,clean_correct,raw,27,arms,2.5040268596849944,19
exact,clean_correct,raw,27,hands,0.5899031965356124,19
exact,clean_correct,raw,27,head,0.04603166580200194,19
exact,clean_correct,raw,27,legs,0.5917254222066779,19
exact,clean_correct,raw,27,lower_body,1.2402533029255114,19
exact,clean_correct,raw,27,torso,2.2340472472341437,19
exact,clean_correct,raw,27,upper_body,5.4219723525800205,19
exact,clean_correct,raw,28,arms,2.0955725264549256,10
exact,clean_correct,raw,28,hands,0.4629973459243774,10
exact,clean_correct,raw,28,head,0.09739625930786132,10
exact,clean_correct,raw,28,legs,-0.1640011787414551,10
exact,clean_correct,raw,28,lower_body,-0.023993120193481456,10
exact,clean_correct,raw,28,torso,0.9729143524169922,10
exact,clean_correct,raw,28,upper_body,3.172510919570923,10
exact,clean_correct,raw,29,arms,1.2944162983643381,19
exact,clean_correct,raw,29,hands,0.5608706173143889,19
exact,clean_correct,raw,29,head,-0.10463125329268606,19
exact,clean_correct,raw,29,legs,0.684640632177654,19
exact,clean_correct,raw,29,lower_body,1.4600838360033537,19
exact,clean_correct,raw,29,torso,0.6735598012020713,19
exact,clean_correct,raw,29,upper_body,2.107914600874248,19
exact,clean_correct,raw,30,arms,1.0859640309685155,19
exact,clean_correct,raw,30,hands,0.37424492835998535,19
exact,clean_correct,raw,30,head,0.06721269707930716,19
exact,clean_correct,raw,30,legs,0.0623163474233527,19
exact,clean_correct,raw,30,lower_body,0.2649683851944773,19
exact,clean_correct,raw,30,torso,0.18929378609908254,19
exact,clean_correct,raw,30,upper_body,2.8809636266607987,19
exact,clean_correct,raw,31,arms,1.4510045929958946,19
exact,clean_correct,raw,31,hands,0.18933491455881218,19
exact,clean_correct,raw,31,head,0.07691934987118369,19
exact,clean_correct,raw,31,legs,0.2842605289660002,19
exact,clean_correct,raw,31,lower_body,0.6138845544112356,19
exact,clean_correct,raw,31,torso,0.9726678296139365,19
exact,clean_correct,raw,31,upper_body,4.349739455549341,19
exact,clean_correct,raw,32,arms,2.0251721382141112,17
exact,clean_correct,raw,32,hands,0.45957485928254965,17
exact,clean_correct,raw,32,head,0.08296006146599265,17
exact,clean_correct,raw,32,legs,0.5223360426285688,17
exact,clean_correct,raw,32,lower_body,1.313078218347886,17
exact,clean_correct,raw,32,torso,2.39315538967357,17
exact,clean_correct,raw,32,upper_body,5.695803587576923,17
exact,clean_correct,raw,33,arms,2.2082555532455443,12
exact,clean_correct,raw,33,hands,0.5216382463773092,12
exact,clean_correct,raw,33,head,0.10347698529561361,12
exact,clean_correct,raw,33,legs,0.5451534152030945,12
exact,clean_correct,raw,33,lower_body,1.0936970313390095,12
exact,clean_correct,raw,33,torso,1.2894752383232118,12
exact,clean_correct,raw,33,upper_body,3.037467137972514,12
exact,clean_correct,raw,34,arms,0.41515154838562013,19
exact,clean_correct,raw,34,hands,0.12617754183317487,19
exact,clean_correct,raw,34,head,0.10056359642430356,19
exact,clean_correct,raw,34,legs,1.2330287406319067,19
exact,clean_correct,raw,34,lower_body,2.0220583263196446,19
exact,clean_correct,raw,34,torso,0.9363745338038394,19
exact,clean_correct,raw,34,upper_body,1.9234218773088958,19
exact,clean_correct,raw,35,arms,0.3041229701042175,20
exact,clean_correct,raw,35,hands,0.09892698049545287,20
exact,clean_correct,raw,35,head,0.2495188760757446,20
exact,clean_correct,raw,35,legs,0.5366434741020203,20
exact,clean_correct,raw,35,lower_body,1.3326561188697814,20
exact,clean_correct,raw,35,torso,1.9107581615447997,20
exact,clean_correct,raw,35,upper_body,3.832930144071579,20
exact,clean_correct,raw,36,arms,0.8941405137379965,18
exact,clean_correct,raw,36,hands,-0.07717905044555663,18
exact,clean_correct,raw,36,head,-0.14808169470893012,18
exact,clean_correct,raw,36,legs,0.37101132604810927,18
exact,clean_correct,raw,36,lower_body,0.799570369720459,18
exact,clean_correct,raw,36,torso,1.873624783092075,18
exact,clean_correct,raw,36,upper_body,2.4575164635976154,18
exact,clean_correct,raw,37,arms,1.5088110314475167,18
exact,clean_correct,raw,37,hands,0.5923742108874851,18
exact,clean_correct,raw,37,head,0.10873130162556967,18
exact,clean_correct,raw,37,legs,0.5213070604536268,18
exact,clean_correct,raw,37,lower_body,1.0106703175438776,18
exact,clean_correct,raw,37,torso,0.8003611511654324,18
exact,clean_correct,raw,37,upper_body,4.085040438175202,18
exact,clean_correct,raw,38,arms,3.2964964734183417,18
exact,clean_correct,raw,38,hands,1.0394726461834378,18
exact,clean_correct,raw,38,head,0.09623892572191027,18
exact,clean_correct,raw,38,legs,0.017609710163540314,18
exact,clean_correct,raw,38,lower_body,0.22919915517171224,18
exact,clean_correct,raw,38,torso,3.070288753509521,18
exact,clean_correct,raw,38,upper_body,5.722882115840912,18
exact,clean_correct,raw,39,arms,2.1135134834992257,19
exact,clean_correct,raw,39,hands,0.4731706318102385,19
exact,clean_correct,raw,39,head,0.04039741817273592,19
exact,clean_correct,raw,39,legs,0.5563221178556743,19
exact,clean_correct,raw,39,lower_body,0.870291795228657,19
exact,clean_correct,raw,39,torso,2.171245507190102,19
exact,clean_correct,raw,39,upper_body,3.9311378780164214,19
exact,clean_correct,raw,40,arms,1.1896159839630127,15
exact,clean_correct,raw,40,hands,0.2661219851175944,15
exact,clean_correct,raw,40,head,0.15532715479532877,15
exact,clean_correct,raw,40,legs,0.23438553492228195,15
exact,clean_correct,raw,40,lower_body,0.3972245279947917,15
exact,clean_correct,raw,40,torso,1.5928878625233969,15
exact,clean_correct,raw,40,upper_body,3.240455160140991,15
exact,clean_correct,raw,41,arms,-0.0014311840659693702,19
exact,clean_correct,raw,41,hands,0.008495107449983297,19
exact,clean_correct,raw,41,head,0.022262156637091385,19
exact,clean_correct,raw,41,legs,0.12469935919109142,19
exact,clean_correct,raw,41,lower_body,0.31639996076885024,19
exact,clean_correct,raw,41,torso,0.1990334059062757,19
exact,clean_correct,raw,41,upper_body,0.754146947358784,19
exact,clean_correct,raw,42,arms,0.7505873942375183,20
exact,clean_correct,raw,42,hands,0.11784029722213744,20
exact,clean_correct,raw,42,head,0.04718794345855713,20
exact,clean_correct,raw,42,legs,0.5497650003433228,20
exact,clean_correct,raw,42,lower_body,0.8254824352264404,20
exact,clean_correct,raw,42,torso,0.9262049007415772,20
exact,clean_correct,raw,42,upper_body,2.4309054017066956,20
exact,clean_correct,raw,43,arms,1.6043092075147127,19
exact,clean_correct,raw,43,hands,0.7371021019785028,19
exact,clean_correct,raw,43,head,-0.013821938163355777,19
exact,clean_correct,raw,43,legs,0.047848834489521236,19
exact,clean_correct,raw,43,lower_body,0.16256542205810545,19
exact,clean_correct,raw,43,torso,1.0215413746080901,19
exact,clean_correct,raw,43,upper_body,3.7028616390730207,19
exact,clean_correct,raw,44,arms,1.5779467356832404,19
exact,clean_correct,raw,44,hands,0.15853586196899414,19
exact,clean_correct,raw,44,head,0.024809962824771277,19
exact,clean_correct,raw,44,legs,0.7248020548569528,19
exact,clean_correct,raw,44,lower_body,1.2271238979540373,19
exact,clean_correct,raw,44,torso,1.7737998962402344,19
exact,clean_correct,raw,44,upper_body,3.486464733826487,19
exact,clean_correct,raw,45,arms,0.6287203192710876,18
exact,clean_correct,raw,45,hands,-0.0034246418211195157,18
exact,clean_correct,raw,45,head,0.005394644207424589,18
exact,clean_correct,raw,45,legs,0.191256848971049,18
exact,clean_correct,raw,45,lower_body,0.7021094269222684,18
exact,clean_correct,raw,45,torso,1.3620850483576457,18
exact,clean_correct,raw,45,upper_body,3.22781698041492,18
exact,clean_correct,raw,46,arms,1.9350813388824462,19
exact,clean_correct,raw,46,hands,0.4534813303696482,19
exact,clean_correct,raw,46,head,0.35463050039190996,19
exact,clean_correct,raw,46,legs,0.3832854045064826,19
exact,clean_correct,raw,46,lower_body,0.9231569591321442,19
exact,clean_correct,raw,46,torso,0.6691978354203073,19
exact,clean_correct,raw,46,upper_body,3.8384260190160653,19
exact,clean_correct,raw,47,arms,0.746932494012933,19
exact,clean_correct,raw,47,hands,0.11144612211930124,19
exact,clean_correct,raw,47,head,0.0023258058648360468,19
exact,clean_correct,raw,47,legs,-0.07715278926648592,19
exact,clean_correct,raw,47,lower_body,-0.17666104969225432,19
exact,clean_correct,raw,47,torso,1.6497562809994346,19
exact,clean_correct,raw,47,upper_body,2.5008495983324552,19
exact,clean_correct,raw,48,arms,0.31568307596094464,17
exact,clean_correct,raw,48,hands,-0.05190791522755342,17
exact,clean_correct,raw,48,head,0.04127319560331458,17
exact,clean_correct,raw,48,legs,0.2853733848122989,17
exact,clean_correct,raw,48,lower_body,0.8078462656806497,17
exact,clean_correct,raw,48,torso,1.1944796618293314,17
exact,clean_correct,raw,48,upper_body,2.133415224972893,17
exact,clean_correct,raw,49,arms,0.7333970602820901,17
exact,clean_correct,raw,49,hands,0.06534382876227884,17
exact,clean_correct,raw,49,head,0.02101470722871668,17
exact,clean_correct,raw,49,legs,0.16532312280991499,17
exact,clean_correct,raw,49,lower_body,0.2665245168349322,17
exact,clean_correct,raw,49,torso,0.6985204921049231,17
exact,clean_correct,raw,49,upper_body,2.427678096995634,17
exact,clean_correct,raw,50,arms,0.5110659265518189,20
exact,clean_correct,raw,50,hands,0.028503217697143556,20
exact,clean_correct,raw,50,head,0.033091459274291996,20
exact,clean_correct,raw,50,legs,0.21375959873199463,20
exact,clean_correct,raw,50,lower_body,0.5656542015075684,20
exact,clean_correct,raw,50,torso,0.780687484741211,20
exact,clean_correct,raw,50,upper_body,1.795582733154297,20
exact,clean_correct,raw,51,arms,0.7462258865958766,19
exact,clean_correct,raw,51,hands,0.04567130239386308,19
exact,clean_correct,raw,51,head,0.06480668720446135,19
exact,clean_correct,raw,51,legs,0.06772855206539756,19
exact,clean_correct,raw,51,lower_body,0.15407436270462838,19
exact,clean_correct,raw,51,torso,0.6830966748689351,19
exact,clean_correct,raw,51,upper_body,1.955268807160227,19
exact,clean_correct,raw,52,arms,0.10309876391762181,19
exact,clean_correct,raw,52,hands,0.10623120759662828,19
exact,clean_correct,raw,52,head,-0.038701830412212174,19
exact,clean_correct,raw,52,legs,0.0037334241365131558,19
exact,clean_correct,raw,52,lower_body,0.1494542573627673,19
exact,clean_correct,raw,52,torso,0.17424815830431487,19
exact,clean_correct,raw,52,upper_body,0.6955852834801926,19
exact,clean_correct,raw,53,arms,1.1879492819309234,16
exact,clean_correct,raw,53,hands,0.18422979712486268,16
exact,clean_correct,raw,53,head,0.12095499038696289,16
exact,clean_correct,raw,53,legs,0.2902607798576355,16
exact,clean_correct,raw,53,lower_body,0.5115735530853271,16
exact,clean_correct,raw,53,torso,0.9852128505706786,16
exact,clean_correct,raw,53,upper_body,3.314697599411011,16
exact,clean_correct,raw,54,arms,1.000481448173523,20
exact,clean_correct,raw,54,hands,0.0515861988067627,20
exact,clean_correct,raw,54,head,0.027535076141357424,20
exact,clean_correct,raw,54,legs,0.08211430549621582,20
exact,clean_correct,raw,54,lower_body,0.26715584278106685,20
exact,clean_correct,raw,54,torso,1.3361649322509765,20
exact,clean_correct,raw,54,upper_body,3.141393551826477,20
exact,clean_correct,raw,55,arms,0.7618629190656874,18
exact,clean_correct,raw,55,hands,-0.11871262656317816,18
exact,clean_correct,raw,55,head,0.008898576100667318,18
exact,clean_correct,raw,55,legs,0.07816818025377062,18
exact,clean_correct,raw,55,lower_body,0.20339267518785265,18
exact,clean_correct,raw,55,torso,0.40008557637532555,18
exact,clean_correct,raw,55,upper_body,2.1602856847974987,18
exact,clean_correct,raw,56,arms,0.49023825996800474,19
exact,clean_correct,raw,56,hands,0.11965485121074475,19
exact,clean_correct,raw,56,head,0.02045562141820004,19
exact,clean_correct,raw,56,legs,0.06387312537745425,19
exact,clean_correct,raw,56,lower_body,0.29392838729055304,19
exact,clean_correct,raw,56,torso,0.4593057230899208,19
exact,clean_correct,raw,56,upper_body,1.45348135797601,19
exact,clean_correct,raw,57,arms,1.3467813862694635,18
exact,clean_correct,raw,57,hands,0.1850590811835395,18
exact,clean_correct,raw,57,head,0.03301935195922852,18
exact,clean_correct,raw,57,legs,0.24052939944797094,18
exact,clean_correct,raw,57,lower_body,0.4527248170640734,18
exact,clean_correct,raw,57,torso,0.39795701768663194,18
exact,clean_correct,raw,57,upper_body,2.18161784807841,18
exact,clean_correct,raw,58,arms,0.3144632244110107,20
exact,clean_correct,raw,58,hands,0.053498215675354,20
exact,clean_correct,raw,58,head,-0.0034565258026123037,20
exact,clean_correct,raw,58,legs,0.15458402156829834,20
exact,clean_correct,raw,58,lower_body,0.6047040176391602,20
exact,clean_correct,raw,58,torso,0.43743109703063965,20
exact,clean_correct,raw,58,upper_body,1.6635354804992677,20
exact,clean_correct,raw,59,arms,0.15416522026062013,20
exact,clean_correct,raw,59,hands,0.004575929641723632,20
exact,clean_correct,raw,59,head,0.06940137863159179,20
exact,clean_correct,raw,59,legs,-0.08951655387878418,20
exact,clean_correct,raw,59,lower_body,-0.008651723861694318,20
exact,clean_correct,raw,59,torso,0.5442557907104492,20
exact,clean_correct,raw,59,upper_body,1.1885782814025878,20
